[03:44:23] umvc3_shaderdump loaded
[03:44:23] IAT hook installed: Direct3DCreate9 was 00007FF87F8FC0C0
[03:44:23] Direct3DCreate9(32) -> 000000001AF921E0
[03:44:23]   hooked slot 16  CreateDevice         00007FF803767E80 in gameoverlayrenderer64.dll
[03:44:23] CreateDevice ok, device 000000001B1FAF20 - hooking its vtable
[03:44:23]   hooked slot 91  CreateVertexShader   00007FF87F8F7800 in d3d9.dll
[03:44:23]   hooked slot 106 CreatePixelShader    00007FF87F8C5C80 in d3d9.dll
[03:44:23]   hooked slot 92  SetVertexShader      00007FF87F90C2A0 in d3d9.dll
[03:44:23]   hooked slot 107 SetPixelShader       00007FF87F90B6B0 in d3d9.dll
[03:44:23] device hooked; shaders will be written to C:\Program Files (x86)\Steam\steamapps\common\ULTIMATE MARVEL VS. CAPCOM 3\shaderdump
[03:44:23] vertex shader #0      1040 bytes  crc 082B39ED  version 3_0  -> vs_0000_082B39ED.bin
[03:44:23] vertex shader #1      1448 bytes  crc 0D5C323C  version 3_0  -> vs_0001_0D5C323C.bin
[03:44:23] vertex shader #2      2292 bytes  crc 3E59220A  version 3_0  -> vs_0002_3E59220A.bin
[03:44:23] vertex shader #3      1048 bytes  crc ACD4EA2E  version 3_0  -> vs_0003_ACD4EA2E.bin
[03:44:23] vertex shader #4      1616 bytes  crc 93006E7F  version 3_0  -> vs_0004_93006E7F.bin
[03:44:23] vertex shader #5      1332 bytes  crc 87976895  version 3_0  -> vs_0005_87976895.bin
[03:44:23] vertex shader #6       864 bytes  crc 3AA6E99F  version 3_0  -> vs_0006_3AA6E99F.bin
[03:44:23] vertex shader #7      1604 bytes  crc 1E7C8C7F  version 3_0  -> vs_0007_1E7C8C7F.bin
[03:44:23] vertex shader #8      1216 bytes  crc C886D4D4  version 3_0  -> vs_0008_C886D4D4.bin
[03:44:23] vertex shader #9       864 bytes  crc 34DD6E0A  version 3_0  -> vs_0009_34DD6E0A.bin
[03:44:23] vertex shader #10     1732 bytes  crc C27AACE6  version 3_0  -> vs_0010_C27AACE6.bin
[03:44:23] vertex shader #11      628 bytes  crc 47F4ECCD  version 3_0  -> vs_0011_47F4ECCD.bin
[03:44:23] vertex shader #12     1696 bytes  crc F6CA9D78  version 3_0  -> vs_0012_F6CA9D78.bin
[03:44:23] vertex shader #13     1576 bytes  crc BF603DEE  version 3_0  -> vs_0013_BF603DEE.bin
[03:44:23] vertex shader #14     1684 bytes  crc 957D02BE  version 3_0  -> vs_0014_957D02BE.bin
[03:44:23] vertex shader #15     2136 bytes  crc B72A4B90  version 3_0  -> vs_0015_B72A4B90.bin
[03:44:23] vertex shader #16     1732 bytes  crc C70ADB7B  version 3_0  -> vs_0016_C70ADB7B.bin
[03:44:23] vertex shader #17     1180 bytes  crc D05A7118  version 3_0  -> vs_0017_D05A7118.bin
[03:44:23] vertex shader #18     1380 bytes  crc F4944A61  version 3_0  -> vs_0018_F4944A61.bin
[03:44:23] vertex shader #19     1916 bytes  crc 5C12A799  version 3_0  -> vs_0019_5C12A799.bin
[03:44:23] vertex shader #20     2316 bytes  crc 3A64DB8B  version 3_0  -> vs_0020_3A64DB8B.bin
[03:44:23] vertex shader #21     1472 bytes  crc 39B7A94D  version 3_0  -> vs_0021_39B7A94D.bin
[03:44:23] vertex shader #22     1192 bytes  crc 2AEAF7E2  version 3_0  -> vs_0022_2AEAF7E2.bin
[03:44:23] vertex shader #23     1108 bytes  crc C07EDBDD  version 3_0  -> vs_0023_C07EDBDD.bin
[03:44:23] vertex shader #24     1000 bytes  crc 98E0F4D4  version 3_0  -> vs_0024_98E0F4D4.bin
[03:44:23] vertex shader #25     1724 bytes  crc 40DD0299  version 3_0  -> vs_0025_40DD0299.bin
[03:44:23] vertex shader #26     1160 bytes  crc BA9455BA  version 3_0  -> vs_0026_BA9455BA.bin
[03:44:23] vertex shader #27      892 bytes  crc 9A646E5D  version 3_0  -> vs_0027_9A646E5D.bin
[03:44:23] vertex shader #28     1868 bytes  crc 03515CDD  version 3_0  -> vs_0028_03515CDD.bin
[03:44:23] vertex shader #29      280 bytes  crc 1287841D  version 3_0  -> vs_0029_1287841D.bin
[03:44:23] vertex shader #30     1232 bytes  crc D0292DAE  version 3_0  -> vs_0030_D0292DAE.bin
[03:44:23] vertex shader #31     1700 bytes  crc 90DBAC24  version 3_0  -> vs_0031_90DBAC24.bin
[03:44:23] vertex shader #32      960 bytes  crc 5B583C39  version 3_0  -> vs_0032_5B583C39.bin
[03:44:23] vertex shader #33     1332 bytes  crc 49A1088B  version 3_0  -> vs_0033_49A1088B.bin
[03:44:23] vertex shader #34     1140 bytes  crc 565DF672  version 3_0  -> vs_0034_565DF672.bin
[03:44:23] vertex shader #35     1412 bytes  crc 31316552  version 3_0  -> vs_0035_31316552.bin
[03:44:23] vertex shader #36     1268 bytes  crc 936BEBEA  version 3_0  -> vs_0036_936BEBEA.bin
[03:44:23] vertex shader #37     1084 bytes  crc 95C32D4E  version 3_0  -> vs_0037_95C32D4E.bin
[03:44:23] vertex shader #38     1472 bytes  crc EEF8D516  version 3_0  -> vs_0038_EEF8D516.bin
[03:44:23] vertex shader #39      320 bytes  crc 6D48CD46  version 3_0  -> vs_0039_6D48CD46.bin
[03:44:23] vertex shader #40     1176 bytes  crc 995632AB  version 3_0  -> vs_0040_995632AB.bin
[03:44:23] vertex shader #41      864 bytes  crc 9A97779E  version 3_0  -> vs_0041_9A97779E.bin
[03:44:23] vertex shader #42      532 bytes  crc 8DF79E96  version 3_0  -> vs_0042_8DF79E96.bin
[03:44:23] vertex shader #43      624 bytes  crc B6CA6A43  version 3_0  -> vs_0043_B6CA6A43.bin
[03:44:23] vertex shader #44     1832 bytes  crc 4D38F370  version 3_0  -> vs_0044_4D38F370.bin
[03:44:23] vertex shader #45      804 bytes  crc 062F2624  version 3_0  -> vs_0045_062F2624.bin
[03:44:23] vertex shader #46     1320 bytes  crc AAF07C9F  version 3_0  -> vs_0046_AAF07C9F.bin
[03:44:23] vertex shader #47     1344 bytes  crc 48087430  version 3_0  -> vs_0047_48087430.bin
[03:44:23] vertex shader #48     1180 bytes  crc D2B7E838  version 3_0  -> vs_0048_D2B7E838.bin
[03:44:23] vertex shader #49      920 bytes  crc 90D172D9  version 3_0  -> vs_0049_90D172D9.bin
[03:44:23] vertex shader #50     1600 bytes  crc 5A2901A7  version 3_0  -> vs_0050_5A2901A7.bin
[03:44:23] vertex shader #51      588 bytes  crc 5802BB90  version 3_0  -> vs_0051_5802BB90.bin
[03:44:23] vertex shader #52     1308 bytes  crc 98B6A361  version 3_0  -> vs_0052_98B6A361.bin
[03:44:23] vertex shader #53     1548 bytes  crc FD54BABD  version 3_0  -> vs_0053_FD54BABD.bin
[03:44:23] vertex shader #54     1064 bytes  crc 4718DAB4  version 3_0  -> vs_0054_4718DAB4.bin
[03:44:23] vertex shader #55     1176 bytes  crc 3A76867D  version 3_0  -> vs_0055_3A76867D.bin
[03:44:23] vertex shader #56      900 bytes  crc FED187A3  version 3_0  -> vs_0056_FED187A3.bin
[03:44:23] vertex shader #57      820 bytes  crc 7AE7E507  version 3_0  -> vs_0057_7AE7E507.bin
[03:44:23] vertex shader #58     1432 bytes  crc 4C63964C  version 3_0  -> vs_0058_4C63964C.bin
[03:44:23] vertex shader #59      516 bytes  crc 9155FB0D  version 3_0  -> vs_0059_9155FB0D.bin
[03:44:23] vertex shader #60     1196 bytes  crc 4CF2239F  version 3_0  -> vs_0060_4CF2239F.bin
[03:44:23] vertex shader #61     1736 bytes  crc DA9D4B6A  version 3_0  -> vs_0061_DA9D4B6A.bin
[03:44:23] vertex shader #62     1576 bytes  crc 7CF61EBF  version 3_0  -> vs_0062_7CF61EBF.bin
[03:44:23] vertex shader #63      868 bytes  crc 794DD7B6  version 3_0  -> vs_0063_794DD7B6.bin
[03:44:23] vertex shader #64     1540 bytes  crc 8F952C4C  version 3_0  -> vs_0064_8F952C4C.bin
[03:44:23] vertex shader #65     1168 bytes  crc CEB6640D  version 3_0  -> vs_0065_CEB6640D.bin
[03:44:23] vertex shader #66      816 bytes  crc 9A259BD3  version 3_0  -> vs_0066_9A259BD3.bin
[03:44:23] vertex shader #67     1204 bytes  crc 6A39F7BD  version 3_0  -> vs_0067_6A39F7BD.bin
[03:44:23] vertex shader #68     1592 bytes  crc 8A9E89B3  version 3_0  -> vs_0068_8A9E89B3.bin
[03:44:23] vertex shader #69      976 bytes  crc 95947AB5  version 3_0  -> vs_0069_95947AB5.bin
[03:44:23] vertex shader #70      228 bytes  crc 3F5EF354  version 3_0  -> vs_0070_3F5EF354.bin
[03:44:23] vertex shader #71     1436 bytes  crc 034205BB  version 3_0  -> vs_0071_034205BB.bin
[03:44:23] vertex shader #72      628 bytes  crc 57B1D403  version 3_0  -> vs_0072_57B1D403.bin
[03:44:23] vertex shader #73     1248 bytes  crc 87FCA6E5  version 3_0  -> vs_0073_87FCA6E5.bin
[03:44:23] vertex shader #74     1628 bytes  crc CE026DE9  version 3_0  -> vs_0074_CE026DE9.bin
[03:44:23] vertex shader #75     1840 bytes  crc FEB0929B  version 3_0  -> vs_0075_FEB0929B.bin
[03:44:23] vertex shader #76     1284 bytes  crc E4F3D837  version 3_0  -> vs_0076_E4F3D837.bin
[03:44:23] vertex shader #77     1412 bytes  crc 1813930A  version 3_0  -> vs_0077_1813930A.bin
[03:44:23] vertex shader #78     1244 bytes  crc F8126401  version 3_0  -> vs_0078_F8126401.bin
[03:44:23] vertex shader #79      936 bytes  crc 53DEF5FB  version 3_0  -> vs_0079_53DEF5FB.bin
[03:44:23] vertex shader #80     2292 bytes  crc 4CF6CF11  version 3_0  -> vs_0080_4CF6CF11.bin
[03:44:23] vertex shader #81     1128 bytes  crc A6062830  version 3_0  -> vs_0081_A6062830.bin
[03:44:23] vertex shader #82     1412 bytes  crc 0E9D2595  version 3_0  -> vs_0082_0E9D2595.bin
[03:44:23] vertex shader #83     1012 bytes  crc A5ABF746  version 3_0  -> vs_0083_A5ABF746.bin
[03:44:23] vertex shader #84     2160 bytes  crc 9087FF3F  version 3_0  -> vs_0084_9087FF3F.bin
[03:44:23] vertex shader #85     1268 bytes  crc 062DAB82  version 3_0  -> vs_0085_062DAB82.bin
[03:44:23] vertex shader #86     1036 bytes  crc F0F61278  version 3_0  -> vs_0086_F0F61278.bin
[03:44:23] vertex shader #87     1128 bytes  crc BF1A39DE  version 3_0  -> vs_0087_BF1A39DE.bin
[03:44:23] vertex shader #88      944 bytes  crc 50DD007D  version 3_0  -> vs_0088_50DD007D.bin
[03:44:23] vertex shader #89     1892 bytes  crc 08C8A811  version 3_0  -> vs_0089_08C8A811.bin
[03:44:23] vertex shader #90     1144 bytes  crc CD628CAD  version 3_0  -> vs_0090_CD628CAD.bin
[03:44:23] vertex shader #91     1348 bytes  crc 12C73B06  version 3_0  -> vs_0091_12C73B06.bin
[03:44:23] vertex shader #92     1104 bytes  crc 6DF2FB2A  version 3_0  -> vs_0092_6DF2FB2A.bin
[03:44:23] vertex shader #93     1372 bytes  crc A40F17ED  version 3_0  -> vs_0093_A40F17ED.bin
[03:44:23] vertex shader #94     1296 bytes  crc AD20EF8E  version 3_0  -> vs_0094_AD20EF8E.bin
[03:44:23] vertex shader #95     1496 bytes  crc A561911F  version 3_0  -> vs_0095_A561911F.bin
[03:44:23] vertex shader #96     2092 bytes  crc 8C44C289  version 3_0  -> vs_0096_8C44C289.bin
[03:44:23] vertex shader #97     1904 bytes  crc F842BB20  version 3_0  -> vs_0097_F842BB20.bin
[03:44:23] vertex shader #98     1368 bytes  crc 9847B722  version 3_0  -> vs_0098_9847B722.bin
[03:44:23] vertex shader #99     1140 bytes  crc 508CF40C  version 3_0  -> vs_0099_508CF40C.bin
[03:44:23] vertex shader #100    1308 bytes  crc 395B4E20  version 3_0  -> vs_0100_395B4E20.bin
[03:44:23] vertex shader #101    1140 bytes  crc 34EE1E1D  version 3_0  -> vs_0101_34EE1E1D.bin
[03:44:23] vertex shader #102    1592 bytes  crc 6A25962F  version 3_0  -> vs_0102_6A25962F.bin
[03:44:23] vertex shader #103    1644 bytes  crc EDFBD6B7  version 3_0  -> vs_0103_EDFBD6B7.bin
[03:44:23] vertex shader #104    1152 bytes  crc 0ABAFBC5  version 3_0  -> vs_0104_0ABAFBC5.bin
[03:44:23] vertex shader #105    1284 bytes  crc D2214ED5  version 3_0  -> vs_0105_D2214ED5.bin
[03:44:23] vertex shader #106     820 bytes  crc C6E01C32  version 3_0  -> vs_0106_C6E01C32.bin
[03:44:23] vertex shader #107     924 bytes  crc D3A592AB  version 3_0  -> vs_0107_D3A592AB.bin
[03:44:23] vertex shader #108    1648 bytes  crc EA56FF70  version 3_0  -> vs_0108_EA56FF70.bin
[03:44:23] vertex shader #109     936 bytes  crc D29B1AB0  version 3_0  -> vs_0109_D29B1AB0.bin
[03:44:23] vertex shader #110    1388 bytes  crc 462F8A19  version 3_0  -> vs_0110_462F8A19.bin
[03:44:23] vertex shader #111    1232 bytes  crc 752D5548  version 3_0  -> vs_0111_752D5548.bin
[03:44:23] vertex shader #112    1268 bytes  crc B00D0471  version 3_0  -> vs_0112_B00D0471.bin
[03:44:23] vertex shader #113     836 bytes  crc 8011F27D  version 3_0  -> vs_0113_8011F27D.bin
[03:44:23] vertex shader #114    1308 bytes  crc 8AF3768A  version 3_0  -> vs_0114_8AF3768A.bin
[03:44:23] vertex shader #115    1848 bytes  crc 076F6758  version 3_0  -> vs_0115_076F6758.bin
[03:44:23] vertex shader #116    1284 bytes  crc 3CE6F2A1  version 3_0  -> vs_0116_3CE6F2A1.bin
[03:44:23] vertex shader #117    1240 bytes  crc B31CBB2A  version 3_0  -> vs_0117_B31CBB2A.bin
[03:44:23] vertex shader #118    1528 bytes  crc A33F0C50  version 3_0  -> vs_0118_A33F0C50.bin
[03:44:23] vertex shader #119     840 bytes  crc CB925A27  version 3_0  -> vs_0119_CB925A27.bin
[03:44:23] vertex shader #120    2768 bytes  crc 4C35C408  version 3_0  -> vs_0120_4C35C408.bin
[03:44:23] vertex shader #121    1096 bytes  crc F2F54738  version 3_0  -> vs_0121_F2F54738.bin
[03:44:23] vertex shader #122    1344 bytes  crc 529399FC  version 3_0  -> vs_0122_529399FC.bin
[03:44:23] vertex shader #123    1272 bytes  crc 756F45F9  version 3_0  -> vs_0123_756F45F9.bin
[03:44:23] vertex shader #124     700 bytes  crc 28CE000F  version 3_0  -> vs_0124_28CE000F.bin
[03:44:23] vertex shader #125    1152 bytes  crc AF27CB93  version 3_0  -> vs_0125_AF27CB93.bin
[03:44:23] vertex shader #126    1404 bytes  crc A46DBC6E  version 3_0  -> vs_0126_A46DBC6E.bin
[03:44:23] vertex shader #127     888 bytes  crc 253EB8DF  version 3_0  -> vs_0127_253EB8DF.bin
[03:44:23] vertex shader #128    2240 bytes  crc 3EE9237B  version 3_0  -> vs_0128_3EE9237B.bin
[03:44:23] vertex shader #129    1344 bytes  crc 20995041  version 3_0  -> vs_0129_20995041.bin
[03:44:23] vertex shader #130    1232 bytes  crc 6C3144A6  version 3_0  -> vs_0130_6C3144A6.bin
[03:44:23] vertex shader #131     648 bytes  crc 43F8D4CA  version 3_0  -> vs_0131_43F8D4CA.bin
[03:44:23] vertex shader #132    1540 bytes  crc C2FF6DFE  version 3_0  -> vs_0132_C2FF6DFE.bin
[03:44:23] vertex shader #133     840 bytes  crc ABF4A0AD  version 3_0  -> vs_0133_ABF4A0AD.bin
[03:44:23] vertex shader #134    1044 bytes  crc EA895713  version 3_0  -> vs_0134_EA895713.bin
[03:44:23] vertex shader #135    1992 bytes  crc 8FAFE7CE  version 3_0  -> vs_0135_8FAFE7CE.bin
[03:44:23] vertex shader #136    1144 bytes  crc B38EE031  version 3_0  -> vs_0136_B38EE031.bin
[03:44:23] vertex shader #137    1284 bytes  crc 863B8933  version 3_0  -> vs_0137_863B8933.bin
[03:44:23] vertex shader #138    1280 bytes  crc C2A37875  version 3_0  -> vs_0138_C2A37875.bin
[03:44:23] vertex shader #139     776 bytes  crc EDB8F09F  version 3_0  -> vs_0139_EDB8F09F.bin
[03:44:23] vertex shader #140     652 bytes  crc B1C65FCF  version 3_0  -> vs_0140_B1C65FCF.bin
[03:44:23] vertex shader #141    1400 bytes  crc B428A807  version 3_0  -> vs_0141_B428A807.bin
[03:44:23] vertex shader #142    1432 bytes  crc DE7317F7  version 3_0  -> vs_0142_DE7317F7.bin
[03:44:23] vertex shader #143    1368 bytes  crc 130F72DF  version 3_0  -> vs_0143_130F72DF.bin
[03:44:23] vertex shader #144    2100 bytes  crc 93D7274A  version 3_0  -> vs_0144_93D7274A.bin
[03:44:23] vertex shader #145     752 bytes  crc C87F84A7  version 3_0  -> vs_0145_C87F84A7.bin
[03:44:23] vertex shader #146    1176 bytes  crc 6418208B  version 3_0  -> vs_0146_6418208B.bin
[03:44:23] vertex shader #147    1344 bytes  crc D6C06B7B  version 3_0  -> vs_0147_D6C06B7B.bin
[03:44:23] vertex shader #148     900 bytes  crc 0467996D  version 3_0  -> vs_0148_0467996D.bin
[03:44:23] vertex shader #149    1196 bytes  crc E4FE3D98  version 3_0  -> vs_0149_E4FE3D98.bin
[03:44:23] vertex shader #150    1212 bytes  crc 2053589A  version 3_0  -> vs_0150_2053589A.bin
[03:44:23] vertex shader #151    1292 bytes  crc C429DCAC  version 3_0  -> vs_0151_C429DCAC.bin
[03:44:23] vertex shader #152    1344 bytes  crc 3BDBF0D5  version 3_0  -> vs_0152_3BDBF0D5.bin
[03:44:23] vertex shader #153    1240 bytes  crc B4106A30  version 3_0  -> vs_0153_B4106A30.bin
[03:44:23] vertex shader #154    1000 bytes  crc B080AAED  version 3_0  -> vs_0154_B080AAED.bin
[03:44:23] vertex shader #155    1092 bytes  crc EC3C0D00  version 3_0  -> vs_0155_EC3C0D00.bin
[03:44:23] vertex shader #156    1248 bytes  crc DC13A0B7  version 3_0  -> vs_0156_DC13A0B7.bin
[03:44:23] vertex shader #157    1256 bytes  crc 4081F20B  version 3_0  -> vs_0157_4081F20B.bin
[03:44:23] vertex shader #158     532 bytes  crc AA27DAAA  version 3_0  -> vs_0158_AA27DAAA.bin
[03:44:23] vertex shader #159    1052 bytes  crc 6B9F5774  version 3_0  -> vs_0159_6B9F5774.bin
[03:44:23] vertex shader #160     960 bytes  crc EA9B2632  version 3_0  -> vs_0160_EA9B2632.bin
[03:44:23] vertex shader #161    1304 bytes  crc D97FF180  version 3_0  -> vs_0161_D97FF180.bin
[03:44:23] vertex shader #162    1256 bytes  crc 599DE3E5  version 3_0  -> vs_0162_599DE3E5.bin
[03:44:23] vertex shader #163     828 bytes  crc 0C1A01D7  version 3_0  -> vs_0163_0C1A01D7.bin
[03:44:23] vertex shader #164    1328 bytes  crc 4A1888A4  version 3_0  -> vs_0164_4A1888A4.bin
[03:44:23] vertex shader #165    1180 bytes  crc 933297BE  version 3_0  -> vs_0165_933297BE.bin
[03:44:23] vertex shader #166    1844 bytes  crc D7B1E9A6  version 3_0  -> vs_0166_D7B1E9A6.bin
[03:44:23] vertex shader #167    2044 bytes  crc 079116FD  version 3_0  -> vs_0167_079116FD.bin
[03:44:23] vertex shader #168    1496 bytes  crc D48A58ED  version 3_0  -> vs_0168_D48A58ED.bin
[03:44:23] vertex shader #169     664 bytes  crc F360956B  version 3_0  -> vs_0169_F360956B.bin
[03:44:23] vertex shader #170    1864 bytes  crc 50B58C87  version 3_0  -> vs_0170_50B58C87.bin
[03:44:23] vertex shader #171     568 bytes  crc 9A78E585  version 3_0  -> vs_0171_9A78E585.bin
[03:44:23] vertex shader #172     860 bytes  crc CE93C5F2  version 3_0  -> vs_0172_CE93C5F2.bin
[03:44:23] vertex shader #173    1344 bytes  crc E22A4591  version 3_0  -> vs_0173_E22A4591.bin
[03:44:23] vertex shader #174     784 bytes  crc 304FC3CB  version 3_0  -> vs_0174_304FC3CB.bin
[03:44:23] vertex shader #175     648 bytes  crc 6854B618  version 3_0  -> vs_0175_6854B618.bin
[03:44:23] vertex shader #176    2032 bytes  crc 86C1E387  version 3_0  -> vs_0176_86C1E387.bin
[03:44:23] vertex shader #177    1664 bytes  crc AF74A22F  version 3_0  -> vs_0177_AF74A22F.bin
[03:44:23] vertex shader #178     860 bytes  crc 4468F02B  version 3_0  -> vs_0178_4468F02B.bin
[03:44:23] vertex shader #179    1100 bytes  crc 7EC2CE11  version 3_0  -> vs_0179_7EC2CE11.bin
[03:44:23] vertex shader #180    1328 bytes  crc 82C2C92C  version 3_0  -> vs_0180_82C2C92C.bin
[03:44:23] vertex shader #181    1268 bytes  crc 14518063  version 3_0  -> vs_0181_14518063.bin
[03:44:23] vertex shader #182    2472 bytes  crc 3B6B3C15  version 3_0  -> vs_0182_3B6B3C15.bin
[03:44:23] vertex shader #183    1460 bytes  crc 36B099E2  version 3_0  -> vs_0183_36B099E2.bin
[03:44:23] vertex shader #184    1308 bytes  crc 77705B96  version 3_0  -> vs_0184_77705B96.bin
[03:44:23] vertex shader #185    1060 bytes  crc 30B2642D  version 3_0  -> vs_0185_30B2642D.bin
[03:44:23] vertex shader #186     960 bytes  crc 18BE1957  version 3_0  -> vs_0186_18BE1957.bin
[03:44:23] vertex shader #187     784 bytes  crc 1A950460  version 3_0  -> vs_0187_1A950460.bin
[03:44:23] vertex shader #188     760 bytes  crc 1E05DEF6  version 3_0  -> vs_0188_1E05DEF6.bin
[03:44:23] vertex shader #189    2256 bytes  crc 755FCAC4  version 3_0  -> vs_0189_755FCAC4.bin
[03:44:23] vertex shader #190    1148 bytes  crc 2E63954F  version 3_0  -> vs_0190_2E63954F.bin
[03:44:23] vertex shader #191    1024 bytes  crc 0CFC00A1  version 3_0  -> vs_0191_0CFC00A1.bin
[03:44:23] vertex shader #192    1240 bytes  crc D1A3E2F9  version 3_0  -> vs_0192_D1A3E2F9.bin
[03:44:23] vertex shader #193     744 bytes  crc 5DBA86AC  version 3_0  -> vs_0193_5DBA86AC.bin
[03:44:23] vertex shader #194    1220 bytes  crc D874A9F4  version 3_0  -> vs_0194_D874A9F4.bin
[03:44:23] vertex shader #195    1260 bytes  crc 965FD1EB  version 3_0  -> vs_0195_965FD1EB.bin
[03:44:23] vertex shader #196    1276 bytes  crc 25D98DB7  version 3_0  -> vs_0196_25D98DB7.bin
[03:44:23] vertex shader #197    1336 bytes  crc C7CDE3C7  version 3_0  -> vs_0197_C7CDE3C7.bin
[03:44:23] vertex shader #198    1136 bytes  crc 859F9394  version 3_0  -> vs_0198_859F9394.bin
[03:44:23] vertex shader #199     912 bytes  crc E77A6F2E  version 3_0  -> vs_0199_E77A6F2E.bin
[03:44:23] vertex shader #200     988 bytes  crc C4F90F8D  version 3_0  -> vs_0200_C4F90F8D.bin
[03:44:23] vertex shader #201    1296 bytes  crc 17DF9B86  version 3_0  -> vs_0201_17DF9B86.bin
[03:44:23] vertex shader #202    1308 bytes  crc 72ACC26E  version 3_0  -> vs_0202_72ACC26E.bin
[03:44:23] vertex shader #203    1052 bytes  crc 66488C82  version 3_0  -> vs_0203_66488C82.bin
[03:44:23] vertex shader #204    1808 bytes  crc 44416A62  version 3_0  -> vs_0204_44416A62.bin
[03:44:23] vertex shader #205    1532 bytes  crc F8455A1E  version 3_0  -> vs_0205_F8455A1E.bin
[03:44:23] vertex shader #206    1040 bytes  crc 5552C942  version 3_0  -> vs_0206_5552C942.bin
[03:44:23] vertex shader #207    1132 bytes  crc BD549405  version 3_0  -> vs_0207_BD549405.bin
[03:44:23] vertex shader #208     964 bytes  crc B7385397  version 3_0  -> vs_0208_B7385397.bin
[03:44:23] vertex shader #209     824 bytes  crc 08355A08  version 3_0  -> vs_0209_08355A08.bin
[03:44:23] vertex shader #210    1972 bytes  crc 74EB7C92  version 3_0  -> vs_0210_74EB7C92.bin
[03:44:23] vertex shader #211     700 bytes  crc 4BE81B87  version 3_0  -> vs_0211_4BE81B87.bin
[03:44:23] vertex shader #212     300 bytes  crc 316B5EF4  version 3_0  -> vs_0212_316B5EF4.bin
[03:44:23] vertex shader #213     752 bytes  crc D9006761  version 3_0  -> vs_0213_D9006761.bin
[03:44:23] vertex shader #214     736 bytes  crc B94E9B3E  version 3_0  -> vs_0214_B94E9B3E.bin
[03:44:23] vertex shader #215     824 bytes  crc D1744A6C  version 3_0  -> vs_0215_D1744A6C.bin
[03:44:23] vertex shader #216    1200 bytes  crc E245A2B0  version 3_0  -> vs_0216_E245A2B0.bin
[03:44:23] vertex shader #217    1272 bytes  crc 9CBA097C  version 3_0  -> vs_0217_9CBA097C.bin
[03:44:23] vertex shader #218    1552 bytes  crc BC4E12D9  version 3_0  -> vs_0218_BC4E12D9.bin
[03:44:23] vertex shader #219    1044 bytes  crc 6C5F9902  version 3_0  -> vs_0219_6C5F9902.bin
[03:44:23] vertex shader #220    2280 bytes  crc 0118C6AF  version 3_0  -> vs_0220_0118C6AF.bin
[03:44:23] vertex shader #221    2680 bytes  crc 474A4D2A  version 3_0  -> vs_0221_474A4D2A.bin
[03:44:23] vertex shader #222     980 bytes  crc FDF7E23C  version 3_0  -> vs_0222_FDF7E23C.bin
[03:44:23] vertex shader #223    1104 bytes  crc 2AB71DAC  version 3_0  -> vs_0223_2AB71DAC.bin
[03:44:23] vertex shader #224     576 bytes  crc 4AC42BBF  version 3_0  -> vs_0224_4AC42BBF.bin
[03:44:23] vertex shader #225     988 bytes  crc 412CDA39  version 3_0  -> vs_0225_412CDA39.bin
[03:44:23] vertex shader #226    1836 bytes  crc 88A298A2  version 3_0  -> vs_0226_88A298A2.bin
[03:44:23] vertex shader #227     944 bytes  crc 04BAAFB9  version 3_0  -> vs_0227_04BAAFB9.bin
[03:44:23] vertex shader #228    1048 bytes  crc B5C71B7A  version 3_0  -> vs_0228_B5C71B7A.bin
[03:44:23] vertex shader #229    3064 bytes  crc E3A3EF48  version 3_0  -> vs_0229_E3A3EF48.bin
[03:44:23] vertex shader #230    1436 bytes  crc 241118C1  version 3_0  -> vs_0230_241118C1.bin
[03:44:23] vertex shader #231    1600 bytes  crc A5E6D613  version 3_0  -> vs_0231_A5E6D613.bin
[03:44:23] vertex shader #232    1508 bytes  crc 56C37AD1  version 3_0  -> vs_0232_56C37AD1.bin
[03:44:23] vertex shader #233    1996 bytes  crc 668F2B3D  version 3_0  -> vs_0233_668F2B3D.bin
[03:44:23] vertex shader #234    2240 bytes  crc 55DDF930  version 3_0  -> vs_0234_55DDF930.bin
[03:44:23] vertex shader #235    1808 bytes  crc 4CDC87A7  version 3_0  -> vs_0235_4CDC87A7.bin
[03:44:23] vertex shader #236    2664 bytes  crc 611F88AD  version 3_0  -> vs_0236_611F88AD.bin
[03:44:23] vertex shader #237    1164 bytes  crc 9EBCBE80  version 3_0  -> vs_0237_9EBCBE80.bin
[03:44:23] vertex shader #238     900 bytes  crc 8E9223AE  version 3_0  -> vs_0238_8E9223AE.bin
[03:44:23] vertex shader #239    2240 bytes  crc B38A5D92  version 3_0  -> vs_0239_B38A5D92.bin
[03:44:23] vertex shader #240    1568 bytes  crc B6370A89  version 3_0  -> vs_0240_B6370A89.bin
[03:44:23] vertex shader #241    1464 bytes  crc ABAEF41E  version 3_0  -> vs_0241_ABAEF41E.bin
[03:44:23] vertex shader #242     712 bytes  crc B1719066  version 3_0  -> vs_0242_B1719066.bin
[03:44:23] vertex shader #243    1432 bytes  crc BD864336  version 3_0  -> vs_0243_BD864336.bin
[03:44:23] vertex shader #244    1972 bytes  crc 268DAD4A  version 3_0  -> vs_0244_268DAD4A.bin
[03:44:23] vertex shader #245     816 bytes  crc 091D3752  version 3_0  -> vs_0245_091D3752.bin
[03:44:23] vertex shader #246     812 bytes  crc 7A070EA0  version 3_0  -> vs_0246_7A070EA0.bin
[03:44:23] vertex shader #247     644 bytes  crc 360B0580  version 3_0  -> vs_0247_360B0580.bin
[03:44:23] vertex shader #248    1312 bytes  crc 2BBD3103  version 3_0  -> vs_0248_2BBD3103.bin
[03:44:23] vertex shader #249    1164 bytes  crc D8A1D9B9  version 3_0  -> vs_0249_D8A1D9B9.bin
[03:44:23] vertex shader #250     784 bytes  crc B8F93A48  version 3_0  -> vs_0250_B8F93A48.bin
[03:44:23] vertex shader #251    1356 bytes  crc 6392FA2C  version 3_0  -> vs_0251_6392FA2C.bin
[03:44:23] vertex shader #252    1028 bytes  crc 61C8059C  version 3_0  -> vs_0252_61C8059C.bin
[03:44:23] vertex shader #253     680 bytes  crc AC9C82E2  version 3_0  -> vs_0253_AC9C82E2.bin
[03:44:23] vertex shader #254    1584 bytes  crc 756680A2  version 3_0  -> vs_0254_756680A2.bin
[03:44:23] vertex shader #255    1048 bytes  crc A8BBF0FF  version 3_0  -> vs_0255_A8BBF0FF.bin
[03:44:23] vertex shader #256    1120 bytes  crc 227F9A68  version 3_0  -> vs_0256_227F9A68.bin
[03:44:23] vertex shader #257    1360 bytes  crc 22A2AE38  version 3_0  -> vs_0257_22A2AE38.bin
[03:44:23] vertex shader #258    1192 bytes  crc A06F27CA  version 3_0  -> vs_0258_A06F27CA.bin
[03:44:23] vertex shader #259    1116 bytes  crc 77E2637A  version 3_0  -> vs_0259_77E2637A.bin
[03:44:23] vertex shader #260     680 bytes  crc 59924362  version 3_0  -> vs_0260_59924362.bin
[03:44:23] vertex shader #261    1868 bytes  crc F7F2D5B9  version 3_0  -> vs_0261_F7F2D5B9.bin
[03:44:23] vertex shader #262    1152 bytes  crc 97DC617F  version 3_0  -> vs_0262_97DC617F.bin
[03:44:23] vertex shader #263    1336 bytes  crc 86E3223C  version 3_0  -> vs_0263_86E3223C.bin
[03:44:23] vertex shader #264     688 bytes  crc 143C313C  version 3_0  -> vs_0264_143C313C.bin
[03:44:23] vertex shader #265     700 bytes  crc 9D60C6A6  version 3_0  -> vs_0265_9D60C6A6.bin
[03:44:23] vertex shader #266    1884 bytes  crc E0888A8F  version 3_0  -> vs_0266_E0888A8F.bin
[03:44:23] vertex shader #267     848 bytes  crc 4344C0A5  version 3_0  -> vs_0267_4344C0A5.bin
[03:44:23] vertex shader #268    1048 bytes  crc B1A7E111  version 3_0  -> vs_0268_B1A7E111.bin
[03:44:23] vertex shader #269    1024 bytes  crc BD83CF27  version 3_0  -> vs_0269_BD83CF27.bin
[03:44:23] vertex shader #270    2108 bytes  crc C800450E  version 3_0  -> vs_0270_C800450E.bin
[03:44:23] vertex shader #271    1132 bytes  crc 496F86C2  version 3_0  -> vs_0271_496F86C2.bin
[03:44:23] vertex shader #272     988 bytes  crc 2368F700  version 3_0  -> vs_0272_2368F700.bin
[03:44:23] vertex shader #273    1196 bytes  crc 17C552D2  version 3_0  -> vs_0273_17C552D2.bin
[03:44:23] vertex shader #274    3168 bytes  crc B0E34762  version 3_0  -> vs_0274_B0E34762.bin
[03:44:23] vertex shader #275     672 bytes  crc 5FFE17D1  version 3_0  -> vs_0275_5FFE17D1.bin
[03:44:23] vertex shader #276    1904 bytes  crc 211A1BD6  version 3_0  -> vs_0276_211A1BD6.bin
[03:44:23] vertex shader #277    1220 bytes  crc 303FD150  version 3_0  -> vs_0277_303FD150.bin
[03:44:23] vertex shader #278    1756 bytes  crc 2D215B60  version 3_0  -> vs_0278_2D215B60.bin
[03:44:23] vertex shader #279    1564 bytes  crc E1E71F5C  version 3_0  -> vs_0279_E1E71F5C.bin
[03:44:23] vertex shader #280    1320 bytes  crc 0F931399  version 3_0  -> vs_0280_0F931399.bin
[03:44:23] vertex shader #281    1228 bytes  crc D3348058  version 3_0  -> vs_0281_D3348058.bin
[03:44:23] vertex shader #282    1168 bytes  crc 713A0CC2  version 3_0  -> vs_0282_713A0CC2.bin
[03:44:23] vertex shader #283    1324 bytes  crc 4543F27A  version 3_0  -> vs_0283_4543F27A.bin
[03:44:23] vertex shader #284    1116 bytes  crc 8863E218  version 3_0  -> vs_0284_8863E218.bin
[03:44:23] vertex shader #285     620 bytes  crc F4815B5B  version 3_0  -> vs_0285_F4815B5B.bin
[03:44:23] vertex shader #286    1624 bytes  crc DF1B4A66  version 3_0  -> vs_0286_DF1B4A66.bin
[03:44:23] vertex shader #287    1720 bytes  crc D32150C7  version 3_0  -> vs_0287_D32150C7.bin
[03:44:23] vertex shader #288    1520 bytes  crc 9CEB35DA  version 3_0  -> vs_0288_9CEB35DA.bin
[03:44:23] vertex shader #289     804 bytes  crc 70CBFB66  version 3_0  -> vs_0289_70CBFB66.bin
[03:44:23] vertex shader #290    1120 bytes  crc 08149C56  version 3_0  -> vs_0290_08149C56.bin
[03:44:23] vertex shader #291     680 bytes  crc 0D07A184  version 3_0  -> vs_0291_0D07A184.bin
[03:44:23] vertex shader #292    1108 bytes  crc 50DB808D  version 3_0  -> vs_0292_50DB808D.bin
[03:44:23] vertex shader #293     720 bytes  crc DF7959F9  version 3_0  -> vs_0293_DF7959F9.bin
[03:44:23] vertex shader #294    1092 bytes  crc 04DC97B0  version 3_0  -> vs_0294_04DC97B0.bin
[03:44:23] vertex shader #295    1004 bytes  crc B38A4581  version 3_0  -> vs_0295_B38A4581.bin
[03:44:23] vertex shader #296    1084 bytes  crc FBB90339  version 3_0  -> vs_0296_FBB90339.bin
[03:44:23] vertex shader #297    1024 bytes  crc F2AD1D6A  version 3_0  -> vs_0297_F2AD1D6A.bin
[03:44:23] vertex shader #298    1004 bytes  crc 8DD3223C  version 3_0  -> vs_0298_8DD3223C.bin
[03:44:23] vertex shader #299    1568 bytes  crc 90A49EF7  version 3_0  -> vs_0299_90A49EF7.bin
[03:44:23] vertex shader #300     840 bytes  crc BB9DE4FF  version 3_0  -> vs_0300_BB9DE4FF.bin
[03:44:23] vertex shader #301     504 bytes  crc 7DFB43B4  version 3_0  -> vs_0301_7DFB43B4.bin
[03:44:23] vertex shader #302     984 bytes  crc 204A3D80  version 3_0  -> vs_0302_204A3D80.bin
[03:44:23] vertex shader #303    1308 bytes  crc 93CCCF0E  version 3_0  -> vs_0303_93CCCF0E.bin
[03:44:23] vertex shader #304     848 bytes  crc 0E9BD12C  version 3_0  -> vs_0304_0E9BD12C.bin
[03:44:23] vertex shader #305    1228 bytes  crc 3289177E  version 3_0  -> vs_0305_3289177E.bin
[03:44:23] vertex shader #306    1828 bytes  crc 639E96F7  version 3_0  -> vs_0306_639E96F7.bin
[03:44:23] vertex shader #307    1408 bytes  crc C2889C03  version 3_0  -> vs_0307_C2889C03.bin
[03:44:23] vertex shader #308     896 bytes  crc 7C8569AB  version 3_0  -> vs_0308_7C8569AB.bin
[03:44:23] vertex shader #309    1384 bytes  crc 3111840B  version 3_0  -> vs_0309_3111840B.bin
[03:44:23] vertex shader #310    1140 bytes  crc C1961545  version 3_0  -> vs_0310_C1961545.bin
[03:44:23] vertex shader #311    1024 bytes  crc 12A0CC58  version 3_0  -> vs_0311_12A0CC58.bin
[03:44:23] vertex shader #312    1448 bytes  crc E743F181  version 3_0  -> vs_0312_E743F181.bin
[03:44:23] vertex shader #313     612 bytes  crc 953192D2  version 3_0  -> vs_0313_953192D2.bin
[03:44:23] vertex shader #314     940 bytes  crc 5F539738  version 3_0  -> vs_0314_5F539738.bin
[03:44:23] vertex shader #315    1756 bytes  crc 7CF4D66F  version 3_0  -> vs_0315_7CF4D66F.bin
[03:44:23] vertex shader #316     896 bytes  crc 26A9C155  version 3_0  -> vs_0316_26A9C155.bin
[03:44:23] vertex shader #317    1116 bytes  crc 3CF92F7D  version 3_0  -> vs_0317_3CF92F7D.bin
[03:44:23] vertex shader #318     788 bytes  crc 76051BF0  version 3_0  -> vs_0318_76051BF0.bin
[03:44:23] vertex shader #319    1712 bytes  crc B8CEE21D  version 3_0  -> vs_0319_B8CEE21D.bin
[03:44:23] vertex shader #320    1700 bytes  crc 5955A786  version 3_0  -> vs_0320_5955A786.bin
[03:44:23] vertex shader #321    1876 bytes  crc EFB872B3  version 3_0  -> vs_0321_EFB872B3.bin
[03:44:23] vertex shader #322    1188 bytes  crc 23510BB6  version 3_0  -> vs_0322_23510BB6.bin
[03:44:23] vertex shader #323    1488 bytes  crc 45DDA44F  version 3_0  -> vs_0323_45DDA44F.bin
[03:44:23] vertex shader #324    2692 bytes  crc 57606A9C  version 3_0  -> vs_0324_57606A9C.bin
[03:44:23] vertex shader #325     812 bytes  crc 30D0F1F6  version 3_0  -> vs_0325_30D0F1F6.bin
[03:44:23] vertex shader #326    1428 bytes  crc AEE91C3D  version 3_0  -> vs_0326_AEE91C3D.bin
[03:44:23] vertex shader #327     908 bytes  crc 4070DDDD  version 3_0  -> vs_0327_4070DDDD.bin
[03:44:23] vertex shader #328    1304 bytes  crc BD420D46  version 3_0  -> vs_0328_BD420D46.bin
[03:44:23] vertex shader #329     996 bytes  crc DE7AC63E  version 3_0  -> vs_0329_DE7AC63E.bin
[03:44:23] vertex shader #330    1804 bytes  crc 39AA9CE3  version 3_0  -> vs_0330_39AA9CE3.bin
[03:44:23] vertex shader #331    1288 bytes  crc 15E258EC  version 3_0  -> vs_0331_15E258EC.bin
[03:44:23] vertex shader #332     828 bytes  crc FE6AA9BD  version 3_0  -> vs_0332_FE6AA9BD.bin
[03:44:23] vertex shader #333     884 bytes  crc CDBE8F77  version 3_0  -> vs_0333_CDBE8F77.bin
[03:44:23] vertex shader #334     288 bytes  crc 269953A0  version 3_0  -> vs_0334_269953A0.bin
[03:44:23] vertex shader #335    1316 bytes  crc 26B9B7E6  version 3_0  -> vs_0335_26B9B7E6.bin
[03:44:23] vertex shader #336     804 bytes  crc B4C47572  version 3_0  -> vs_0336_B4C47572.bin
[03:44:23] vertex shader #337    1580 bytes  crc D6E041DA  version 3_0  -> vs_0337_D6E041DA.bin
[03:44:23] vertex shader #338    2684 bytes  crc 58F22E84  version 3_0  -> vs_0338_58F22E84.bin
[03:44:23] vertex shader #339     828 bytes  crc 24E5B313  version 3_0  -> vs_0339_24E5B313.bin
[03:44:23] vertex shader #340    1300 bytes  crc 501089C9  version 3_0  -> vs_0340_501089C9.bin
[03:44:23] vertex shader #341    1152 bytes  crc 0CA9E567  version 3_0  -> vs_0341_0CA9E567.bin
[03:44:23] vertex shader #342    1340 bytes  crc 130E2D43  version 3_0  -> vs_0342_130E2D43.bin
[03:44:23] vertex shader #343    1436 bytes  crc 4E86D380  version 3_0  -> vs_0343_4E86D380.bin
[03:44:23] vertex shader #344    1816 bytes  crc 03791B58  version 3_0  -> vs_0344_03791B58.bin
[03:44:23] vertex shader #345    1368 bytes  crc 0234A18B  version 3_0  -> vs_0345_0234A18B.bin
[03:44:23] vertex shader #346    2980 bytes  crc 06400407  version 3_0  -> vs_0346_06400407.bin
[03:44:23] vertex shader #347    1376 bytes  crc 16E6A514  version 3_0  -> vs_0347_16E6A514.bin
[03:44:23] vertex shader #348     964 bytes  crc 3F6271C1  version 3_0  -> vs_0348_3F6271C1.bin
[03:44:23] vertex shader #349    1012 bytes  crc EB5D0F28  version 3_0  -> vs_0349_EB5D0F28.bin
[03:44:23] vertex shader #350    2720 bytes  crc 8C0ACF14  version 3_0  -> vs_0350_8C0ACF14.bin
[03:44:23] vertex shader #351    1424 bytes  crc 2745328E  version 3_0  -> vs_0351_2745328E.bin
[03:44:23] vertex shader #352    1456 bytes  crc 3123A6C8  version 3_0  -> vs_0352_3123A6C8.bin
[03:44:23] vertex shader #353    3136 bytes  crc F5007D65  version 3_0  -> vs_0353_F5007D65.bin
[03:44:23] vertex shader #354    2508 bytes  crc 4452C041  version 3_0  -> vs_0354_4452C041.bin
[03:44:23] vertex shader #355    1856 bytes  crc 04C22B5E  version 3_0  -> vs_0355_04C22B5E.bin
[03:44:23] vertex shader #356    1032 bytes  crc 5C30629E  version 3_0  -> vs_0356_5C30629E.bin
[03:44:23] vertex shader #357    1048 bytes  crc 46CD765D  version 3_0  -> vs_0357_46CD765D.bin
[03:44:23] vertex shader #358     964 bytes  crc 2788AD0C  version 3_0  -> vs_0358_2788AD0C.bin
[03:44:23] vertex shader #359    1592 bytes  crc F3CF6251  version 3_0  -> vs_0359_F3CF6251.bin
[03:44:23] vertex shader #360    1472 bytes  crc 3AD8EBF2  version 3_0  -> vs_0360_3AD8EBF2.bin
[03:44:23] vertex shader #361     980 bytes  crc E4EBF3D2  version 3_0  -> vs_0361_E4EBF3D2.bin
[03:44:23] vertex shader #362    1200 bytes  crc 58947AD6  version 3_0  -> vs_0362_58947AD6.bin
[03:44:23] vertex shader #363     804 bytes  crc A7F7B08E  version 3_0  -> vs_0363_A7F7B08E.bin
[03:44:23] vertex shader #364    1208 bytes  crc 1581914B  version 3_0  -> vs_0364_1581914B.bin
[03:44:23] vertex shader #365     728 bytes  crc 8C39D88A  version 3_0  -> vs_0365_8C39D88A.bin
[03:44:23] vertex shader #366    1432 bytes  crc 3D4686BC  version 3_0  -> vs_0366_3D4686BC.bin
[03:44:23] vertex shader #367    1260 bytes  crc F59765CE  version 3_0  -> vs_0367_F59765CE.bin
[03:44:23] vertex shader #368    1048 bytes  crc 30CD4D90  version 3_0  -> vs_0368_30CD4D90.bin
[03:44:23] vertex shader #369    2392 bytes  crc 132D5946  version 3_0  -> vs_0369_132D5946.bin
[03:44:23] vertex shader #370    1684 bytes  crc D814BD66  version 3_0  -> vs_0370_D814BD66.bin
[03:44:23] vertex shader #371    1200 bytes  crc 04D88258  version 3_0  -> vs_0371_04D88258.bin
[03:44:23] vertex shader #372    2444 bytes  crc 6DE674D4  version 3_0  -> vs_0372_6DE674D4.bin
[03:44:23] vertex shader #373    1436 bytes  crc D1AA6153  version 3_0  -> vs_0373_D1AA6153.bin
[03:44:23] vertex shader #374    1528 bytes  crc BDE775FC  version 3_0  -> vs_0374_BDE775FC.bin
[03:44:23] vertex shader #375    1108 bytes  crc AEDD8E52  version 3_0  -> vs_0375_AEDD8E52.bin
[03:44:23] vertex shader #376    1192 bytes  crc AAFCAF7D  version 3_0  -> vs_0376_AAFCAF7D.bin
[03:44:23] vertex shader #377    1528 bytes  crc B29259D1  version 3_0  -> vs_0377_B29259D1.bin
[03:44:23] vertex shader #378    1968 bytes  crc 094D2234  version 3_0  -> vs_0378_094D2234.bin
[03:44:23] vertex shader #379     920 bytes  crc 89CD6337  version 3_0  -> vs_0379_89CD6337.bin
[03:44:23] vertex shader #380    1176 bytes  crc EB637A2D  version 3_0  -> vs_0380_EB637A2D.bin
[03:44:23] vertex shader #381    1680 bytes  crc AAD09213  version 3_0  -> vs_0381_AAD09213.bin
[03:44:23] vertex shader #382    1128 bytes  crc CD537B76  version 3_0  -> vs_0382_CD537B76.bin
[03:44:23] vertex shader #383     964 bytes  crc 5851ED13  version 3_0  -> vs_0383_5851ED13.bin
[03:44:23] vertex shader #384    1436 bytes  crc 0042D09B  version 3_0  -> vs_0384_0042D09B.bin
[03:44:23] vertex shader #385    1524 bytes  crc 84F81B5F  version 3_0  -> vs_0385_84F81B5F.bin
[03:44:23] vertex shader #386    1276 bytes  crc 057BCA5C  version 3_0  -> vs_0386_057BCA5C.bin
[03:44:23] vertex shader #387    2680 bytes  crc 36596F7F  version 3_0  -> vs_0387_36596F7F.bin
[03:44:23] vertex shader #388     796 bytes  crc F916EA6D  version 3_0  -> vs_0388_F916EA6D.bin
[03:44:23] vertex shader #389    1652 bytes  crc BE146C9E  version 3_0  -> vs_0389_BE146C9E.bin
[03:44:23] vertex shader #390    1716 bytes  crc FF7F9F1F  version 3_0  -> vs_0390_FF7F9F1F.bin
[03:44:23] vertex shader #391     808 bytes  crc E866F18D  version 3_0  -> vs_0391_E866F18D.bin
[03:44:23] vertex shader #392    1304 bytes  crc 54239117  version 3_0  -> vs_0392_54239117.bin
[03:44:23] vertex shader #393    1196 bytes  crc 0ED9433C  version 3_0  -> vs_0393_0ED9433C.bin
[03:44:23] vertex shader #394    1176 bytes  crc 7878E0EE  version 3_0  -> vs_0394_7878E0EE.bin
[03:44:23] vertex shader #395    1056 bytes  crc D991BB1D  version 3_0  -> vs_0395_D991BB1D.bin
[03:44:23] vertex shader #396    1220 bytes  crc C168B81A  version 3_0  -> vs_0396_C168B81A.bin
[03:44:23] vertex shader #397    1144 bytes  crc EDDD22D7  version 3_0  -> vs_0397_EDDD22D7.bin
[03:44:23] vertex shader #398    1332 bytes  crc 72955FBC  version 3_0  -> vs_0398_72955FBC.bin
[03:44:23] vertex shader #399    1316 bytes  crc 55E90010  version 3_0  -> vs_0399_55E90010.bin
[03:44:23] vertex shader #400     760 bytes  crc E7711906  version 3_0  -> vs_0400_E7711906.bin
[03:44:23] vertex shader #401     980 bytes  crc 3AF3B911  version 3_0  -> vs_0401_3AF3B911.bin
[03:44:23] vertex shader #402     712 bytes  crc BFEA45AA  version 3_0  -> vs_0402_BFEA45AA.bin
[03:44:23] vertex shader #403    1012 bytes  crc 1479A760  version 3_0  -> vs_0403_1479A760.bin
[03:44:23] vertex shader #404    1448 bytes  crc BC9F206D  version 3_0  -> vs_0404_BC9F206D.bin
[03:44:23] vertex shader #405    1060 bytes  crc 8A5800E9  version 3_0  -> vs_0405_8A5800E9.bin
[03:44:23] vertex shader #406    1628 bytes  crc A26E1C7D  version 3_0  -> vs_0406_A26E1C7D.bin
[03:44:23] vertex shader #407     456 bytes  crc 0CA7E27C  version 3_0  -> vs_0407_0CA7E27C.bin
[03:44:23] vertex shader #408    1696 bytes  crc 8FFB31DD  version 3_0  -> vs_0408_8FFB31DD.bin
[03:44:23] vertex shader #409    2008 bytes  crc 0DACC829  version 3_0  -> vs_0409_0DACC829.bin
[03:44:23] vertex shader #410    1140 bytes  crc F3F45A2C  version 3_0  -> vs_0410_F3F45A2C.bin
[03:44:23] vertex shader #411     848 bytes  crc E10858A2  version 3_0  -> vs_0411_E10858A2.bin
[03:44:23] vertex shader #412    1840 bytes  crc 1E8E9319  version 3_0  -> vs_0412_1E8E9319.bin
[03:44:23] vertex shader #413    1168 bytes  crc 3365A10E  version 3_0  -> vs_0413_3365A10E.bin
[03:44:23] vertex shader #414    1276 bytes  crc 81D184D3  version 3_0  -> vs_0414_81D184D3.bin
[03:44:23] vertex shader #415     856 bytes  crc 0AE890BD  version 3_0  -> vs_0415_0AE890BD.bin
[03:44:23] vertex shader #416     964 bytes  crc 4996C5D5  version 3_0  -> vs_0416_4996C5D5.bin
[03:44:23] vertex shader #417    1080 bytes  crc 363BA040  version 3_0  -> vs_0417_363BA040.bin
[03:44:23] vertex shader #418     804 bytes  crc ADD8649C  version 3_0  -> vs_0418_ADD8649C.bin
[03:44:23] vertex shader #419    1876 bytes  crc A78CCC79  version 3_0  -> vs_0419_A78CCC79.bin
[03:44:23] vertex shader #420    1972 bytes  crc AD17F96C  version 3_0  -> vs_0420_AD17F96C.bin
[03:44:23] vertex shader #421    1000 bytes  crc 6B4010E3  version 3_0  -> vs_0421_6B4010E3.bin
[03:44:23] vertex shader #422    1336 bytes  crc 3B8D4541  version 3_0  -> vs_0422_3B8D4541.bin
[03:44:23] vertex shader #423    2204 bytes  crc 7B017E1E  version 3_0  -> vs_0423_7B017E1E.bin
[03:44:23] vertex shader #424     492 bytes  crc 1C9CBD35  version 3_0  -> vs_0424_1C9CBD35.bin
[03:44:23] vertex shader #425    1484 bytes  crc 7959BEFA  version 3_0  -> vs_0425_7959BEFA.bin
[03:44:23] vertex shader #426    1060 bytes  crc B61A2BCB  version 3_0  -> vs_0426_B61A2BCB.bin
[03:44:23] vertex shader #427    1164 bytes  crc B7280560  version 3_0  -> vs_0427_B7280560.bin
[03:44:23] vertex shader #428    1616 bytes  crc 40176A7A  version 3_0  -> vs_0428_40176A7A.bin
[03:44:23] vertex shader #429    1328 bytes  crc 38C53F70  version 3_0  -> vs_0429_38C53F70.bin
[03:44:23] vertex shader #430    1900 bytes  crc AEBF7B2B  version 3_0  -> vs_0430_AEBF7B2B.bin
[03:44:23] vertex shader #431     884 bytes  crc BA7BBB6A  version 3_0  -> vs_0431_BA7BBB6A.bin
[03:44:23] vertex shader #432    1444 bytes  crc B026EF67  version 3_0  -> vs_0432_B026EF67.bin
[03:44:23] vertex shader #433    1484 bytes  crc EA0F53C0  version 3_0  -> vs_0433_EA0F53C0.bin
[03:44:23] vertex shader #434    1176 bytes  crc AE927CD5  version 3_0  -> vs_0434_AE927CD5.bin
[03:44:23] vertex shader #435    1472 bytes  crc FF8DEE2B  version 3_0  -> vs_0435_FF8DEE2B.bin
[03:44:23] vertex shader #436     576 bytes  crc 7DB882AC  version 3_0  -> vs_0436_7DB882AC.bin
[03:44:23] vertex shader #437    1236 bytes  crc 273337A5  version 3_0  -> vs_0437_273337A5.bin
[03:44:23] vertex shader #438    1676 bytes  crc EA65C1F9  version 3_0  -> vs_0438_EA65C1F9.bin
[03:44:23] vertex shader #439    2124 bytes  crc 9DDD2F7C  version 3_0  -> vs_0439_9DDD2F7C.bin
[03:44:23] vertex shader #440    1152 bytes  crc 952771D9  version 3_0  -> vs_0440_952771D9.bin
[03:44:23] vertex shader #441    1336 bytes  crc B5812B59  version 3_0  -> vs_0441_B5812B59.bin
[03:44:23] vertex shader #442     816 bytes  crc 0854C2BC  version 3_0  -> vs_0442_0854C2BC.bin
[03:44:23] vertex shader #443    1468 bytes  crc B5FFD4FF  version 3_0  -> vs_0443_B5FFD4FF.bin
[03:44:23] vertex shader #444    1436 bytes  crc B4D1DD99  version 3_0  -> vs_0444_B4D1DD99.bin
[03:44:23] vertex shader #445     852 bytes  crc CB82A6CB  version 3_0  -> vs_0445_CB82A6CB.bin
[03:44:23] vertex shader #446    1428 bytes  crc E096F14D  version 3_0  -> vs_0446_E096F14D.bin
[03:44:23] vertex shader #447     712 bytes  crc 797107E9  version 3_0  -> vs_0447_797107E9.bin
[03:44:23] vertex shader #448    1064 bytes  crc 9465BE47  version 3_0  -> vs_0448_9465BE47.bin
[03:44:23] vertex shader #449    1404 bytes  crc 1FD0F635  version 3_0  -> vs_0449_1FD0F635.bin
[03:44:23] vertex shader #450    1304 bytes  crc 635BAB46  version 3_0  -> vs_0450_635BAB46.bin
[03:44:23] vertex shader #451    1508 bytes  crc 0257B13D  version 3_0  -> vs_0451_0257B13D.bin
[03:44:23] vertex shader #452    1140 bytes  crc B42E260C  version 3_0  -> vs_0452_B42E260C.bin
[03:44:23] vertex shader #453     996 bytes  crc E6985E84  version 3_0  -> vs_0453_E6985E84.bin
[03:44:23] vertex shader #454    1484 bytes  crc 07D0AF39  version 3_0  -> vs_0454_07D0AF39.bin
[03:44:23] vertex shader #455    1192 bytes  crc B35F334E  version 3_0  -> vs_0455_B35F334E.bin
[03:44:23] vertex shader #456     816 bytes  crc 100126BC  version 3_0  -> vs_0456_100126BC.bin
[03:44:23] vertex shader #457     824 bytes  crc BF69ACF2  version 3_0  -> vs_0457_BF69ACF2.bin
[03:44:23] vertex shader #458     676 bytes  crc 99247B43  version 3_0  -> vs_0458_99247B43.bin
[03:44:23] vertex shader #459    1260 bytes  crc 21C25E10  version 3_0  -> vs_0459_21C25E10.bin
[03:44:23] vertex shader #460    1024 bytes  crc 6DE96B3D  version 3_0  -> vs_0460_6DE96B3D.bin
[03:44:23] vertex shader #461     944 bytes  crc 1DA6BE57  version 3_0  -> vs_0461_1DA6BE57.bin
[03:44:23] vertex shader #462     824 bytes  crc 1531CDFB  version 3_0  -> vs_0462_1531CDFB.bin
[03:44:23] vertex shader #463    1140 bytes  crc DC8CE9C5  version 3_0  -> vs_0463_DC8CE9C5.bin
[03:44:23] vertex shader #464    1284 bytes  crc 995432B4  version 3_0  -> vs_0464_995432B4.bin
[03:44:23] vertex shader #465    1536 bytes  crc 3F62C23A  version 3_0  -> vs_0465_3F62C23A.bin
[03:44:23] vertex shader #466    1332 bytes  crc 39B8934C  version 3_0  -> vs_0466_39B8934C.bin
[03:44:23] vertex shader #467     860 bytes  crc B37479C9  version 3_0  -> vs_0467_B37479C9.bin
[03:44:23] vertex shader #468    1460 bytes  crc 5EF32907  version 3_0  -> vs_0468_5EF32907.bin
[03:44:23] vertex shader #469    1096 bytes  crc 02592403  version 3_0  -> vs_0469_02592403.bin
[03:44:23] vertex shader #470    1112 bytes  crc 196AC087  version 3_0  -> vs_0470_196AC087.bin
[03:44:23] vertex shader #471    1024 bytes  crc 8FE17609  version 3_0  -> vs_0471_8FE17609.bin
[03:44:23] vertex shader #472     832 bytes  crc AB56D646  version 3_0  -> vs_0472_AB56D646.bin
[03:44:23] vertex shader #473     936 bytes  crc E8247322  version 3_0  -> vs_0473_E8247322.bin
[03:44:23] vertex shader #474    1056 bytes  crc EDB33B45  version 3_0  -> vs_0474_EDB33B45.bin
[03:44:23] vertex shader #475     824 bytes  crc 8B1D84B2  version 3_0  -> vs_0475_8B1D84B2.bin
[03:44:23] vertex shader #476    1268 bytes  crc E7F78C48  version 3_0  -> vs_0476_E7F78C48.bin
[03:44:23] vertex shader #477     752 bytes  crc AF91EF6C  version 3_0  -> vs_0477_AF91EF6C.bin
[03:44:23] vertex shader #478    1436 bytes  crc FF559453  version 3_0  -> vs_0478_FF559453.bin
[03:44:23] vertex shader #479    2588 bytes  crc D45E9759  version 3_0  -> vs_0479_D45E9759.bin
[03:44:23] vertex shader #480     924 bytes  crc 33FAD0ED  version 3_0  -> vs_0480_33FAD0ED.bin
[03:44:23] vertex shader #481    1132 bytes  crc 425E2683  version 3_0  -> vs_0481_425E2683.bin
[03:44:23] vertex shader #482    1156 bytes  crc 86BD8350  version 3_0  -> vs_0482_86BD8350.bin
[03:44:23] vertex shader #483     704 bytes  crc 2D2D6709  version 3_0  -> vs_0483_2D2D6709.bin
[03:44:23] vertex shader #484     860 bytes  crc 5D74E1C5  version 3_0  -> vs_0484_5D74E1C5.bin
[03:44:23] vertex shader #485    1076 bytes  crc 0B323C2D  version 3_0  -> vs_0485_0B323C2D.bin
[03:44:23] vertex shader #486     780 bytes  crc 017C90FE  version 3_0  -> vs_0486_017C90FE.bin
[03:44:23] vertex shader #487     732 bytes  crc C5800370  version 3_0  -> vs_0487_C5800370.bin
[03:44:23] vertex shader #488     724 bytes  crc 94B99FE4  version 3_0  -> vs_0488_94B99FE4.bin
[03:44:23] vertex shader #489    1584 bytes  crc BF76DB19  version 3_0  -> vs_0489_BF76DB19.bin
[03:44:23] vertex shader #490    2676 bytes  crc 273176D0  version 3_0  -> vs_0490_273176D0.bin
[03:44:23] vertex shader #491    1780 bytes  crc 151BF8DC  version 3_0  -> vs_0491_151BF8DC.bin
[03:44:23] vertex shader #492    2572 bytes  crc 25DD5F34  version 3_0  -> vs_0492_25DD5F34.bin
[03:44:23] vertex shader #493    1320 bytes  crc C74FD99D  version 3_0  -> vs_0493_C74FD99D.bin
[03:44:23] vertex shader #494    2576 bytes  crc CB9FF9A5  version 3_0  -> vs_0494_CB9FF9A5.bin
[03:44:23] vertex shader #495    1680 bytes  crc 27B3ECFA  version 3_0  -> vs_0495_27B3ECFA.bin
[03:44:23] vertex shader #496    1880 bytes  crc 20613C33  version 3_0  -> vs_0496_20613C33.bin
[03:44:23] vertex shader #497     888 bytes  crc 7849190A  version 3_0  -> vs_0497_7849190A.bin
[03:44:23] vertex shader #498    1156 bytes  crc 84A2F0F4  version 3_0  -> vs_0498_84A2F0F4.bin
[03:44:23] vertex shader #499    1680 bytes  crc 0DFCCEF4  version 3_0  -> vs_0499_0DFCCEF4.bin
[03:44:23] vertex shader #500    1248 bytes  crc 56DCCFCE  version 3_0  -> vs_0500_56DCCFCE.bin
[03:44:23] vertex shader #501    2768 bytes  crc 4075615D  version 3_0  -> vs_0501_4075615D.bin
[03:44:23] vertex shader #502    1260 bytes  crc 20FBC516  version 3_0  -> vs_0502_20FBC516.bin
[03:44:23] vertex shader #503    1368 bytes  crc AFA94D18  version 3_0  -> vs_0503_AFA94D18.bin
[03:44:23] vertex shader #504     912 bytes  crc B6CA4720  version 3_0  -> vs_0504_B6CA4720.bin
[03:44:23] vertex shader #505    1564 bytes  crc 801748B7  version 3_0  -> vs_0505_801748B7.bin
[03:44:23] vertex shader #506    1712 bytes  crc 2B19F587  version 3_0  -> vs_0506_2B19F587.bin
[03:44:23] vertex shader #507    1288 bytes  crc A6132D9A  version 3_0  -> vs_0507_A6132D9A.bin
[03:44:23] vertex shader #508     712 bytes  crc AD051432  version 3_0  -> vs_0508_AD051432.bin
[03:44:23] vertex shader #509    1048 bytes  crc E6E8B845  version 3_0  -> vs_0509_E6E8B845.bin
[03:44:23] vertex shader #510     884 bytes  crc 9C74B6FE  version 3_0  -> vs_0510_9C74B6FE.bin
[03:44:23] vertex shader #511     848 bytes  crc 9C527C6C  version 3_0  -> vs_0511_9C527C6C.bin
[03:44:23] vertex shader #512    2444 bytes  crc B3B7B725  version 3_0  -> vs_0512_B3B7B725.bin
[03:44:23] vertex shader #513    1072 bytes  crc AF97ED24  version 3_0  -> vs_0513_AF97ED24.bin
[03:44:23] vertex shader #514    2648 bytes  crc 142922A2  version 3_0  -> vs_0514_142922A2.bin
[03:44:23] vertex shader #515    1344 bytes  crc 94315109  version 3_0  -> vs_0515_94315109.bin
[03:44:23] vertex shader #516    1668 bytes  crc 996BFFC4  version 3_0  -> vs_0516_996BFFC4.bin
[03:44:23] vertex shader #517     816 bytes  crc AA2769FD  version 3_0  -> vs_0517_AA2769FD.bin
[03:44:23] vertex shader #518    1460 bytes  crc 81481A4D  version 3_0  -> vs_0518_81481A4D.bin
[03:44:23] vertex shader #519     824 bytes  crc C8685B82  version 3_0  -> vs_0519_C8685B82.bin
[03:44:23] vertex shader #520    1644 bytes  crc CFEE0BB2  version 3_0  -> vs_0520_CFEE0BB2.bin
[03:44:23] vertex shader #521    1072 bytes  crc 9CFA347C  version 3_0  -> vs_0521_9CFA347C.bin
[03:44:23] vertex shader #522     984 bytes  crc 678B7D2A  version 3_0  -> vs_0522_678B7D2A.bin
[03:44:23] vertex shader #523    1036 bytes  crc 9BC58F18  version 3_0  -> vs_0523_9BC58F18.bin
[03:44:23] vertex shader #524     712 bytes  crc A86D8188  version 3_0  -> vs_0524_A86D8188.bin
[03:44:23] vertex shader #525    1516 bytes  crc 87FC55CD  version 3_0  -> vs_0525_87FC55CD.bin
[03:44:23] vertex shader #526    2068 bytes  crc 4E371944  version 3_0  -> vs_0526_4E371944.bin
[03:44:23] vertex shader #527    2692 bytes  crc 3B8FCD7F  version 3_0  -> vs_0527_3B8FCD7F.bin
[03:44:23] vertex shader #528    1612 bytes  crc 3BF282B8  version 3_0  -> vs_0528_3BF282B8.bin
[03:44:23] vertex shader #529    2552 bytes  crc 851C4828  version 3_0  -> vs_0529_851C4828.bin
[03:44:23] vertex shader #530    1304 bytes  crc E57BDFC2  version 3_0  -> vs_0530_E57BDFC2.bin
[03:44:23] vertex shader #531    1068 bytes  crc 3D2F6466  version 3_0  -> vs_0531_3D2F6466.bin
[03:44:23] vertex shader #532    3072 bytes  crc EFD0E327  version 3_0  -> vs_0532_EFD0E327.bin
[03:44:23] vertex shader #533     960 bytes  crc 42442DD7  version 3_0  -> vs_0533_42442DD7.bin
[03:44:23] vertex shader #534     968 bytes  crc 3F40D761  version 3_0  -> vs_0534_3F40D761.bin
[03:44:23] vertex shader #535    1204 bytes  crc 7A5F03D8  version 3_0  -> vs_0535_7A5F03D8.bin
[03:44:23] vertex shader #536    1084 bytes  crc ADD24F4E  version 3_0  -> vs_0536_ADD24F4E.bin
[03:44:23] vertex shader #537     952 bytes  crc C4F0AF37  version 3_0  -> vs_0537_C4F0AF37.bin
[03:44:23] vertex shader #538     424 bytes  crc F57D77A7  version 3_0  -> vs_0538_F57D77A7.bin
[03:44:23] vertex shader #539    1200 bytes  crc 3869F6D5  version 3_0  -> vs_0539_3869F6D5.bin
[03:44:23] vertex shader #540    1820 bytes  crc ECAD40EA  version 3_0  -> vs_0540_ECAD40EA.bin
[03:44:23] vertex shader #541     856 bytes  crc A5C698A8  version 3_0  -> vs_0541_A5C698A8.bin
[03:44:23] vertex shader #542    1192 bytes  crc 5C62725E  version 3_0  -> vs_0542_5C62725E.bin
[03:44:23] vertex shader #543    1040 bytes  crc FBD6B3C9  version 3_0  -> vs_0543_FBD6B3C9.bin
[03:44:23] vertex shader #544    1780 bytes  crc CBD41C14  version 3_0  -> vs_0544_CBD41C14.bin
[03:44:23] vertex shader #545     852 bytes  crc 82BE224F  version 3_0  -> vs_0545_82BE224F.bin
[03:44:23] vertex shader #546     928 bytes  crc 91379C06  version 3_0  -> vs_0546_91379C06.bin
[03:44:23] vertex shader #547    1276 bytes  crc A1A2E6C5  version 3_0  -> vs_0547_A1A2E6C5.bin
[03:44:23] vertex shader #548     944 bytes  crc 837C7209  version 3_0  -> vs_0548_837C7209.bin
[03:44:23] vertex shader #549    2004 bytes  crc D180AD29  version 3_0  -> vs_0549_D180AD29.bin
[03:44:23] vertex shader #550    1056 bytes  crc BB2BB914  version 3_0  -> vs_0550_BB2BB914.bin
[03:44:23] vertex shader #551    1236 bytes  crc 5901EAE0  version 3_0  -> vs_0551_5901EAE0.bin
[03:44:23] vertex shader #552    1936 bytes  crc 3FACADBF  version 3_0  -> vs_0552_3FACADBF.bin
[03:44:23] vertex shader #553    1796 bytes  crc D0E1B726  version 3_0  -> vs_0553_D0E1B726.bin
[03:44:23] vertex shader #554    1340 bytes  crc E03C2653  version 3_0  -> vs_0554_E03C2653.bin
[03:44:23] vertex shader #555    1128 bytes  crc 3E1D7C68  version 3_0  -> vs_0555_3E1D7C68.bin
[03:44:23] vertex shader #556    1728 bytes  crc D03E78A7  version 3_0  -> vs_0556_D03E78A7.bin
[03:44:23] vertex shader #557    1496 bytes  crc 8B04FDF9  version 3_0  -> vs_0557_8B04FDF9.bin
[03:44:23] vertex shader #558    1272 bytes  crc E54E5B6B  version 3_0  -> vs_0558_E54E5B6B.bin
[03:44:23] vertex shader #559     964 bytes  crc DBC7AB48  version 3_0  -> vs_0559_DBC7AB48.bin
[03:44:23] vertex shader #560    1376 bytes  crc 0F19E1BB  version 3_0  -> vs_0560_0F19E1BB.bin
[03:44:23] vertex shader #561     988 bytes  crc 985C6FCE  version 3_0  -> vs_0561_985C6FCE.bin
[03:44:23] vertex shader #562     808 bytes  crc F17AE063  version 3_0  -> vs_0562_F17AE063.bin
[03:44:23] vertex shader #563    1552 bytes  crc 7776DDF4  version 3_0  -> vs_0563_7776DDF4.bin
[03:44:23] vertex shader #564     964 bytes  crc 508AD43B  version 3_0  -> vs_0564_508AD43B.bin
[03:44:23] vertex shader #565    1128 bytes  crc 183E8D28  version 3_0  -> vs_0565_183E8D28.bin
[03:44:23] vertex shader #566    1832 bytes  crc 285F57D8  version 3_0  -> vs_0566_285F57D8.bin
[03:44:23] vertex shader #567    1548 bytes  crc 7A9CAABE  version 3_0  -> vs_0567_7A9CAABE.bin
[03:44:23] vertex shader #568    1012 bytes  crc F0A703D1  version 3_0  -> vs_0568_F0A703D1.bin
[03:44:23] vertex shader #569     512 bytes  crc 1DA244D0  version 3_0  -> vs_0569_1DA244D0.bin
[03:44:23] vertex shader #570     796 bytes  crc 0561BD41  version 3_0  -> vs_0570_0561BD41.bin
[03:44:23] vertex shader #571    1476 bytes  crc 27108A86  version 3_0  -> vs_0571_27108A86.bin
[03:44:23] vertex shader #572     760 bytes  crc 5ED5137D  version 3_0  -> vs_0572_5ED5137D.bin
[03:44:23] vertex shader #573    1684 bytes  crc 1D3ED867  version 3_0  -> vs_0573_1D3ED867.bin
[03:44:23] vertex shader #574    1712 bytes  crc A50D869E  version 3_0  -> vs_0574_A50D869E.bin
[03:44:23] vertex shader #575     992 bytes  crc 09CF0A46  version 3_0  -> vs_0575_09CF0A46.bin
[03:44:23] vertex shader #576    1688 bytes  crc 7B959544  version 3_0  -> vs_0576_7B959544.bin
[03:44:23] vertex shader #577    1068 bytes  crc E30418EF  version 3_0  -> vs_0577_E30418EF.bin
[03:44:23] vertex shader #578    1248 bytes  crc 14B918D7  version 3_0  -> vs_0578_14B918D7.bin
[03:44:23] vertex shader #579    1008 bytes  crc 65F7B415  version 3_0  -> vs_0579_65F7B415.bin
[03:44:23] vertex shader #580    1228 bytes  crc BD99A32E  version 3_0  -> vs_0580_BD99A32E.bin
[03:44:23] vertex shader #581     860 bytes  crc B662EF3E  version 3_0  -> vs_0581_B662EF3E.bin
[03:44:23] vertex shader #582    1280 bytes  crc 1DE432B6  version 3_0  -> vs_0582_1DE432B6.bin
[03:44:23] vertex shader #583    1072 bytes  crc 9AE51E73  version 3_0  -> vs_0583_9AE51E73.bin
[03:44:23] vertex shader #584    1472 bytes  crc 6C0351F0  version 3_0  -> vs_0584_6C0351F0.bin
[03:44:23] vertex shader #585    1868 bytes  crc E3030BC5  version 3_0  -> vs_0585_E3030BC5.bin
[03:44:23] vertex shader #586    1284 bytes  crc 73547657  version 3_0  -> vs_0586_73547657.bin
[03:44:23] vertex shader #587    1528 bytes  crc 66307A3A  version 3_0  -> vs_0587_66307A3A.bin
[03:44:23] vertex shader #588     928 bytes  crc 857976A9  version 3_0  -> vs_0588_857976A9.bin
[03:44:23] vertex shader #589     988 bytes  crc B4F31D02  version 3_0  -> vs_0589_B4F31D02.bin
[03:44:23] vertex shader #590    2540 bytes  crc 861A3C91  version 3_0  -> vs_0590_861A3C91.bin
[03:44:23] vertex shader #591    1296 bytes  crc E7EB2B29  version 3_0  -> vs_0591_E7EB2B29.bin
[03:44:23] vertex shader #592    1568 bytes  crc 27C7F3F1  version 3_0  -> vs_0592_27C7F3F1.bin
[03:44:23] vertex shader #593    1772 bytes  crc B4F08FCA  version 3_0  -> vs_0593_B4F08FCA.bin
[03:44:23] vertex shader #594    1072 bytes  crc D8F4B49F  version 3_0  -> vs_0594_D8F4B49F.bin
[03:44:23] vertex shader #595     752 bytes  crc A0A772BB  version 3_0  -> vs_0595_A0A772BB.bin
[03:44:23] vertex shader #596    1496 bytes  crc ED86FF00  version 3_0  -> vs_0596_ED86FF00.bin
[03:44:23] vertex shader #597    1036 bytes  crc 7DCA74CC  version 3_0  -> vs_0597_7DCA74CC.bin
[03:44:23] vertex shader #598    1164 bytes  crc 8BE1CD78  version 3_0  -> vs_0598_8BE1CD78.bin
[03:44:23] vertex shader #599    1552 bytes  crc 336ADEAB  version 3_0  -> vs_0599_336ADEAB.bin
[03:44:23] vertex shader #600     856 bytes  crc 4A5CF2EA  version 3_0  -> vs_0600_4A5CF2EA.bin
[03:44:23] vertex shader #601    1220 bytes  crc 22245037  version 3_0  -> vs_0601_22245037.bin
[03:44:23] vertex shader #602    1420 bytes  crc FF12BAD1  version 3_0  -> vs_0602_FF12BAD1.bin
[03:44:23] vertex shader #603     944 bytes  crc 08DE391D  version 3_0  -> vs_0603_08DE391D.bin
[03:44:23] vertex shader #604    1040 bytes  crc CDE10BA0  version 3_0  -> vs_0604_CDE10BA0.bin
[03:44:23] vertex shader #605     656 bytes  crc 10C8B705  version 3_0  -> vs_0605_10C8B705.bin
[03:44:23] vertex shader #606    1836 bytes  crc 8C0FAA92  version 3_0  -> vs_0606_8C0FAA92.bin
[03:44:23] vertex shader #607    1204 bytes  crc 47927F5F  version 3_0  -> vs_0607_47927F5F.bin
[03:44:23] vertex shader #608     868 bytes  crc 6727E524  version 3_0  -> vs_0608_6727E524.bin
[03:44:23] vertex shader #609    1900 bytes  crc B359A5C8  version 3_0  -> vs_0609_B359A5C8.bin
[03:44:23] vertex shader #610    2072 bytes  crc AD571AE7  version 3_0  -> vs_0610_AD571AE7.bin
[03:44:23] vertex shader #611    1396 bytes  crc A8FBB884  version 3_0  -> vs_0611_A8FBB884.bin
[03:44:23] vertex shader #612     944 bytes  crc 86506B36  version 3_0  -> vs_0612_86506B36.bin
[03:44:23] vertex shader #613     708 bytes  crc E67288B5  version 3_0  -> vs_0613_E67288B5.bin
[03:44:23] vertex shader #614     928 bytes  crc DF6BF028  version 3_0  -> vs_0614_DF6BF028.bin
[03:44:23] vertex shader #615    1000 bytes  crc 001779FB  version 3_0  -> vs_0615_001779FB.bin
[03:44:23] vertex shader #616    1624 bytes  crc 4C24D023  version 3_0  -> vs_0616_4C24D023.bin
[03:44:23] vertex shader #617     540 bytes  crc DC1F8964  version 3_0  -> vs_0617_DC1F8964.bin
[03:44:23] vertex shader #618     596 bytes  crc 65820C9D  version 3_0  -> vs_0618_65820C9D.bin
[03:44:23] vertex shader #619    1660 bytes  crc D5E4839A  version 3_0  -> vs_0619_D5E4839A.bin
[03:44:23] vertex shader #620     868 bytes  crc F09EC5E9  version 3_0  -> vs_0620_F09EC5E9.bin
[03:44:23] vertex shader #621    1164 bytes  crc F54288D4  version 3_0  -> vs_0621_F54288D4.bin
[03:44:23] vertex shader #622    1084 bytes  crc B4CE5EA0  version 3_0  -> vs_0622_B4CE5EA0.bin
[03:44:23] vertex shader #623     364 bytes  crc AF260FE4  version 3_0  -> vs_0623_AF260FE4.bin
[03:44:23] vertex shader #624    1412 bytes  crc A31FC988  version 3_0  -> vs_0624_A31FC988.bin
[03:44:23] vertex shader #625    1048 bytes  crc DDC9F129  version 3_0  -> vs_0625_DDC9F129.bin
[03:44:23] vertex shader #626    1600 bytes  crc A1A182E5  version 3_0  -> vs_0626_A1A182E5.bin
[03:44:23] vertex shader #627    2664 bytes  crc A6A7900F  version 3_0  -> vs_0627_A6A7900F.bin
[03:44:23] vertex shader #628    1084 bytes  crc FE72AEDA  version 3_0  -> vs_0628_FE72AEDA.bin
[03:44:23] vertex shader #629     804 bytes  crc 9C0016F0  version 3_0  -> vs_0629_9C0016F0.bin
[03:44:23] vertex shader #630     512 bytes  crc 180AE0C0  version 3_0  -> vs_0630_180AE0C0.bin
[03:44:23] vertex shader #631    1064 bytes  crc 65B05FC5  version 3_0  -> vs_0631_65B05FC5.bin
[03:44:23] vertex shader #632     868 bytes  crc 3D3D7BF2  version 3_0  -> vs_0632_3D3D7BF2.bin
[03:44:23] vertex shader #633     596 bytes  crc B085D37A  version 3_0  -> vs_0633_B085D37A.bin
[03:44:23] vertex shader #634     920 bytes  crc 160165E2  version 3_0  -> vs_0634_160165E2.bin
[03:44:23] vertex shader #635     848 bytes  crc 04240AE0  version 3_0  -> vs_0635_04240AE0.bin
[03:44:23] vertex shader #636    1300 bytes  crc 552901B2  version 3_0  -> vs_0636_552901B2.bin
[03:44:23] vertex shader #637     700 bytes  crc 74567CF0  version 3_0  -> vs_0637_74567CF0.bin
[03:44:23] vertex shader #638    1660 bytes  crc 0413488C  version 3_0  -> vs_0638_0413488C.bin
[03:44:23] vertex shader #639     796 bytes  crc 71AC03B8  version 3_0  -> vs_0639_71AC03B8.bin
[03:44:23] vertex shader #640     972 bytes  crc 49122B9A  version 3_0  -> vs_0640_49122B9A.bin
[03:44:23] vertex shader #641    1524 bytes  crc 807AD3C1  version 3_0  -> vs_0641_807AD3C1.bin
[03:44:23] vertex shader #642     956 bytes  crc 569D8DD5  version 3_0  -> vs_0642_569D8DD5.bin
[03:44:23] vertex shader #643    1340 bytes  crc 884E5D50  version 3_0  -> vs_0643_884E5D50.bin
[03:44:23] vertex shader #644    1436 bytes  crc B5B6F064  version 3_0  -> vs_0644_B5B6F064.bin
[03:44:23] vertex shader #645    1016 bytes  crc 0224BA77  version 3_0  -> vs_0645_0224BA77.bin
[03:44:23] vertex shader #646    1020 bytes  crc 1ABFCA2D  version 3_0  -> vs_0646_1ABFCA2D.bin
[03:44:23] vertex shader #647    1304 bytes  crc 7A9B7B9D  version 3_0  -> vs_0647_7A9B7B9D.bin
[03:44:23] vertex shader #648    1272 bytes  crc 8E9920C2  version 3_0  -> vs_0648_8E9920C2.bin
[03:44:23] vertex shader #649    1460 bytes  crc 262F475B  version 3_0  -> vs_0649_262F475B.bin
[03:44:23] vertex shader #650    1508 bytes  crc 6ED77CDB  version 3_0  -> vs_0650_6ED77CDB.bin
[03:44:23] vertex shader #651     916 bytes  crc A68518CD  version 3_0  -> vs_0651_A68518CD.bin
[03:44:23] vertex shader #652    1116 bytes  crc AF3B8A3F  version 3_0  -> vs_0652_AF3B8A3F.bin
[03:44:23] vertex shader #653     864 bytes  crc 2EE80330  version 3_0  -> vs_0653_2EE80330.bin
[03:44:23] vertex shader #654     980 bytes  crc 2895144E  version 3_0  -> vs_0654_2895144E.bin
[03:44:23] vertex shader #655    1016 bytes  crc 9B3DD008  version 3_0  -> vs_0655_9B3DD008.bin
[03:44:23] vertex shader #656    1116 bytes  crc 8D4C049D  version 3_0  -> vs_0656_8D4C049D.bin
[03:44:23] vertex shader #657     632 bytes  crc F32EC2BE  version 3_0  -> vs_0657_F32EC2BE.bin
[03:44:23] vertex shader #658    1164 bytes  crc CA1351CA  version 3_0  -> vs_0658_CA1351CA.bin
[03:44:23] vertex shader #659    1208 bytes  crc 2176CC75  version 3_0  -> vs_0659_2176CC75.bin
[03:44:23] vertex shader #660    1084 bytes  crc C663CCDA  version 3_0  -> vs_0660_C663CCDA.bin
[03:44:23] vertex shader #661    1272 bytes  crc 5B50690C  version 3_0  -> vs_0661_5B50690C.bin
[03:44:23] vertex shader #662    1760 bytes  crc 7ACBD55D  version 3_0  -> vs_0662_7ACBD55D.bin
[03:44:23] vertex shader #663    1408 bytes  crc D14B6F94  version 3_0  -> vs_0663_D14B6F94.bin
[03:44:23] vertex shader #664    1428 bytes  crc BD8BC4B5  version 3_0  -> vs_0664_BD8BC4B5.bin
[03:44:23] vertex shader #665    1276 bytes  crc BE3EF530  version 3_0  -> vs_0665_BE3EF530.bin
[03:44:23] vertex shader #666    1204 bytes  crc D855E285  version 3_0  -> vs_0666_D855E285.bin
[03:44:23] vertex shader #667    1752 bytes  crc CE750607  version 3_0  -> vs_0667_CE750607.bin
[03:44:23] vertex shader #668     772 bytes  crc 0CF86F52  version 3_0  -> vs_0668_0CF86F52.bin
[03:44:23] vertex shader #669    1212 bytes  crc B97CC56A  version 3_0  -> vs_0669_B97CC56A.bin
[03:44:23] vertex shader #670    1552 bytes  crc E1471949  version 3_0  -> vs_0670_E1471949.bin
[03:44:23] vertex shader #671    1084 bytes  crc 5EB686E1  version 3_0  -> vs_0671_5EB686E1.bin
[03:44:23] vertex shader #672    1028 bytes  crc CAEA955B  version 3_0  -> vs_0672_CAEA955B.bin
[03:44:23] vertex shader #673    1308 bytes  crc 8D43EC66  version 3_0  -> vs_0673_8D43EC66.bin
[03:44:23] vertex shader #674    1060 bytes  crc 92C8BDFF  version 3_0  -> vs_0674_92C8BDFF.bin
[03:44:23] vertex shader #675     768 bytes  crc BAB3C4C6  version 3_0  -> vs_0675_BAB3C4C6.bin
[03:44:23] vertex shader #676     912 bytes  crc CE071AF7  version 3_0  -> vs_0676_CE071AF7.bin
[03:44:23] vertex shader #677     980 bytes  crc 23EFA8FF  version 3_0  -> vs_0677_23EFA8FF.bin
[03:44:23] vertex shader #678     596 bytes  crc A999C294  version 3_0  -> vs_0678_A999C294.bin
[03:44:23] vertex shader #679     908 bytes  crc 344F89D5  version 3_0  -> vs_0679_344F89D5.bin
[03:44:23] vertex shader #680    2996 bytes  crc ABE9E437  version 3_0  -> vs_0680_ABE9E437.bin
[03:44:23] vertex shader #681    1108 bytes  crc 8AC1C783  version 3_0  -> vs_0681_8AC1C783.bin
[03:44:23] vertex shader #682    1448 bytes  crc BC791273  version 3_0  -> vs_0682_BC791273.bin
[03:44:23] vertex shader #683     964 bytes  crc 73E2B6DB  version 3_0  -> vs_0683_73E2B6DB.bin
[03:44:23] vertex shader #684     724 bytes  crc 365934ED  version 3_0  -> vs_0684_365934ED.bin
[03:44:23] vertex shader #685    1912 bytes  crc 39F778B9  version 3_0  -> vs_0685_39F778B9.bin
[03:44:23] vertex shader #686     884 bytes  crc E6499959  version 3_0  -> vs_0686_E6499959.bin
[03:44:23] vertex shader #687    1704 bytes  crc E458B515  version 3_0  -> vs_0687_E458B515.bin
[03:44:23] vertex shader #688    2496 bytes  crc 03E88039  version 3_0  -> vs_0688_03E88039.bin
[03:44:23] vertex shader #689     708 bytes  crc 305E8B6A  version 3_0  -> vs_0689_305E8B6A.bin
[03:44:23] vertex shader #690    1364 bytes  crc 6CDC044C  version 3_0  -> vs_0690_6CDC044C.bin
[03:44:23] vertex shader #691     980 bytes  crc B141AF2E  version 3_0  -> vs_0691_B141AF2E.bin
[03:44:23] vertex shader #692    1012 bytes  crc CE472F2A  version 3_0  -> vs_0692_CE472F2A.bin
[03:44:23] vertex shader #693     988 bytes  crc DD5FFC6F  version 3_0  -> vs_0693_DD5FFC6F.bin
[03:44:23] vertex shader #694     864 bytes  crc F4AA3759  version 3_0  -> vs_0694_F4AA3759.bin
[03:44:23] vertex shader #695    2008 bytes  crc 43F5DA54  version 3_0  -> vs_0695_43F5DA54.bin
[03:44:23] vertex shader #696     840 bytes  crc 731568AF  version 3_0  -> vs_0696_731568AF.bin
[03:44:23] vertex shader #697     884 bytes  crc 7003ED8E  version 3_0  -> vs_0697_7003ED8E.bin
[03:44:23] vertex shader #698    1328 bytes  crc 21D92E9E  version 3_0  -> vs_0698_21D92E9E.bin
[03:44:23] vertex shader #699    1924 bytes  crc 91C9A92D  version 3_0  -> vs_0699_91C9A92D.bin
[03:44:23] vertex shader #700    1512 bytes  crc 4728EE48  version 3_0  -> vs_0700_4728EE48.bin
[03:44:23] vertex shader #701    1980 bytes  crc 71AD3087  version 3_0  -> vs_0701_71AD3087.bin
[03:44:23] vertex shader #702     960 bytes  crc 78259DE6  version 3_0  -> vs_0702_78259DE6.bin
[03:44:23] vertex shader #703    1700 bytes  crc DC9DDF09  version 3_0  -> vs_0703_DC9DDF09.bin
[03:44:23] vertex shader #704    2028 bytes  crc A6212FC7  version 3_0  -> vs_0704_A6212FC7.bin
[03:44:23] vertex shader #705    2024 bytes  crc 922ED3EE  version 3_0  -> vs_0705_922ED3EE.bin
[03:44:23] vertex shader #706     972 bytes  crc D6140B48  version 3_0  -> vs_0706_D6140B48.bin
[03:44:23] vertex shader #707    2032 bytes  crc 83C30A7A  version 3_0  -> vs_0707_83C30A7A.bin
[03:44:23] vertex shader #708    1756 bytes  crc 6F08190E  version 3_0  -> vs_0708_6F08190E.bin
[03:44:23] vertex shader #709    2340 bytes  crc C6F6751F  version 3_0  -> vs_0709_C6F6751F.bin
[03:44:23] vertex shader #710    1528 bytes  crc 31D616F5  version 3_0  -> vs_0710_31D616F5.bin
[03:44:23] vertex shader #711    1964 bytes  crc E52CA77F  version 3_0  -> vs_0711_E52CA77F.bin
[03:44:23] vertex shader #712    1248 bytes  crc C956E1AD  version 3_0  -> vs_0712_C956E1AD.bin
[03:44:23] vertex shader #713    1804 bytes  crc 08912BE1  version 3_0  -> vs_0713_08912BE1.bin
[03:44:23] vertex shader #714    1652 bytes  crc AF41CE16  version 3_0  -> vs_0714_AF41CE16.bin
[03:44:23] vertex shader #715    1436 bytes  crc 0EB2CE33  version 3_0  -> vs_0715_0EB2CE33.bin
[03:44:23] vertex shader #716     408 bytes  crc 982F3757  version 3_0  -> vs_0716_982F3757.bin
[03:44:23] vertex shader #717    1064 bytes  crc 0840A406  version 3_0  -> vs_0717_0840A406.bin
[03:44:23] vertex shader #718     752 bytes  crc B9BB6355  version 3_0  -> vs_0718_B9BB6355.bin
[03:44:23] vertex shader #719     860 bytes  crc 414A6C85  version 3_0  -> vs_0719_414A6C85.bin
[03:44:23] vertex shader #720    1724 bytes  crc 4B82910C  version 3_0  -> vs_0720_4B82910C.bin
[03:44:23] vertex shader #721    1000 bytes  crc 539D7B36  version 3_0  -> vs_0721_539D7B36.bin
[03:44:23] vertex shader #722    2316 bytes  crc 4A7E6EEB  version 3_0  -> vs_0722_4A7E6EEB.bin
[03:44:23] vertex shader #723    1272 bytes  crc 1C3FFB2E  version 3_0  -> vs_0723_1C3FFB2E.bin
[03:44:23] vertex shader #724    1356 bytes  crc C098FD8F  version 3_0  -> vs_0724_C098FD8F.bin
[03:44:23] vertex shader #725    1456 bytes  crc 68360897  version 3_0  -> vs_0725_68360897.bin
[03:44:23] vertex shader #726    1760 bytes  crc 8F9585D2  version 3_0  -> vs_0726_8F9585D2.bin
[03:44:23] vertex shader #727    1116 bytes  crc 1BFC7B5E  version 3_0  -> vs_0727_1BFC7B5E.bin
[03:44:23] vertex shader #728    1312 bytes  crc FE2B2E18  version 3_0  -> vs_0728_FE2B2E18.bin
[03:44:23] vertex shader #729    1556 bytes  crc 6EE33FCC  version 3_0  -> vs_0729_6EE33FCC.bin
[03:44:23] vertex shader #730    1016 bytes  crc E3404B0E  version 3_0  -> vs_0730_E3404B0E.bin
[03:44:23] vertex shader #731    1308 bytes  crc 82238C67  version 3_0  -> vs_0731_82238C67.bin
[03:44:23] vertex shader #732    1504 bytes  crc 016E1EE8  version 3_0  -> vs_0732_016E1EE8.bin
[03:44:23] vertex shader #733    1292 bytes  crc 1275F8EC  version 3_0  -> vs_0733_1275F8EC.bin
[03:44:23] vertex shader #734    1328 bytes  crc 309745FF  version 3_0  -> vs_0734_309745FF.bin
[03:44:23] vertex shader #735    1600 bytes  crc 796CB68D  version 3_0  -> vs_0735_796CB68D.bin
[03:44:23] vertex shader #736    1152 bytes  crc CE22C72E  version 3_0  -> vs_0736_CE22C72E.bin
[03:44:23] vertex shader #737    1464 bytes  crc 9A1B6F2B  version 3_0  -> vs_0737_9A1B6F2B.bin
[03:44:23] vertex shader #738    1280 bytes  crc EF4F860F  version 3_0  -> vs_0738_EF4F860F.bin
[03:44:23] vertex shader #739    1028 bytes  crc 303D96F4  version 3_0  -> vs_0739_303D96F4.bin
[03:44:23] vertex shader #740    1256 bytes  crc 2A4FA05B  version 3_0  -> vs_0740_2A4FA05B.bin
[03:44:23] vertex shader #741    1540 bytes  crc C1530E49  version 3_0  -> vs_0741_C1530E49.bin
[03:44:23] vertex shader #742    1432 bytes  crc CDBFC3F5  version 3_0  -> vs_0742_CDBFC3F5.bin
[03:44:23] vertex shader #743    1484 bytes  crc 1D289C1D  version 3_0  -> vs_0743_1D289C1D.bin
[03:44:23] vertex shader #744    1760 bytes  crc A4BF0E87  version 3_0  -> vs_0744_A4BF0E87.bin
[03:44:23] vertex shader #745    1564 bytes  crc C5527F6F  version 3_0  -> vs_0745_C5527F6F.bin
[03:44:23] vertex shader #746    1200 bytes  crc F307B924  version 3_0  -> vs_0746_F307B924.bin
[03:44:23] vertex shader #747    1528 bytes  crc 4480CA58  version 3_0  -> vs_0747_4480CA58.bin
[03:44:23] vertex shader #748    1052 bytes  crc 1C9B88AB  version 3_0  -> vs_0748_1C9B88AB.bin
[03:44:23] vertex shader #749    1000 bytes  crc 81FCE53A  version 3_0  -> vs_0749_81FCE53A.bin
[03:44:23] vertex shader #750    1368 bytes  crc 0CDE7E19  version 3_0  -> vs_0750_0CDE7E19.bin
[03:44:23] vertex shader #751    1296 bytes  crc 55E95C44  version 3_0  -> vs_0751_55E95C44.bin
[03:44:23] vertex shader #752    1152 bytes  crc B63BDA7D  version 3_0  -> vs_0752_B63BDA7D.bin
[03:44:23] vertex shader #753    1408 bytes  crc 2ECFD29E  version 3_0  -> vs_0753_2ECFD29E.bin
[03:44:23] vertex shader #754    1308 bytes  crc 737ABAB9  version 3_0  -> vs_0754_737ABAB9.bin
[03:44:23] vertex shader #755    1064 bytes  crc 098C416A  version 3_0  -> vs_0755_098C416A.bin
[03:44:23] vertex shader #756    1456 bytes  crc 4025AE31  version 3_0  -> vs_0756_4025AE31.bin
[03:44:23] vertex shader #757     748 bytes  crc 4632F8AD  version 3_0  -> vs_0757_4632F8AD.bin
[03:44:23] vertex shader #758     912 bytes  crc BE199A4F  version 3_0  -> vs_0758_BE199A4F.bin
[03:44:23] vertex shader #759    1056 bytes  crc B9364B10  version 3_0  -> vs_0759_B9364B10.bin
[03:44:23] vertex shader #760    1316 bytes  crc 520E7902  version 3_0  -> vs_0760_520E7902.bin
[03:44:23] vertex shader #761    1432 bytes  crc 245A9752  version 3_0  -> vs_0761_245A9752.bin
[03:44:23] vertex shader #762    1536 bytes  crc 43A6F05C  version 3_0  -> vs_0762_43A6F05C.bin
[03:44:23] vertex shader #763    1012 bytes  crc 97441110  version 3_0  -> vs_0763_97441110.bin
[03:44:23] vertex shader #764    2564 bytes  crc 451246B6  version 3_0  -> vs_0764_451246B6.bin
[03:44:23] vertex shader #765     888 bytes  crc 5C21143A  version 3_0  -> vs_0765_5C21143A.bin
[03:44:23] vertex shader #766    1300 bytes  crc B9F82910  version 3_0  -> vs_0766_B9F82910.bin
[03:44:23] vertex shader #767     964 bytes  crc AF702044  version 3_0  -> vs_0767_AF702044.bin
[03:44:23] vertex shader #768    1092 bytes  crc 49E9310D  version 3_0  -> vs_0768_49E9310D.bin
[03:44:23] vertex shader #769    1332 bytes  crc B66E4810  version 3_0  -> vs_0769_B66E4810.bin
[03:44:23] vertex shader #770    1528 bytes  crc 28CA071B  version 3_0  -> vs_0770_28CA071B.bin
[03:44:23] vertex shader #771     768 bytes  crc 6EAF0B40  version 3_0  -> vs_0771_6EAF0B40.bin
[03:44:23] vertex shader #772    1580 bytes  crc F7622D44  version 3_0  -> vs_0772_F7622D44.bin
[03:44:23] vertex shader #773    1072 bytes  crc FCD8630B  version 3_0  -> vs_0773_FCD8630B.bin
[03:44:23] vertex shader #774    1452 bytes  crc AD86DF5B  version 3_0  -> vs_0774_AD86DF5B.bin
[03:44:23] vertex shader #775     900 bytes  crc 5B1402C3  version 3_0  -> vs_0775_5B1402C3.bin
[03:44:23] vertex shader #776    1472 bytes  crc C889623B  version 3_0  -> vs_0776_C889623B.bin
[03:44:23] vertex shader #777    1288 bytes  crc 65DDF4A4  version 3_0  -> vs_0777_65DDF4A4.bin
[03:44:23] vertex shader #778    1284 bytes  crc A0D18B97  version 3_0  -> vs_0778_A0D18B97.bin
[03:44:23] vertex shader #779     536 bytes  crc 8E47DA39  version 3_0  -> vs_0779_8E47DA39.bin
[03:44:23] vertex shader #780    1752 bytes  crc 7A6CBBBF  version 3_0  -> vs_0780_7A6CBBBF.bin
[03:44:23] vertex shader #781    1848 bytes  crc 1483937C  version 3_0  -> vs_0781_1483937C.bin
[03:44:23] vertex shader #782    1136 bytes  crc 78AB04A4  version 3_0  -> vs_0782_78AB04A4.bin
[03:44:23] vertex shader #783    1088 bytes  crc FAC80F79  version 3_0  -> vs_0783_FAC80F79.bin
[03:44:23] vertex shader #784    1308 bytes  crc 5DD79FB3  version 3_0  -> vs_0784_5DD79FB3.bin
[03:44:23] vertex shader #785    1624 bytes  crc C66814B5  version 3_0  -> vs_0785_C66814B5.bin
[03:44:23] vertex shader #786    1168 bytes  crc 0C71F8CD  version 3_0  -> vs_0786_0C71F8CD.bin
[03:44:23] vertex shader #787    1060 bytes  crc 88DD2391  version 3_0  -> vs_0787_88DD2391.bin
[03:44:23] vertex shader #788    1416 bytes  crc 030B172C  version 3_0  -> vs_0788_030B172C.bin
[03:44:23] vertex shader #789    2196 bytes  crc 6944D081  version 3_0  -> vs_0789_6944D081.bin
[03:44:23] vertex shader #790    1936 bytes  crc 770F332B  version 3_0  -> vs_0790_770F332B.bin
[03:44:23] vertex shader #791    1148 bytes  crc 8A35E8D3  version 3_0  -> vs_0791_8A35E8D3.bin
[03:44:23] vertex shader #792    3100 bytes  crc 9E833677  version 3_0  -> vs_0792_9E833677.bin
[03:44:23] vertex shader #793    1656 bytes  crc ED1C9C59  version 3_0  -> vs_0793_ED1C9C59.bin
[03:44:23] vertex shader #794     336 bytes  crc 6B42D30D  version 3_0  -> vs_0794_6B42D30D.bin
[03:44:23] vertex shader #795    1264 bytes  crc FE270AD8  version 3_0  -> vs_0795_FE270AD8.bin
[03:44:23] vertex shader #796    1028 bytes  crc 87452E69  version 3_0  -> vs_0796_87452E69.bin
[03:44:23] vertex shader #797     308 bytes  crc 24EDFFA2  version 3_0  -> vs_0797_24EDFFA2.bin
[03:44:23] vertex shader #798    1504 bytes  crc E14FE26E  version 3_0  -> vs_0798_E14FE26E.bin
[03:44:23] vertex shader #799    1312 bytes  crc 1A70EB90  version 3_0  -> vs_0799_1A70EB90.bin
[03:44:23] vertex shader #800    1476 bytes  crc 96561D57  version 3_0  -> vs_0800_96561D57.bin
[03:44:23] vertex shader #801    1352 bytes  crc B6FA2CC2  version 3_0  -> vs_0801_B6FA2CC2.bin
[03:44:23] vertex shader #802     832 bytes  crc E1FF3525  version 3_0  -> vs_0802_E1FF3525.bin
[03:44:23] vertex shader #803    1696 bytes  crc 112C85D0  version 3_0  -> vs_0803_112C85D0.bin
[03:44:23] vertex shader #804    1280 bytes  crc BAAC879B  version 3_0  -> vs_0804_BAAC879B.bin
[03:44:23] vertex shader #805     364 bytes  crc 90FEA379  version 3_0  -> vs_0805_90FEA379.bin
[03:44:23] vertex shader #806     848 bytes  crc 854E6D82  version 3_0  -> vs_0806_854E6D82.bin
[03:44:23] vertex shader #807     948 bytes  crc 302C3A0A  version 3_0  -> vs_0807_302C3A0A.bin
[03:44:23] vertex shader #808    1092 bytes  crc C10F4C04  version 3_0  -> vs_0808_C10F4C04.bin
[03:44:23] vertex shader #809     848 bytes  crc FD6775A4  version 3_0  -> vs_0809_FD6775A4.bin
[03:44:23] vertex shader #810     948 bytes  crc 90FF8822  version 3_0  -> vs_0810_90FF8822.bin
[03:44:23] vertex shader #811    2804 bytes  crc 35D0E543  version 3_0  -> vs_0811_35D0E543.bin
[03:44:23] vertex shader #812     956 bytes  crc 6BC745D0  version 3_0  -> vs_0812_6BC745D0.bin
[03:44:23] vertex shader #813     848 bytes  crc 68A8E3CE  version 3_0  -> vs_0813_68A8E3CE.bin
[03:44:23] vertex shader #814     872 bytes  crc 0F5643D2  version 3_0  -> vs_0814_0F5643D2.bin
[03:44:23] vertex shader #815     668 bytes  crc 9190C687  version 3_0  -> vs_0815_9190C687.bin
[03:44:23] vertex shader #816    1380 bytes  crc DB5292BE  version 3_0  -> vs_0816_DB5292BE.bin
[03:44:23] vertex shader #817    1248 bytes  crc B24B72A7  version 3_0  -> vs_0817_B24B72A7.bin
[03:44:23] vertex shader #818    1116 bytes  crc 2C0E1F90  version 3_0  -> vs_0818_2C0E1F90.bin
[03:44:23] vertex shader #819     648 bytes  crc 5AE4C524  version 3_0  -> vs_0819_5AE4C524.bin
[03:44:23] vertex shader #820     912 bytes  crc 5D733288  version 3_0  -> vs_0820_5D733288.bin
[03:44:23] vertex shader #821    1936 bytes  crc 2F5BBAF9  version 3_0  -> vs_0821_2F5BBAF9.bin
[03:44:23] vertex shader #822     900 bytes  crc 2021F446  version 3_0  -> vs_0822_2021F446.bin
[03:44:23] vertex shader #823    1044 bytes  crc ECB56C93  version 3_0  -> vs_0823_ECB56C93.bin
[03:44:23] vertex shader #824     608 bytes  crc 9A7F6374  version 3_0  -> vs_0824_9A7F6374.bin
[03:44:23] vertex shader #825     788 bytes  crc B6AD99D9  version 3_0  -> vs_0825_B6AD99D9.bin
[03:44:23] vertex shader #826     920 bytes  crc 9B216AF9  version 3_0  -> vs_0826_9B216AF9.bin
[03:44:23] vertex shader #827     924 bytes  crc 27CAB0EC  version 3_0  -> vs_0827_27CAB0EC.bin
[03:44:23] vertex shader #828     716 bytes  crc E675DF8C  version 3_0  -> vs_0828_E675DF8C.bin
[03:44:23] vertex shader #829    1852 bytes  crc 71642CB3  version 3_0  -> vs_0829_71642CB3.bin
[03:44:23] vertex shader #830    1272 bytes  crc 7F5A4039  version 3_0  -> vs_0830_7F5A4039.bin
[03:44:23] vertex shader #831     964 bytes  crc 7B398FF3  version 3_0  -> vs_0831_7B398FF3.bin
[03:44:23] vertex shader #832    1244 bytes  crc 91443639  version 3_0  -> vs_0832_91443639.bin
[03:44:23] vertex shader #833     816 bytes  crc 1CF7BC20  version 3_0  -> vs_0833_1CF7BC20.bin
[03:44:23] vertex shader #834     892 bytes  crc 46C8AA31  version 3_0  -> vs_0834_46C8AA31.bin
[03:44:23] vertex shader #835    1628 bytes  crc D814F8F3  version 3_0  -> vs_0835_D814F8F3.bin
[03:44:23] vertex shader #836    1696 bytes  crc B7DCBBC8  version 3_0  -> vs_0836_B7DCBBC8.bin
[03:44:23] vertex shader #837    1052 bytes  crc A309218D  version 3_0  -> vs_0837_A309218D.bin
[03:44:23] vertex shader #838     804 bytes  crc 4F13551A  version 3_0  -> vs_0838_4F13551A.bin
[03:44:23] vertex shader #839    1208 bytes  crc F4D6F800  version 3_0  -> vs_0839_F4D6F800.bin
[03:44:23] vertex shader #840    1180 bytes  crc 60067CE0  version 3_0  -> vs_0840_60067CE0.bin
[03:44:23] vertex shader #841    1092 bytes  crc 1DC0865E  version 3_0  -> vs_0841_1DC0865E.bin
[03:44:23] vertex shader #842     976 bytes  crc 4C437297  version 3_0  -> vs_0842_4C437297.bin
[03:44:23] vertex shader #843     832 bytes  crc 85664EC6  version 3_0  -> vs_0843_85664EC6.bin
[03:44:23] vertex shader #844     612 bytes  crc A836BD30  version 3_0  -> vs_0844_A836BD30.bin
[03:44:23] vertex shader #845    1756 bytes  crc F9FB7DEF  version 3_0  -> vs_0845_F9FB7DEF.bin
[03:44:23] vertex shader #846     252 bytes  crc 7D439159  version 3_0  -> vs_0846_7D439159.bin
[03:44:23] vertex shader #847     912 bytes  crc D71B0B19  version 3_0  -> vs_0847_D71B0B19.bin
[03:44:23] vertex shader #848    1524 bytes  crc FDE8F2FC  version 3_0  -> vs_0848_FDE8F2FC.bin
[03:44:23] vertex shader #849     988 bytes  crc E327C660  version 3_0  -> vs_0849_E327C660.bin
[03:44:23] vertex shader #850     920 bytes  crc 2AC97886  version 3_0  -> vs_0850_2AC97886.bin
[03:44:23] vertex shader #851    1444 bytes  crc 9FA4FD67  version 3_0  -> vs_0851_9FA4FD67.bin
[03:44:23] vertex shader #852    1176 bytes  crc 6C506E64  version 3_0  -> vs_0852_6C506E64.bin
[03:44:23] vertex shader #853     964 bytes  crc 748BDF7A  version 3_0  -> vs_0853_748BDF7A.bin
[03:44:23] vertex shader #854    1112 bytes  crc 96CADF73  version 3_0  -> vs_0854_96CADF73.bin
[03:44:23] vertex shader #855     900 bytes  crc A4796E0D  version 3_0  -> vs_0855_A4796E0D.bin
[03:44:23] vertex shader #856    1004 bytes  crc EF4BFAE7  version 3_0  -> vs_0856_EF4BFAE7.bin
[03:44:23] vertex shader #857    1020 bytes  crc 2EEF5AC9  version 3_0  -> vs_0857_2EEF5AC9.bin
[03:44:23] vertex shader #858    1420 bytes  crc 73317E1B  version 3_0  -> vs_0858_73317E1B.bin
[03:44:23] vertex shader #859    1108 bytes  crc 0516F5FB  version 3_0  -> vs_0859_0516F5FB.bin
[03:44:23] vertex shader #860    1316 bytes  crc EE44F121  version 3_0  -> vs_0860_EE44F121.bin
[03:44:23] vertex shader #861    1548 bytes  crc 12E6D1E8  version 3_0  -> vs_0861_12E6D1E8.bin
[03:44:23] vertex shader #862    1240 bytes  crc EE3239D3  version 3_0  -> vs_0862_EE3239D3.bin
[03:44:23] vertex shader #863    1116 bytes  crc E67247DF  version 3_0  -> vs_0863_E67247DF.bin
[03:44:23] vertex shader #864     880 bytes  crc 03189ADD  version 3_0  -> vs_0864_03189ADD.bin
[03:44:23] vertex shader #865    1324 bytes  crc EF3CF54E  version 3_0  -> vs_0865_EF3CF54E.bin
[03:44:23] vertex shader #866    1080 bytes  crc 3DBF9FFD  version 3_0  -> vs_0866_3DBF9FFD.bin
[03:44:23] vertex shader #867    1752 bytes  crc C2DBA032  version 3_0  -> vs_0867_C2DBA032.bin
[03:44:23] vertex shader #868     804 bytes  crc C84CC9EE  version 3_0  -> vs_0868_C84CC9EE.bin
[03:44:23] vertex shader #869    1256 bytes  crc 7EBEC56E  version 3_0  -> vs_0869_7EBEC56E.bin
[03:44:23] vertex shader #870    1348 bytes  crc 783B56BA  version 3_0  -> vs_0870_783B56BA.bin
[03:44:23] vertex shader #871     952 bytes  crc 7BCA0549  version 3_0  -> vs_0871_7BCA0549.bin
[03:44:23] vertex shader #872    1372 bytes  crc B1BC9720  version 3_0  -> vs_0872_B1BC9720.bin
[03:44:23] vertex shader #873    1596 bytes  crc FBBBED73  version 3_0  -> vs_0873_FBBBED73.bin
[03:44:23] vertex shader #874    1464 bytes  crc 7BD9A73F  version 3_0  -> vs_0874_7BD9A73F.bin
[03:44:23] pixel  shader #875     368 bytes  crc 419B4C42  version 3_0  -> ps_0875_419B4C42.bin
[03:44:23] pixel  shader #876    2992 bytes  crc CEE7CE4A  version 3_0  -> ps_0876_CEE7CE4A.bin
[03:44:23] pixel  shader #877    4260 bytes  crc 35E777BF  version 3_0  -> ps_0877_35E777BF.bin
[03:44:23] pixel  shader #878    1916 bytes  crc 59C56937  version 3_0  -> ps_0878_59C56937.bin
[03:44:23] pixel  shader #879    3312 bytes  crc A96AA241  version 3_0  -> ps_0879_A96AA241.bin
[03:44:23] pixel  shader #880    2196 bytes  crc 23D8CF44  version 3_0  -> ps_0880_23D8CF44.bin
[03:44:23] pixel  shader #881    2544 bytes  crc 2B3D6381  version 3_0  -> ps_0881_2B3D6381.bin
[03:44:23] pixel  shader #882    1060 bytes  crc EE7686E4  version 3_0  -> ps_0882_EE7686E4.bin
[03:44:23] pixel  shader #883    3300 bytes  crc 27071960  version 3_0  -> ps_0883_27071960.bin
[03:44:23] pixel  shader #884    3560 bytes  crc 6DD6E9B8  version 3_0  -> ps_0884_6DD6E9B8.bin
[03:44:23] pixel  shader #885    1472 bytes  crc 2B7D254A  version 3_0  -> ps_0885_2B7D254A.bin
[03:44:23] pixel  shader #886    2484 bytes  crc 9A61F8FA  version 3_0  -> ps_0886_9A61F8FA.bin
[03:44:23] pixel  shader #887     480 bytes  crc C742C2A5  version 3_0  -> ps_0887_C742C2A5.bin
[03:44:23] pixel  shader #888    2020 bytes  crc FB2D33F2  version 3_0  -> ps_0888_FB2D33F2.bin
[03:44:23] pixel  shader #889    3876 bytes  crc 146F8ECF  version 3_0  -> ps_0889_146F8ECF.bin
[03:44:23] pixel  shader #890    2144 bytes  crc C3691A82  version 3_0  -> ps_0890_C3691A82.bin
[03:44:23] pixel  shader #891    3252 bytes  crc 9ABCC554  version 3_0  -> ps_0891_9ABCC554.bin
[03:44:23] pixel  shader #892    2232 bytes  crc E98B88E0  version 3_0  -> ps_0892_E98B88E0.bin
[03:44:23] pixel  shader #893     316 bytes  crc 44B07013  version 3_0  -> ps_0893_44B07013.bin
[03:44:23] pixel  shader #894    3756 bytes  crc 241508F5  version 3_0  -> ps_0894_241508F5.bin
[03:44:23] pixel  shader #895    1092 bytes  crc 203939EF  version 3_0  -> ps_0895_203939EF.bin
[03:44:23] pixel  shader #896    1780 bytes  crc 28968741  version 3_0  -> ps_0896_28968741.bin
[03:44:23] pixel  shader #897    2428 bytes  crc 471B114A  version 3_0  -> ps_0897_471B114A.bin
[03:44:23] pixel  shader #898    2848 bytes  crc 6E10395D  version 3_0  -> ps_0898_6E10395D.bin
[03:44:23] pixel  shader #899     532 bytes  crc F3E62B03  version 3_0  -> ps_0899_F3E62B03.bin
[03:44:23] pixel  shader #900    2344 bytes  crc 3D056DF1  version 3_0  -> ps_0900_3D056DF1.bin
[03:44:23] pixel  shader #901    1440 bytes  crc C91F3B41  version 3_0  -> ps_0901_C91F3B41.bin
[03:44:23] pixel  shader #902    4088 bytes  crc 5B02B014  version 3_0  -> ps_0902_5B02B014.bin
[03:44:23] pixel  shader #903     668 bytes  crc 0435AC4C  version 3_0  -> ps_0903_0435AC4C.bin
[03:44:23] pixel  shader #904     452 bytes  crc 918CBA17  version 3_0  -> ps_0904_918CBA17.bin
[03:44:23] pixel  shader #905    1780 bytes  crc EC7B0CD0  version 3_0  -> ps_0905_EC7B0CD0.bin
[03:44:23] pixel  shader #906    1640 bytes  crc BF4A9C09  version 3_0  -> ps_0906_BF4A9C09.bin
[03:44:23] pixel  shader #907     200 bytes  crc 8E08011D  version 3_0  -> ps_0907_8E08011D.bin
[03:44:23] pixel  shader #908    1744 bytes  crc 0502EB94  version 3_0  -> ps_0908_0502EB94.bin
[03:44:23] pixel  shader #909     900 bytes  crc 4AA97D9C  version 3_0  -> ps_0909_4AA97D9C.bin
[03:44:23] pixel  shader #910     936 bytes  crc A8C22978  version 3_0  -> ps_0910_A8C22978.bin
[03:44:23] pixel  shader #911    1256 bytes  crc ECB15494  version 3_0  -> ps_0911_ECB15494.bin
[03:44:23] pixel  shader #912    1196 bytes  crc 4AC70867  version 3_0  -> ps_0912_4AC70867.bin
[03:44:23] pixel  shader #913    2604 bytes  crc 921B34F5  version 3_0  -> ps_0913_921B34F5.bin
[03:44:23] pixel  shader #914    4024 bytes  crc A440B2D5  version 3_0  -> ps_0914_A440B2D5.bin
[03:44:23] pixel  shader #915    3436 bytes  crc B980FF2F  version 3_0  -> ps_0915_B980FF2F.bin
[03:44:23] pixel  shader #916    2188 bytes  crc EBB44C90  version 3_0  -> ps_0916_EBB44C90.bin
[03:44:23] pixel  shader #917    3572 bytes  crc E2EB5715  version 3_0  -> ps_0917_E2EB5715.bin
[03:44:24] pixel  shader #918    2104 bytes  crc 3ED07D67  version 3_0  -> ps_0918_3ED07D67.bin
[03:44:24] pixel  shader #919    1868 bytes  crc D9F1D4F8  version 3_0  -> ps_0919_D9F1D4F8.bin
[03:44:24] pixel  shader #920    3608 bytes  crc 74009479  version 3_0  -> ps_0920_74009479.bin
[03:44:24] pixel  shader #921    2620 bytes  crc 04B0C5B3  version 3_0  -> ps_0921_04B0C5B3.bin
[03:44:24] pixel  shader #922    4464 bytes  crc DD2AED1B  version 3_0  -> ps_0922_DD2AED1B.bin
[03:44:24] pixel  shader #923    2488 bytes  crc A8C5BCAA  version 3_0  -> ps_0923_A8C5BCAA.bin
[03:44:24] pixel  shader #924     304 bytes  crc 49639AF2  version 3_0  -> ps_0924_49639AF2.bin
[03:44:24] pixel  shader #925    2124 bytes  crc ADF78E86  version 3_0  -> ps_0925_ADF78E86.bin
[03:44:24] pixel  shader #926    2892 bytes  crc 98F78973  version 3_0  -> ps_0926_98F78973.bin
[03:44:24] pixel  shader #927    1700 bytes  crc E1D413BD  version 3_0  -> ps_0927_E1D413BD.bin
[03:44:24] pixel  shader #928     404 bytes  crc E97036C6  version 3_0  -> ps_0928_E97036C6.bin
[03:44:24] pixel  shader #929    5684 bytes  crc F89D0B33  version 3_0  -> ps_0929_F89D0B33.bin
[03:44:24] pixel  shader #930     248 bytes  crc E3C1C96E  version 3_0  -> ps_0930_E3C1C96E.bin
[03:44:24] pixel  shader #931    3396 bytes  crc CB444568  version 3_0  -> ps_0931_CB444568.bin
[03:44:24] pixel  shader #932     608 bytes  crc 1EAA3EA2  version 3_0  -> ps_0932_1EAA3EA2.bin
[03:44:24] pixel  shader #933    3224 bytes  crc 3897A64A  version 3_0  -> ps_0933_3897A64A.bin
[03:44:24] pixel  shader #934    2848 bytes  crc 5746F5D6  version 3_0  -> ps_0934_5746F5D6.bin
[03:44:24] pixel  shader #935    2252 bytes  crc 3C8E01FB  version 3_0  -> ps_0935_3C8E01FB.bin
[03:44:24] pixel  shader #936    2636 bytes  crc 59CE95E7  version 3_0  -> ps_0936_59CE95E7.bin
[03:44:24] pixel  shader #937    1800 bytes  crc 5CFA9AD8  version 3_0  -> ps_0937_5CFA9AD8.bin
[03:44:24] pixel  shader #938    4236 bytes  crc 53BC906C  version 3_0  -> ps_0938_53BC906C.bin
[03:44:24] pixel  shader #939    3504 bytes  crc 41FC427D  version 3_0  -> ps_0939_41FC427D.bin
[03:44:24] pixel  shader #940     952 bytes  crc 6F140BB9  version 3_0  -> ps_0940_6F140BB9.bin
[03:44:24] pixel  shader #941    2316 bytes  crc 36E12718  version 3_0  -> ps_0941_36E12718.bin
[03:44:24] pixel  shader #942     360 bytes  crc 442122C8  version 3_0  -> ps_0942_442122C8.bin
[03:44:24] pixel  shader #943    1932 bytes  crc 0C0A1E2F  version 3_0  -> ps_0943_0C0A1E2F.bin
[03:44:24] pixel  shader #944    3980 bytes  crc 5333A1BD  version 3_0  -> ps_0944_5333A1BD.bin
[03:44:24] pixel  shader #945     404 bytes  crc 00D24BAE  version 3_0  -> ps_0945_00D24BAE.bin
[03:44:24] pixel  shader #946     760 bytes  crc AD58A079  version 3_0  -> ps_0946_AD58A079.bin
[03:44:24] pixel  shader #947    3844 bytes  crc D7E859C5  version 3_0  -> ps_0947_D7E859C5.bin
[03:44:24] pixel  shader #948    4456 bytes  crc 31047DB6  version 3_0  -> ps_0948_31047DB6.bin
[03:44:24] pixel  shader #949    2740 bytes  crc 409444D2  version 3_0  -> ps_0949_409444D2.bin
[03:44:24] pixel  shader #950    3876 bytes  crc B9537792  version 3_0  -> ps_0950_B9537792.bin
[03:44:24] pixel  shader #951     320 bytes  crc 691BF5D0  version 3_0  -> ps_0951_691BF5D0.bin
[03:44:24] pixel  shader #952    3020 bytes  crc 7A6AD8DB  version 3_0  -> ps_0952_7A6AD8DB.bin
[03:44:24] pixel  shader #953    2316 bytes  crc D7ECB4CD  version 3_0  -> ps_0953_D7ECB4CD.bin
[03:44:24] pixel  shader #954    2120 bytes  crc B68E77C5  version 3_0  -> ps_0954_B68E77C5.bin
[03:44:24] pixel  shader #955    2024 bytes  crc A0FA2D41  version 3_0  -> ps_0955_A0FA2D41.bin
[03:44:24] pixel  shader #956    3312 bytes  crc 1EE051FC  version 3_0  -> ps_0956_1EE051FC.bin
[03:44:24] pixel  shader #957     704 bytes  crc B0D84043  version 3_0  -> ps_0957_B0D84043.bin
[03:44:24] pixel  shader #958    1612 bytes  crc 02704F50  version 3_0  -> ps_0958_02704F50.bin
[03:44:24] pixel  shader #959    1168 bytes  crc 5AB9E591  version 3_0  -> ps_0959_5AB9E591.bin
[03:44:24] pixel  shader #960    3340 bytes  crc E0B8F8B0  version 3_0  -> ps_0960_E0B8F8B0.bin
[03:44:24] pixel  shader #961    1460 bytes  crc 06823399  version 3_0  -> ps_0961_06823399.bin
[03:44:24] pixel  shader #962    1680 bytes  crc 57019BD1  version 3_0  -> ps_0962_57019BD1.bin
[03:44:24] pixel  shader #963     788 bytes  crc 0786758D  version 3_0  -> ps_0963_0786758D.bin
[03:44:24] pixel  shader #964    2892 bytes  crc 1C624A45  version 3_0  -> ps_0964_1C624A45.bin
[03:44:24] pixel  shader #965     160 bytes  crc 7A331453  version 3_0  -> ps_0965_7A331453.bin
[03:44:24] pixel  shader #966    1956 bytes  crc 3A9EAF79  version 3_0  -> ps_0966_3A9EAF79.bin
[03:44:24] pixel  shader #967    2952 bytes  crc 41A1BE6A  version 3_0  -> ps_0967_41A1BE6A.bin
[03:44:24] pixel  shader #968    3740 bytes  crc AE688B2F  version 3_0  -> ps_0968_AE688B2F.bin
[03:44:24] pixel  shader #969    1804 bytes  crc 2CD66536  version 3_0  -> ps_0969_2CD66536.bin
[03:44:24] pixel  shader #970    1768 bytes  crc 4F51273B  version 3_0  -> ps_0970_4F51273B.bin
[03:44:24] pixel  shader #971    2800 bytes  crc EEB73C99  version 3_0  -> ps_0971_EEB73C99.bin
[03:44:24] pixel  shader #972    1568 bytes  crc 320753D0  version 3_0  -> ps_0972_320753D0.bin
[03:44:24] pixel  shader #973    2048 bytes  crc 4E2B46F9  version 3_0  -> ps_0973_4E2B46F9.bin
[03:44:24] pixel  shader #974    2124 bytes  crc AD64C957  version 3_0  -> ps_0974_AD64C957.bin
[03:44:24] pixel  shader #975    2752 bytes  crc 66A3D557  version 3_0  -> ps_0975_66A3D557.bin
[03:44:24] pixel  shader #976    1672 bytes  crc 56612CF2  version 3_0  -> ps_0976_56612CF2.bin
[03:44:24] pixel  shader #977    1816 bytes  crc 4639EC21  version 3_0  -> ps_0977_4639EC21.bin
[03:44:24] pixel  shader #978    3888 bytes  crc 41F0331A  version 3_0  -> ps_0978_41F0331A.bin
[03:44:24] pixel  shader #979    2712 bytes  crc 5592CDEF  version 3_0  -> ps_0979_5592CDEF.bin
[03:44:24] pixel  shader #980    2048 bytes  crc 72CE855A  version 3_0  -> ps_0980_72CE855A.bin
[03:44:24] pixel  shader #981     372 bytes  crc 0769C8B0  version 3_0  -> ps_0981_0769C8B0.bin
[03:44:24] pixel  shader #982    2468 bytes  crc 872CA051  version 3_0  -> ps_0982_872CA051.bin
[03:44:24] pixel  shader #983    3420 bytes  crc BEC813C4  version 3_0  -> ps_0983_BEC813C4.bin
[03:44:24] pixel  shader #984    2272 bytes  crc 502371AB  version 3_0  -> ps_0984_502371AB.bin
[03:44:24] pixel  shader #985    3372 bytes  crc 144AEB77  version 3_0  -> ps_0985_144AEB77.bin
[03:44:24] pixel  shader #986    2296 bytes  crc 813C0C86  version 3_0  -> ps_0986_813C0C86.bin
[03:44:24] pixel  shader #987    2388 bytes  crc E137CF92  version 3_0  -> ps_0987_E137CF92.bin
[03:44:24] pixel  shader #988    2800 bytes  crc 843E5C6F  version 3_0  -> ps_0988_843E5C6F.bin
[03:44:24] pixel  shader #989     940 bytes  crc E8F56E95  version 3_0  -> ps_0989_E8F56E95.bin
[03:44:24] pixel  shader #990    2756 bytes  crc C72D1DEA  version 3_0  -> ps_0990_C72D1DEA.bin
[03:44:24] pixel  shader #991    1740 bytes  crc 29554016  version 3_0  -> ps_0991_29554016.bin
[03:44:24] pixel  shader #992    2776 bytes  crc 38818432  version 3_0  -> ps_0992_38818432.bin
[03:44:24] pixel  shader #993     368 bytes  crc CCA36C71  version 3_0  -> ps_0993_CCA36C71.bin
[03:44:24] pixel  shader #994    1580 bytes  crc A55C0A6B  version 3_0  -> ps_0994_A55C0A6B.bin
[03:44:24] pixel  shader #995    2996 bytes  crc AEBAD2D4  version 3_0  -> ps_0995_AEBAD2D4.bin
[03:44:24] pixel  shader #996     668 bytes  crc 808EC285  version 3_0  -> ps_0996_808EC285.bin
[03:44:24] pixel  shader #997    1968 bytes  crc 98560F23  version 3_0  -> ps_0997_98560F23.bin
[03:44:24] pixel  shader #998    2452 bytes  crc 142A0383  version 3_0  -> ps_0998_142A0383.bin
[03:44:24] pixel  shader #999    2396 bytes  crc E22B5ECD  version 3_0  -> ps_0999_E22B5ECD.bin
[03:44:24] pixel  shader #1000   1768 bytes  crc D253687E  version 3_0  -> ps_1000_D253687E.bin
[03:44:24] pixel  shader #1001   2380 bytes  crc 19A8872D  version 3_0  -> ps_1001_19A8872D.bin
[03:44:24] pixel  shader #1002   1948 bytes  crc B8F524E0  version 3_0  -> ps_1002_B8F524E0.bin
[03:44:24] pixel  shader #1003    984 bytes  crc 578A2F88  version 3_0  -> ps_1003_578A2F88.bin
[03:44:24] pixel  shader #1004    860 bytes  crc 54709A1E  version 3_0  -> ps_1004_54709A1E.bin
[03:44:24] pixel  shader #1005   2976 bytes  crc 026EA44B  version 3_0  -> ps_1005_026EA44B.bin
[03:44:24] pixel  shader #1006   3292 bytes  crc 0D690C43  version 3_0  -> ps_1006_0D690C43.bin
[03:44:24] pixel  shader #1007   2860 bytes  crc 04B27F8A  version 3_0  -> ps_1007_04B27F8A.bin
[03:44:24] pixel  shader #1008   1604 bytes  crc 6C7A4972  version 3_0  -> ps_1008_6C7A4972.bin
[03:44:24] pixel  shader #1009   2716 bytes  crc DDACF474  version 3_0  -> ps_1009_DDACF474.bin
[03:44:24] pixel  shader #1010   4240 bytes  crc 7BB7172D  version 3_0  -> ps_1010_7BB7172D.bin
[03:44:24] pixel  shader #1011   2472 bytes  crc 3F6F2630  version 3_0  -> ps_1011_3F6F2630.bin
[03:44:24] pixel  shader #1012   2164 bytes  crc EB6DE351  version 3_0  -> ps_1012_EB6DE351.bin
[03:44:24] pixel  shader #1013   2132 bytes  crc 256AD634  version 3_0  -> ps_1013_256AD634.bin
[03:44:24] pixel  shader #1014   3652 bytes  crc C732C5A0  version 3_0  -> ps_1014_C732C5A0.bin
[03:44:24] pixel  shader #1015   2692 bytes  crc E4C6683B  version 3_0  -> ps_1015_E4C6683B.bin
[03:44:24] pixel  shader #1016   2676 bytes  crc 93628BAD  version 3_0  -> ps_1016_93628BAD.bin
[03:44:24] pixel  shader #1017   3084 bytes  crc CF4C9BEF  version 3_0  -> ps_1017_CF4C9BEF.bin
[03:44:24] pixel  shader #1018   2676 bytes  crc 71C4E94A  version 3_0  -> ps_1018_71C4E94A.bin
[03:44:24] pixel  shader #1019   3132 bytes  crc 50D3DBEA  version 3_0  -> ps_1019_50D3DBEA.bin
[03:44:24] pixel  shader #1020   2776 bytes  crc 0B849141  version 3_0  -> ps_1020_0B849141.bin
[03:44:24] pixel  shader #1021   2744 bytes  crc D30B8455  version 3_0  -> ps_1021_D30B8455.bin
[03:44:24] pixel  shader #1022   2588 bytes  crc A35E1D59  version 3_0  -> ps_1022_A35E1D59.bin
[03:44:24] pixel  shader #1023   1556 bytes  crc 72765DA5  version 3_0  -> ps_1023_72765DA5.bin
[03:44:24] pixel  shader #1024   4132 bytes  crc C3F6B7AA  version 3_0  -> ps_1024_C3F6B7AA.bin
[03:44:24] pixel  shader #1025   3180 bytes  crc C6EB332D  version 3_0  -> ps_1025_C6EB332D.bin
[03:44:24] pixel  shader #1026   2280 bytes  crc D27FF91B  version 3_0  -> ps_1026_D27FF91B.bin
[03:44:24] pixel  shader #1027   1352 bytes  crc 8275B90A  version 3_0  -> ps_1027_8275B90A.bin
[03:44:24] pixel  shader #1028   3068 bytes  crc 2945120E  version 3_0  -> ps_1028_2945120E.bin
[03:44:24] pixel  shader #1029   2004 bytes  crc 7C72F74C  version 3_0  -> ps_1029_7C72F74C.bin
[03:44:24] pixel  shader #1030   1088 bytes  crc B1F7C219  version 3_0  -> ps_1030_B1F7C219.bin
[03:44:24] pixel  shader #1031   3340 bytes  crc B8D99339  version 3_0  -> ps_1031_B8D99339.bin
[03:44:24] pixel  shader #1032    856 bytes  crc 7C1B1986  version 3_0  -> ps_1032_7C1B1986.bin
[03:44:24] pixel  shader #1033   2460 bytes  crc 46836377  version 3_0  -> ps_1033_46836377.bin
[03:44:24] pixel  shader #1034   1816 bytes  crc 1B9909E1  version 3_0  -> ps_1034_1B9909E1.bin
[03:44:24] pixel  shader #1035   2556 bytes  crc 001FBE93  version 3_0  -> ps_1035_001FBE93.bin
[03:44:24] pixel  shader #1036   3264 bytes  crc BAC1E98A  version 3_0  -> ps_1036_BAC1E98A.bin
[03:44:24] pixel  shader #1037    280 bytes  crc 14CA2294  version 3_0  -> ps_1037_14CA2294.bin
[03:44:24] pixel  shader #1038   2828 bytes  crc 89153465  version 3_0  -> ps_1038_89153465.bin
[03:44:24] pixel  shader #1039   3104 bytes  crc DBD1ACC0  version 3_0  -> ps_1039_DBD1ACC0.bin
[03:44:24] pixel  shader #1040    580 bytes  crc 65203922  version 3_0  -> ps_1040_65203922.bin
[03:44:24] pixel  shader #1041   1248 bytes  crc C1B80D8C  version 3_0  -> ps_1041_C1B80D8C.bin
[03:44:24] pixel  shader #1042   2148 bytes  crc B9D4BA15  version 3_0  -> ps_1042_B9D4BA15.bin
[03:44:24] pixel  shader #1043   2248 bytes  crc 66F2D37C  version 3_0  -> ps_1043_66F2D37C.bin
[03:44:24] pixel  shader #1044   1076 bytes  crc 14578FC2  version 3_0  -> ps_1044_14578FC2.bin
[03:44:24] pixel  shader #1045   2004 bytes  crc 1FFDC445  version 3_0  -> ps_1045_1FFDC445.bin
[03:44:24] pixel  shader #1046   3500 bytes  crc 23F8AD6F  version 3_0  -> ps_1046_23F8AD6F.bin
[03:44:24] pixel  shader #1047   4132 bytes  crc 5F9A7041  version 3_0  -> ps_1047_5F9A7041.bin
[03:44:24] pixel  shader #1048   3248 bytes  crc 3D18FB11  version 3_0  -> ps_1048_3D18FB11.bin
[03:44:24] pixel  shader #1049   3288 bytes  crc 37EA37EC  version 3_0  -> ps_1049_37EA37EC.bin
[03:44:24] pixel  shader #1050   1648 bytes  crc BECCE68B  version 3_0  -> ps_1050_BECCE68B.bin
[03:44:24] pixel  shader #1051   2084 bytes  crc 356F3B0B  version 3_0  -> ps_1051_356F3B0B.bin
[03:44:24] pixel  shader #1052   2456 bytes  crc 90B251A1  version 3_0  -> ps_1052_90B251A1.bin
[03:44:24] pixel  shader #1053   4224 bytes  crc 0EC0994F  version 3_0  -> ps_1053_0EC0994F.bin
[03:44:24] pixel  shader #1054   3284 bytes  crc 8F51C054  version 3_0  -> ps_1054_8F51C054.bin
[03:44:24] pixel  shader #1055   2656 bytes  crc 725E738D  version 3_0  -> ps_1055_725E738D.bin
[03:44:24] pixel  shader #1056    856 bytes  crc BEDF046C  version 3_0  -> ps_1056_BEDF046C.bin
[03:44:24] pixel  shader #1057   1340 bytes  crc A41F636E  version 3_0  -> ps_1057_A41F636E.bin
[03:44:24] pixel  shader #1058   1756 bytes  crc BBB16D56  version 3_0  -> ps_1058_BBB16D56.bin
[03:44:24] pixel  shader #1059    736 bytes  crc C580EFAB  version 3_0  -> ps_1059_C580EFAB.bin
[03:44:24] pixel  shader #1060   2248 bytes  crc 0218032C  version 3_0  -> ps_1060_0218032C.bin
[03:44:24] pixel  shader #1061   3000 bytes  crc E6E8FCE1  version 3_0  -> ps_1061_E6E8FCE1.bin
[03:44:24] pixel  shader #1062   2332 bytes  crc 36DBBF25  version 3_0  -> ps_1062_36DBBF25.bin
[03:44:24] pixel  shader #1063   2072 bytes  crc C045D3DF  version 3_0  -> ps_1063_C045D3DF.bin
[03:44:24] pixel  shader #1064   2900 bytes  crc 51245758  version 3_0  -> ps_1064_51245758.bin
[03:44:24] pixel  shader #1065    668 bytes  crc A63D8D0A  version 3_0  -> ps_1065_A63D8D0A.bin
[03:44:24] pixel  shader #1066   2528 bytes  crc 45F10E04  version 3_0  -> ps_1066_45F10E04.bin
[03:44:24] pixel  shader #1067    796 bytes  crc 81B08965  version 3_0  -> ps_1067_81B08965.bin
[03:44:24] pixel  shader #1068   2356 bytes  crc C19A8B0D  version 3_0  -> ps_1068_C19A8B0D.bin
[03:44:24] pixel  shader #1069   3444 bytes  crc 5165A313  version 3_0  -> ps_1069_5165A313.bin
[03:44:24] pixel  shader #1070   1608 bytes  crc 0DF8BBB8  version 3_0  -> ps_1070_0DF8BBB8.bin
[03:44:24] pixel  shader #1071   2856 bytes  crc C7259D7F  version 3_0  -> ps_1071_C7259D7F.bin
[03:44:24] pixel  shader #1072   2420 bytes  crc CE8A9BFC  version 3_0  -> ps_1072_CE8A9BFC.bin
[03:44:24] pixel  shader #1073   2440 bytes  crc 8C6C38B7  version 3_0  -> ps_1073_8C6C38B7.bin
[03:44:24] pixel  shader #1074   2028 bytes  crc 9CF7A09D  version 3_0  -> ps_1074_9CF7A09D.bin
[03:44:24] pixel  shader #1075   2388 bytes  crc 59CE7C51  version 3_0  -> ps_1075_59CE7C51.bin
[03:44:24] pixel  shader #1076   2364 bytes  crc A6E48173  version 3_0  -> ps_1076_A6E48173.bin
[03:44:24] pixel  shader #1077   1520 bytes  crc AD26904A  version 3_0  -> ps_1077_AD26904A.bin
[03:44:24] pixel  shader #1078   2200 bytes  crc BA32255F  version 3_0  -> ps_1078_BA32255F.bin
[03:44:24] pixel  shader #1079   3476 bytes  crc B8C1BE46  version 3_0  -> ps_1079_B8C1BE46.bin
[03:44:24] pixel  shader #1080   1664 bytes  crc EFED50BA  version 3_0  -> ps_1080_EFED50BA.bin
[03:44:24] pixel  shader #1081   1868 bytes  crc 245A772A  version 3_0  -> ps_1081_245A772A.bin
[03:44:24] pixel  shader #1082    484 bytes  crc 11B0E481  version 3_0  -> ps_1082_11B0E481.bin
[03:44:24] pixel  shader #1083   1620 bytes  crc ED0B8853  version 3_0  -> ps_1083_ED0B8853.bin
[03:44:24] pixel  shader #1084   2592 bytes  crc FB6D8742  version 3_0  -> ps_1084_FB6D8742.bin
[03:44:24] pixel  shader #1085   1888 bytes  crc 04FA3016  version 3_0  -> ps_1085_04FA3016.bin
[03:44:24] pixel  shader #1086   2460 bytes  crc 64F6A742  version 3_0  -> ps_1086_64F6A742.bin
[03:44:24] pixel  shader #1087   4496 bytes  crc F3DD97B6  version 3_0  -> ps_1087_F3DD97B6.bin
[03:44:24] pixel  shader #1088   2488 bytes  crc 336B9147  version 3_0  -> ps_1088_336B9147.bin
[03:44:24] pixel  shader #1089   2476 bytes  crc D2254AB6  version 3_0  -> ps_1089_D2254AB6.bin
[03:44:24] pixel  shader #1090   3680 bytes  crc 1E46C32B  version 3_0  -> ps_1090_1E46C32B.bin
[03:44:24] pixel  shader #1091   2372 bytes  crc B221687F  version 3_0  -> ps_1091_B221687F.bin
[03:44:24] pixel  shader #1092   1768 bytes  crc 68F9E39E  version 3_0  -> ps_1092_68F9E39E.bin
[03:44:24] pixel  shader #1093    668 bytes  crc DDF5A6A9  version 3_0  -> ps_1093_DDF5A6A9.bin
[03:44:24] pixel  shader #1094    324 bytes  crc 00DA6978  version 3_0  -> ps_1094_00DA6978.bin
[03:44:24] pixel  shader #1095   3648 bytes  crc 351DE57C  version 3_0  -> ps_1095_351DE57C.bin
[03:44:24] pixel  shader #1096   2116 bytes  crc 65C31B47  version 3_0  -> ps_1096_65C31B47.bin
[03:44:24] pixel  shader #1097    984 bytes  crc F5B31E27  version 3_0  -> ps_1097_F5B31E27.bin
[03:44:24] pixel  shader #1098   2468 bytes  crc CA39CF20  version 3_0  -> ps_1098_CA39CF20.bin
[03:44:24] pixel  shader #1099    428 bytes  crc 7BCBC74F  version 3_0  -> ps_1099_7BCBC74F.bin
[03:44:24] pixel  shader #1100   2340 bytes  crc 91CF0F17  version 3_0  -> ps_1100_91CF0F17.bin
[03:44:24] pixel  shader #1101   2700 bytes  crc B44F52AF  version 3_0  -> ps_1101_B44F52AF.bin
[03:44:24] pixel  shader #1102   2476 bytes  crc 9C147300  version 3_0  -> ps_1102_9C147300.bin
[03:44:24] pixel  shader #1103   1828 bytes  crc 484D0320  version 3_0  -> ps_1103_484D0320.bin
[03:44:24] pixel  shader #1104   1084 bytes  crc 43C3BB57  version 3_0  -> ps_1104_43C3BB57.bin
[03:44:24] pixel  shader #1105   1768 bytes  crc F07BD027  version 3_0  -> ps_1105_F07BD027.bin
[03:44:24] pixel  shader #1106   2576 bytes  crc F8650FD0  version 3_0  -> ps_1106_F8650FD0.bin
[03:44:24] pixel  shader #1107   1596 bytes  crc D766353C  version 3_0  -> ps_1107_D766353C.bin
[03:44:24] pixel  shader #1108   1336 bytes  crc 6B6842B1  version 3_0  -> ps_1108_6B6842B1.bin
[03:44:24] pixel  shader #1109   1500 bytes  crc 4AFA0AAE  version 3_0  -> ps_1109_4AFA0AAE.bin
[03:44:24] pixel  shader #1110   2980 bytes  crc CCB0E1AA  version 3_0  -> ps_1110_CCB0E1AA.bin
[03:44:24] pixel  shader #1111   2132 bytes  crc 3491D4A7  version 3_0  -> ps_1111_3491D4A7.bin
[03:44:24] pixel  shader #1112   1564 bytes  crc F0C2B098  version 3_0  -> ps_1112_F0C2B098.bin
[03:44:24] pixel  shader #1113   2832 bytes  crc 982693EF  version 3_0  -> ps_1113_982693EF.bin
[03:44:24] pixel  shader #1114   3044 bytes  crc 22571B41  version 3_0  -> ps_1114_22571B41.bin
[03:44:24] pixel  shader #1115   1988 bytes  crc 6AA3470E  version 3_0  -> ps_1115_6AA3470E.bin
[03:44:24] pixel  shader #1116   3664 bytes  crc 1E7685E7  version 3_0  -> ps_1116_1E7685E7.bin
[03:44:24] pixel  shader #1117    796 bytes  crc 2F6CF4A6  version 3_0  -> ps_1117_2F6CF4A6.bin
[03:44:24] pixel  shader #1118   2784 bytes  crc B54D0D1A  version 3_0  -> ps_1118_B54D0D1A.bin
[03:44:24] pixel  shader #1119   2680 bytes  crc E7A48CEE  version 3_0  -> ps_1119_E7A48CEE.bin
[03:44:24] pixel  shader #1120   1548 bytes  crc 73A08831  version 3_0  -> ps_1120_73A08831.bin
[03:44:24] pixel  shader #1121    452 bytes  crc ACDEA687  version 3_0  -> ps_1121_ACDEA687.bin
[03:44:24] pixel  shader #1122   1780 bytes  crc A481593F  version 3_0  -> ps_1122_A481593F.bin
[03:44:24] pixel  shader #1123   1316 bytes  crc 4BD66D4C  version 3_0  -> ps_1123_4BD66D4C.bin
[03:44:24] pixel  shader #1124   2880 bytes  crc 28ECD6C0  version 3_0  -> ps_1124_28ECD6C0.bin
[03:44:24] pixel  shader #1125   1400 bytes  crc CEE6C6A4  version 3_0  -> ps_1125_CEE6C6A4.bin
[03:44:24] pixel  shader #1126   1772 bytes  crc 870E91FE  version 3_0  -> ps_1126_870E91FE.bin
[03:44:24] pixel  shader #1127   2652 bytes  crc B447C555  version 3_0  -> ps_1127_B447C555.bin
[03:44:24] pixel  shader #1128   2268 bytes  crc 193D919D  version 3_0  -> ps_1128_193D919D.bin
[03:44:24] pixel  shader #1129   3776 bytes  crc 2E50434E  version 3_0  -> ps_1129_2E50434E.bin
[03:44:24] pixel  shader #1130    456 bytes  crc 5FD37D77  version 3_0  -> ps_1130_5FD37D77.bin
[03:44:24] pixel  shader #1131   1240 bytes  crc CDDC54E5  version 3_0  -> ps_1131_CDDC54E5.bin
[03:44:24] pixel  shader #1132   2124 bytes  crc 108A0503  version 3_0  -> ps_1132_108A0503.bin
[03:44:24] pixel  shader #1133   1912 bytes  crc 7B67C57D  version 3_0  -> ps_1133_7B67C57D.bin
[03:44:24] pixel  shader #1134   2168 bytes  crc 5046D947  version 3_0  -> ps_1134_5046D947.bin
[03:44:24] pixel  shader #1135   2584 bytes  crc 46C6B36B  version 3_0  -> ps_1135_46C6B36B.bin
[03:44:24] pixel  shader #1136   2108 bytes  crc 3BFBF344  version 3_0  -> ps_1136_3BFBF344.bin
[03:44:24] pixel  shader #1137   2076 bytes  crc FF35DE6B  version 3_0  -> ps_1137_FF35DE6B.bin
[03:44:24] pixel  shader #1138   1636 bytes  crc 8A53C816  version 3_0  -> ps_1138_8A53C816.bin
[03:44:24] pixel  shader #1139   1488 bytes  crc CF96283D  version 3_0  -> ps_1139_CF96283D.bin
[03:44:24] pixel  shader #1140   2248 bytes  crc 833CC613  version 3_0  -> ps_1140_833CC613.bin
[03:44:24] pixel  shader #1141   2780 bytes  crc 5E895AC9  version 3_0  -> ps_1141_5E895AC9.bin
[03:44:24] pixel  shader #1142   2176 bytes  crc 4E858BDE  version 3_0  -> ps_1142_4E858BDE.bin
[03:44:24] pixel  shader #1143   2072 bytes  crc 3A24A694  version 3_0  -> ps_1143_3A24A694.bin
[03:44:24] pixel  shader #1144    728 bytes  crc 93B38301  version 3_0  -> ps_1144_93B38301.bin
[03:44:24] pixel  shader #1145   3756 bytes  crc 15509CF8  version 3_0  -> ps_1145_15509CF8.bin
[03:44:24] pixel  shader #1146   2780 bytes  crc C6DAE09A  version 3_0  -> ps_1146_C6DAE09A.bin
[03:44:24] pixel  shader #1147   1760 bytes  crc 62DC3591  version 3_0  -> ps_1147_62DC3591.bin
[03:44:24] pixel  shader #1148   2220 bytes  crc 43773A70  version 3_0  -> ps_1148_43773A70.bin
[03:44:24] pixel  shader #1149   3936 bytes  crc 1427390B  version 3_0  -> ps_1149_1427390B.bin
[03:44:24] pixel  shader #1150   2224 bytes  crc 8859A033  version 3_0  -> ps_1150_8859A033.bin
[03:44:24] pixel  shader #1151   2808 bytes  crc 92278AFD  version 3_0  -> ps_1151_92278AFD.bin
[03:44:24] pixel  shader #1152   2652 bytes  crc 84457DC0  version 3_0  -> ps_1152_84457DC0.bin
[03:44:24] pixel  shader #1153    960 bytes  crc 328EB62E  version 3_0  -> ps_1153_328EB62E.bin
[03:44:24] pixel  shader #1154   3644 bytes  crc C6546ABD  version 3_0  -> ps_1154_C6546ABD.bin
[03:44:24] pixel  shader #1155   1168 bytes  crc AED686A9  version 3_0  -> ps_1155_AED686A9.bin
[03:44:24] pixel  shader #1156    536 bytes  crc C8A8F0AC  version 3_0  -> ps_1156_C8A8F0AC.bin
[03:44:24] pixel  shader #1157   2240 bytes  crc 2A0F864A  version 3_0  -> ps_1157_2A0F864A.bin
[03:44:24] pixel  shader #1158   1764 bytes  crc 229170FC  version 3_0  -> ps_1158_229170FC.bin
[03:44:24] pixel  shader #1159    480 bytes  crc 9F676CA5  version 3_0  -> ps_1159_9F676CA5.bin
[03:44:24] pixel  shader #1160   2192 bytes  crc 59FE5AD6  version 3_0  -> ps_1160_59FE5AD6.bin
[03:44:24] pixel  shader #1161   3888 bytes  crc AB1B56CE  version 3_0  -> ps_1161_AB1B56CE.bin
[03:44:24] pixel  shader #1162   1644 bytes  crc 2A9953CD  version 3_0  -> ps_1162_2A9953CD.bin
[03:44:24] pixel  shader #1163   2444 bytes  crc F26F67CD  version 3_0  -> ps_1163_F26F67CD.bin
[03:44:24] pixel  shader #1164   4008 bytes  crc 7100E38D  version 3_0  -> ps_1164_7100E38D.bin
[03:44:24] pixel  shader #1165    596 bytes  crc C03FC984  version 3_0  -> ps_1165_C03FC984.bin
[03:44:24] pixel  shader #1166   2080 bytes  crc BDA75DA8  version 3_0  -> ps_1166_BDA75DA8.bin
[03:44:24] pixel  shader #1167   3444 bytes  crc 1043671D  version 3_0  -> ps_1167_1043671D.bin
[03:44:24] pixel  shader #1168   2796 bytes  crc 6371B542  version 3_0  -> ps_1168_6371B542.bin
[03:44:24] pixel  shader #1169   3492 bytes  crc 34EBB0A2  version 3_0  -> ps_1169_34EBB0A2.bin
[03:44:24] pixel  shader #1170   1240 bytes  crc 8098236D  version 3_0  -> ps_1170_8098236D.bin
[03:44:24] pixel  shader #1171   1128 bytes  crc 2606E029  version 3_0  -> ps_1171_2606E029.bin
[03:44:24] pixel  shader #1172   2976 bytes  crc 389890B9  version 3_0  -> ps_1172_389890B9.bin
[03:44:24] pixel  shader #1173   2420 bytes  crc E3D4E2C3  version 3_0  -> ps_1173_E3D4E2C3.bin
[03:44:24] pixel  shader #1174   2128 bytes  crc 5FB07F04  version 3_0  -> ps_1174_5FB07F04.bin
[03:44:24] pixel  shader #1175   1852 bytes  crc 1A80AB42  version 3_0  -> ps_1175_1A80AB42.bin
[03:44:24] pixel  shader #1176   2516 bytes  crc E2898B4C  version 3_0  -> ps_1176_E2898B4C.bin
[03:44:24] pixel  shader #1177   4476 bytes  crc 348BF129  version 3_0  -> ps_1177_348BF129.bin
[03:44:24] pixel  shader #1178   2940 bytes  crc 3F8B09CB  version 3_0  -> ps_1178_3F8B09CB.bin
[03:44:24] pixel  shader #1179   1452 bytes  crc AF8E4D6D  version 3_0  -> ps_1179_AF8E4D6D.bin
[03:44:24] pixel  shader #1180   1976 bytes  crc F96144C0  version 3_0  -> ps_1180_F96144C0.bin
[03:44:24] pixel  shader #1181   2900 bytes  crc ABE45A0C  version 3_0  -> ps_1181_ABE45A0C.bin
[03:44:24] pixel  shader #1182   2568 bytes  crc 66306176  version 3_0  -> ps_1182_66306176.bin
[03:44:24] pixel  shader #1183   2636 bytes  crc 4F7A7BF5  version 3_0  -> ps_1183_4F7A7BF5.bin
[03:44:24] pixel  shader #1184   2264 bytes  crc A7C81026  version 3_0  -> ps_1184_A7C81026.bin
[03:44:24] pixel  shader #1185   3392 bytes  crc F151F252  version 3_0  -> ps_1185_F151F252.bin
[03:44:24] pixel  shader #1186   1680 bytes  crc 4A042550  version 3_0  -> ps_1186_4A042550.bin
[03:44:24] pixel  shader #1187   2736 bytes  crc 561264F1  version 3_0  -> ps_1187_561264F1.bin
[03:44:24] pixel  shader #1188   2068 bytes  crc 9D9915D8  version 3_0  -> ps_1188_9D9915D8.bin
[03:44:24] pixel  shader #1189   2640 bytes  crc 44F99183  version 3_0  -> ps_1189_44F99183.bin
[03:44:24] pixel  shader #1190   1576 bytes  crc 223D4029  version 3_0  -> ps_1190_223D4029.bin
[03:44:24] pixel  shader #1191   3752 bytes  crc 56B1F7ED  version 3_0  -> ps_1191_56B1F7ED.bin
[03:44:24] pixel  shader #1192   4608 bytes  crc ED6891ED  version 3_0  -> ps_1192_ED6891ED.bin
[03:44:24] pixel  shader #1193   3732 bytes  crc ED6FC81A  version 3_0  -> ps_1193_ED6FC81A.bin
[03:44:24] pixel  shader #1194   1468 bytes  crc B7D1C174  version 3_0  -> ps_1194_B7D1C174.bin
[03:44:24] pixel  shader #1195   1652 bytes  crc 486BE3AB  version 3_0  -> ps_1195_486BE3AB.bin
[03:44:24] pixel  shader #1196   1268 bytes  crc 9234D632  version 3_0  -> ps_1196_9234D632.bin
[03:44:24] pixel  shader #1197   2504 bytes  crc 6FFC970C  version 3_0  -> ps_1197_6FFC970C.bin
[03:44:24] pixel  shader #1198   2472 bytes  crc 56829CC7  version 3_0  -> ps_1198_56829CC7.bin
[03:44:24] pixel  shader #1199   2888 bytes  crc C4151A22  version 3_0  -> ps_1199_C4151A22.bin
[03:44:24] pixel  shader #1200   1656 bytes  crc D59619D7  version 3_0  -> ps_1200_D59619D7.bin
[03:44:24] pixel  shader #1201   1524 bytes  crc EBF76018  version 3_0  -> ps_1201_EBF76018.bin
[03:44:24] pixel  shader #1202   2052 bytes  crc 8502D079  version 3_0  -> ps_1202_8502D079.bin
[03:44:24] pixel  shader #1203   2748 bytes  crc 4E96E73C  version 3_0  -> ps_1203_4E96E73C.bin
[03:44:24] pixel  shader #1204   2324 bytes  crc DEE19662  version 3_0  -> ps_1204_DEE19662.bin
[03:44:24] pixel  shader #1205   3684 bytes  crc DC940850  version 3_0  -> ps_1205_DC940850.bin
[03:44:24] pixel  shader #1206   3040 bytes  crc 2A5FB64F  version 3_0  -> ps_1206_2A5FB64F.bin
[03:44:24] pixel  shader #1207   2336 bytes  crc 9906B198  version 3_0  -> ps_1207_9906B198.bin
[03:44:24] pixel  shader #1208   1584 bytes  crc 95F3CF5E  version 3_0  -> ps_1208_95F3CF5E.bin
[03:44:24] pixel  shader #1209   2176 bytes  crc 9EB795BD  version 3_0  -> ps_1209_9EB795BD.bin
[03:44:24] pixel  shader #1210   2056 bytes  crc 006EDC5D  version 3_0  -> ps_1210_006EDC5D.bin
[03:44:24] pixel  shader #1211   3260 bytes  crc 43F403B0  version 3_0  -> ps_1211_43F403B0.bin
[03:44:24] pixel  shader #1212   3176 bytes  crc A3DBEE32  version 3_0  -> ps_1212_A3DBEE32.bin
[03:44:24] pixel  shader #1213   1192 bytes  crc 4B8EE711  version 3_0  -> ps_1213_4B8EE711.bin
[03:44:24] pixel  shader #1214   1212 bytes  crc 987FBEC4  version 3_0  -> ps_1214_987FBEC4.bin
[03:44:24] pixel  shader #1215   1108 bytes  crc 348CCABF  version 3_0  -> ps_1215_348CCABF.bin
[03:44:24] pixel  shader #1216   3544 bytes  crc 08D79879  version 3_0  -> ps_1216_08D79879.bin
[03:44:24] pixel  shader #1217   1744 bytes  crc F852992A  version 3_0  -> ps_1217_F852992A.bin
[03:44:24] pixel  shader #1218    512 bytes  crc EFAC3A77  version 3_0  -> ps_1218_EFAC3A77.bin
[03:44:24] pixel  shader #1219    376 bytes  crc 31CF0548  version 3_0  -> ps_1219_31CF0548.bin
[03:44:24] pixel  shader #1220   2656 bytes  crc 9F10050B  version 3_0  -> ps_1220_9F10050B.bin
[03:44:24] pixel  shader #1221   2188 bytes  crc 32DA1702  version 3_0  -> ps_1221_32DA1702.bin
[03:44:24] pixel  shader #1222   1616 bytes  crc 2F67C612  version 3_0  -> ps_1222_2F67C612.bin
[03:44:24] pixel  shader #1223   2808 bytes  crc 770594C4  version 3_0  -> ps_1223_770594C4.bin
[03:44:24] pixel  shader #1224   2472 bytes  crc AB0E0D18  version 3_0  -> ps_1224_AB0E0D18.bin
[03:44:24] pixel  shader #1225   1236 bytes  crc 26005990  version 3_0  -> ps_1225_26005990.bin
[03:44:24] pixel  shader #1226   1772 bytes  crc EB12DCB7  version 3_0  -> ps_1226_EB12DCB7.bin
[03:44:24] pixel  shader #1227   5804 bytes  crc 413ECADF  version 3_0  -> ps_1227_413ECADF.bin
[03:44:24] pixel  shader #1228   4168 bytes  crc 5CE9DA1D  version 3_0  -> ps_1228_5CE9DA1D.bin
[03:44:24] pixel  shader #1229   2964 bytes  crc 72FB74A2  version 3_0  -> ps_1229_72FB74A2.bin
[03:44:24] pixel  shader #1230   2208 bytes  crc CA177DAD  version 3_0  -> ps_1230_CA177DAD.bin
[03:44:24] pixel  shader #1231    956 bytes  crc D655B3B5  version 3_0  -> ps_1231_D655B3B5.bin
[03:44:24] pixel  shader #1232    512 bytes  crc F45D1343  version 3_0  -> ps_1232_F45D1343.bin
[03:44:24] pixel  shader #1233   2340 bytes  crc 70C9B3D3  version 3_0  -> ps_1233_70C9B3D3.bin
[03:44:24] pixel  shader #1234   3396 bytes  crc D357F8EE  version 3_0  -> ps_1234_D357F8EE.bin
[03:44:24] pixel  shader #1235   3236 bytes  crc 602E8668  version 3_0  -> ps_1235_602E8668.bin
[03:44:24] pixel  shader #1236   2300 bytes  crc 4A4653F2  version 3_0  -> ps_1236_4A4653F2.bin
[03:44:24] pixel  shader #1237   2816 bytes  crc 638AC1FC  version 3_0  -> ps_1237_638AC1FC.bin
[03:44:24] pixel  shader #1238   1712 bytes  crc F27C5D3B  version 3_0  -> ps_1238_F27C5D3B.bin
[03:44:24] pixel  shader #1239   1876 bytes  crc 265D29E7  version 3_0  -> ps_1239_265D29E7.bin
[03:44:24] pixel  shader #1240   4356 bytes  crc 7E2D8342  version 3_0  -> ps_1240_7E2D8342.bin
[03:44:24] pixel  shader #1241   2740 bytes  crc A850C045  version 3_0  -> ps_1241_A850C045.bin
[03:44:24] pixel  shader #1242   2124 bytes  crc 4728D979  version 3_0  -> ps_1242_4728D979.bin
[03:44:24] pixel  shader #1243   2064 bytes  crc EAFF1C7F  version 3_0  -> ps_1243_EAFF1C7F.bin
[03:44:24] pixel  shader #1244   1296 bytes  crc 01D30609  version 3_0  -> ps_1244_01D30609.bin
[03:44:24] pixel  shader #1245   2672 bytes  crc 93554FEC  version 3_0  -> ps_1245_93554FEC.bin
[03:44:24] pixel  shader #1246    764 bytes  crc 1C273A5F  version 3_0  -> ps_1246_1C273A5F.bin
[03:44:24] pixel  shader #1247   2008 bytes  crc 2360B987  version 3_0  -> ps_1247_2360B987.bin
[03:44:24] pixel  shader #1248    500 bytes  crc 79310983  version 3_0  -> ps_1248_79310983.bin
[03:44:24] pixel  shader #1249   3032 bytes  crc FB61823F  version 3_0  -> ps_1249_FB61823F.bin
[03:44:24] pixel  shader #1250   3756 bytes  crc 7C3BF529  version 3_0  -> ps_1250_7C3BF529.bin
[03:44:24] pixel  shader #1251   1084 bytes  crc B24AB99A  version 3_0  -> ps_1251_B24AB99A.bin
[03:44:24] pixel  shader #1252   2456 bytes  crc E562FA26  version 3_0  -> ps_1252_E562FA26.bin
[03:44:24] pixel  shader #1253   2948 bytes  crc B0A81CF4  version 3_0  -> ps_1253_B0A81CF4.bin
[03:44:24] pixel  shader #1254   2384 bytes  crc DF39F338  version 3_0  -> ps_1254_DF39F338.bin
[03:44:24] pixel  shader #1255   4388 bytes  crc 31693BDE  version 3_0  -> ps_1255_31693BDE.bin
[03:44:24] pixel  shader #1256    860 bytes  crc 01400EEB  version 3_0  -> ps_1256_01400EEB.bin
[03:44:24] pixel  shader #1257   1124 bytes  crc 1A685E4D  version 3_0  -> ps_1257_1A685E4D.bin
[03:44:24] pixel  shader #1258   1484 bytes  crc BB98D22B  version 3_0  -> ps_1258_BB98D22B.bin
[03:44:24] pixel  shader #1259   1176 bytes  crc 1BB4074F  version 3_0  -> ps_1259_1BB4074F.bin
[03:44:24] pixel  shader #1260    972 bytes  crc 433B3062  version 3_0  -> ps_1260_433B3062.bin
[03:44:24] pixel  shader #1261    544 bytes  crc 62BA656D  version 3_0  -> ps_1261_62BA656D.bin
[03:44:24] pixel  shader #1262   3132 bytes  crc 14C7C06C  version 3_0  -> ps_1262_14C7C06C.bin
[03:44:24] pixel  shader #1263   2084 bytes  crc C368C921  version 3_0  -> ps_1263_C368C921.bin
[03:44:24] pixel  shader #1264   2572 bytes  crc 1B913B15  version 3_0  -> ps_1264_1B913B15.bin
[03:44:24] pixel  shader #1265   1728 bytes  crc A5FE0FB5  version 3_0  -> ps_1265_A5FE0FB5.bin
[03:44:24] pixel  shader #1266   1476 bytes  crc 0E773505  version 3_0  -> ps_1266_0E773505.bin
[03:44:24] pixel  shader #1267   2380 bytes  crc 3CC2EB23  version 3_0  -> ps_1267_3CC2EB23.bin
[03:44:24] pixel  shader #1268   3428 bytes  crc 12D2FFC3  version 3_0  -> ps_1268_12D2FFC3.bin
[03:44:24] pixel  shader #1269    512 bytes  crc 014B79D9  version 3_0  -> ps_1269_014B79D9.bin
[03:44:24] pixel  shader #1270   1788 bytes  crc F03559F2  version 3_0  -> ps_1270_F03559F2.bin
[03:44:24] pixel  shader #1271   1636 bytes  crc 62FEE2CE  version 3_0  -> ps_1271_62FEE2CE.bin
[03:44:24] pixel  shader #1272   1380 bytes  crc 743AB2F7  version 3_0  -> ps_1272_743AB2F7.bin
[03:44:24] pixel  shader #1273   2308 bytes  crc CEFC444C  version 3_0  -> ps_1273_CEFC444C.bin
[03:44:24] pixel  shader #1274   1144 bytes  crc 6C2FC5A4  version 3_0  -> ps_1274_6C2FC5A4.bin
[03:44:24] pixel  shader #1275   2008 bytes  crc 72395C22  version 3_0  -> ps_1275_72395C22.bin
[03:44:24] pixel  shader #1276   2316 bytes  crc D9297D48  version 3_0  -> ps_1276_D9297D48.bin
[03:44:24] pixel  shader #1277   2948 bytes  crc A606BCB1  version 3_0  -> ps_1277_A606BCB1.bin
[03:44:24] pixel  shader #1278   2452 bytes  crc 0756AAC8  version 3_0  -> ps_1278_0756AAC8.bin
[03:44:24] pixel  shader #1279   2324 bytes  crc 27C46104  version 3_0  -> ps_1279_27C46104.bin
[03:44:24] pixel  shader #1280   3208 bytes  crc 2D616C3A  version 3_0  -> ps_1280_2D616C3A.bin
[03:44:24] pixel  shader #1281   4352 bytes  crc D9CB047E  version 3_0  -> ps_1281_D9CB047E.bin
[03:44:24] pixel  shader #1282   2736 bytes  crc 57A3053D  version 3_0  -> ps_1282_57A3053D.bin
[03:44:24] pixel  shader #1283    952 bytes  crc 8FCC0171  version 3_0  -> ps_1283_8FCC0171.bin
[03:44:24] pixel  shader #1284   3908 bytes  crc 2CD4D970  version 3_0  -> ps_1284_2CD4D970.bin
[03:44:24] pixel  shader #1285   2616 bytes  crc A59601B7  version 3_0  -> ps_1285_A59601B7.bin
[03:44:24] pixel  shader #1286   3764 bytes  crc 6AB4FD60  version 3_0  -> ps_1286_6AB4FD60.bin
[03:44:24] pixel  shader #1287   2132 bytes  crc F3F083C1  version 3_0  -> ps_1287_F3F083C1.bin
[03:44:24] pixel  shader #1288   4852 bytes  crc B1C0E5DE  version 3_0  -> ps_1288_B1C0E5DE.bin
[03:44:24] pixel  shader #1289   1588 bytes  crc 0D30F675  version 3_0  -> ps_1289_0D30F675.bin
[03:44:24] pixel  shader #1290    768 bytes  crc 4DAA87C1  version 3_0  -> ps_1290_4DAA87C1.bin
[03:44:24] pixel  shader #1291   1924 bytes  crc 05E9171F  version 3_0  -> ps_1291_05E9171F.bin
[03:44:24] pixel  shader #1292    860 bytes  crc D096784C  version 3_0  -> ps_1292_D096784C.bin
[03:44:24] pixel  shader #1293   3688 bytes  crc 84A910AC  version 3_0  -> ps_1293_84A910AC.bin
[03:44:24] pixel  shader #1294   3540 bytes  crc FFBF02DD  version 3_0  -> ps_1294_FFBF02DD.bin
[03:44:24] pixel  shader #1295   1484 bytes  crc 0D7A9742  version 3_0  -> ps_1295_0D7A9742.bin
[03:44:24] pixel  shader #1296   4472 bytes  crc C84EC023  version 3_0  -> ps_1296_C84EC023.bin
[03:44:24] pixel  shader #1297   2756 bytes  crc 350D5D77  version 3_0  -> ps_1297_350D5D77.bin
[03:44:24] pixel  shader #1298    548 bytes  crc 26B925D9  version 3_0  -> ps_1298_26B925D9.bin
[03:44:24] pixel  shader #1299   2688 bytes  crc 5E18D7F2  version 3_0  -> ps_1299_5E18D7F2.bin
[03:44:24] pixel  shader #1300   2720 bytes  crc 754D0253  version 3_0  -> ps_1300_754D0253.bin
[03:44:24] pixel  shader #1301   2364 bytes  crc E9D0F9D2  version 3_0  -> ps_1301_E9D0F9D2.bin
[03:44:24] pixel  shader #1302   2288 bytes  crc E5FFD810  version 3_0  -> ps_1302_E5FFD810.bin
[03:44:24] pixel  shader #1303   2208 bytes  crc 177046C8  version 3_0  -> ps_1303_177046C8.bin
[03:44:24] pixel  shader #1304   3024 bytes  crc 0A42D9E7  version 3_0  -> ps_1304_0A42D9E7.bin
[03:44:24] pixel  shader #1305   2136 bytes  crc F6D69648  version 3_0  -> ps_1305_F6D69648.bin
[03:44:24] pixel  shader #1306   4224 bytes  crc 1430D472  version 3_0  -> ps_1306_1430D472.bin
[03:44:24] pixel  shader #1307   1564 bytes  crc 8940E65B  version 3_0  -> ps_1307_8940E65B.bin
[03:44:24] pixel  shader #1308   4464 bytes  crc D7FEE713  version 3_0  -> ps_1308_D7FEE713.bin
[03:44:24] pixel  shader #1309   3420 bytes  crc E8E5CDC2  version 3_0  -> ps_1309_E8E5CDC2.bin
[03:44:24] pixel  shader #1310   2832 bytes  crc C5A377EE  version 3_0  -> ps_1310_C5A377EE.bin
[03:44:24] pixel  shader #1311   1068 bytes  crc 384708D9  version 3_0  -> ps_1311_384708D9.bin
[03:44:24] pixel  shader #1312   2904 bytes  crc 8187D1AE  version 3_0  -> ps_1312_8187D1AE.bin
[03:44:24] pixel  shader #1313   2056 bytes  crc 5D8C9492  version 3_0  -> ps_1313_5D8C9492.bin
[03:44:24] pixel  shader #1314   2336 bytes  crc 1F2099EF  version 3_0  -> ps_1314_1F2099EF.bin
[03:44:24] pixel  shader #1315   2684 bytes  crc 214130C4  version 3_0  -> ps_1315_214130C4.bin
[03:44:24] pixel  shader #1316   3836 bytes  crc 253A3F1A  version 3_0  -> ps_1316_253A3F1A.bin
[03:44:24] pixel  shader #1317   4532 bytes  crc 4EDE3AE0  version 3_0  -> ps_1317_4EDE3AE0.bin
[03:44:24] pixel  shader #1318   2564 bytes  crc 54F7298E  version 3_0  -> ps_1318_54F7298E.bin
[03:44:24] pixel  shader #1319   2152 bytes  crc 67C4F692  version 3_0  -> ps_1319_67C4F692.bin
[03:44:24] pixel  shader #1320   2532 bytes  crc C9E07C3E  version 3_0  -> ps_1320_C9E07C3E.bin
[03:44:24] pixel  shader #1321   1644 bytes  crc 2D229CED  version 3_0  -> ps_1321_2D229CED.bin
[03:44:24] pixel  shader #1322   2100 bytes  crc 0334C681  version 3_0  -> ps_1322_0334C681.bin
[03:44:24] pixel  shader #1323   1076 bytes  crc A667F12F  version 3_0  -> ps_1323_A667F12F.bin
[03:44:24] pixel  shader #1324   1988 bytes  crc 62D18C88  version 3_0  -> ps_1324_62D18C88.bin
[03:44:24] pixel  shader #1325   2508 bytes  crc 619F98D9  version 3_0  -> ps_1325_619F98D9.bin
[03:44:24] pixel  shader #1326    232 bytes  crc 9C65D5B7  version 3_0  -> ps_1326_9C65D5B7.bin
[03:44:24] pixel  shader #1327   1548 bytes  crc 7B99A88D  version 3_0  -> ps_1327_7B99A88D.bin
[03:44:24] pixel  shader #1328   1572 bytes  crc B998739D  version 3_0  -> ps_1328_B998739D.bin
[03:44:24] pixel  shader #1329   3176 bytes  crc A436CFD4  version 3_0  -> ps_1329_A436CFD4.bin
[03:44:24] pixel  shader #1330    868 bytes  crc C0F5EA95  version 3_0  -> ps_1330_C0F5EA95.bin
[03:44:24] pixel  shader #1331   1792 bytes  crc 56282F06  version 3_0  -> ps_1331_56282F06.bin
[03:44:24] pixel  shader #1332   1268 bytes  crc 60B2076D  version 3_0  -> ps_1332_60B2076D.bin
[03:44:24] pixel  shader #1333    540 bytes  crc A0B2579C  version 3_0  -> ps_1333_A0B2579C.bin
[03:44:24] pixel  shader #1334   1632 bytes  crc C033953A  version 3_0  -> ps_1334_C033953A.bin
[03:44:24] pixel  shader #1335   3152 bytes  crc D99B5276  version 3_0  -> ps_1335_D99B5276.bin
[03:44:24] pixel  shader #1336   1452 bytes  crc B1CBA5CA  version 3_0  -> ps_1336_B1CBA5CA.bin
[03:44:24] pixel  shader #1337   3600 bytes  crc A2A8A932  version 3_0  -> ps_1337_A2A8A932.bin
[03:44:24] pixel  shader #1338   2384 bytes  crc DBA550CD  version 3_0  -> ps_1338_DBA550CD.bin
[03:44:24] pixel  shader #1339   2692 bytes  crc 627642D1  version 3_0  -> ps_1339_627642D1.bin
[03:44:24] pixel  shader #1340   2156 bytes  crc 0D8498B1  version 3_0  -> ps_1340_0D8498B1.bin
[03:44:24] pixel  shader #1341   1052 bytes  crc C76105D8  version 3_0  -> ps_1341_C76105D8.bin
[03:44:24] pixel  shader #1342   1040 bytes  crc B31046A2  version 3_0  -> ps_1342_B31046A2.bin
[03:44:24] pixel  shader #1343   3132 bytes  crc F3CCCB99  version 3_0  -> ps_1343_F3CCCB99.bin
[03:44:24] pixel  shader #1344   2960 bytes  crc E9C11E47  version 3_0  -> ps_1344_E9C11E47.bin
[03:44:24] pixel  shader #1345   2936 bytes  crc 064133AD  version 3_0  -> ps_1345_064133AD.bin
[03:44:24] pixel  shader #1346   1448 bytes  crc 84AD974D  version 3_0  -> ps_1346_84AD974D.bin
[03:44:24] pixel  shader #1347   1920 bytes  crc 667F2182  version 3_0  -> ps_1347_667F2182.bin
[03:44:24] pixel  shader #1348   2272 bytes  crc 1270D06E  version 3_0  -> ps_1348_1270D06E.bin
[03:44:24] pixel  shader #1349   3404 bytes  crc D6CD211E  version 3_0  -> ps_1349_D6CD211E.bin
[03:44:24] pixel  shader #1350   2664 bytes  crc 69022390  version 3_0  -> ps_1350_69022390.bin
[03:44:24] pixel  shader #1351   2128 bytes  crc 8F744953  version 3_0  -> ps_1351_8F744953.bin
[03:44:24] pixel  shader #1352   2788 bytes  crc FA60DFDA  version 3_0  -> ps_1352_FA60DFDA.bin
[03:44:24] pixel  shader #1353   2900 bytes  crc 69A20E60  version 3_0  -> ps_1353_69A20E60.bin
[03:44:24] pixel  shader #1354   1140 bytes  crc 003CBA16  version 3_0  -> ps_1354_003CBA16.bin
[03:44:24] pixel  shader #1355   1500 bytes  crc A57339E4  version 3_0  -> ps_1355_A57339E4.bin
[03:44:24] pixel  shader #1356   1020 bytes  crc B542BEB3  version 3_0  -> ps_1356_B542BEB3.bin
[03:44:24] pixel  shader #1357   1504 bytes  crc 292CEE41  version 3_0  -> ps_1357_292CEE41.bin
[03:44:24] pixel  shader #1358   2708 bytes  crc D9D9A2F6  version 3_0  -> ps_1358_D9D9A2F6.bin
[03:44:24] pixel  shader #1359   3296 bytes  crc B857333D  version 3_0  -> ps_1359_B857333D.bin
[03:44:24] pixel  shader #1360   2952 bytes  crc 8B59E4B1  version 3_0  -> ps_1360_8B59E4B1.bin
[03:44:24] pixel  shader #1361   3164 bytes  crc 9ECFA63A  version 3_0  -> ps_1361_9ECFA63A.bin
[03:44:24] pixel  shader #1362   2244 bytes  crc 67E4673F  version 3_0  -> ps_1362_67E4673F.bin
[03:44:24] pixel  shader #1363   2108 bytes  crc 89FF8553  version 3_0  -> ps_1363_89FF8553.bin
[03:44:24] pixel  shader #1364   3852 bytes  crc 1C6FBEDD  version 3_0  -> ps_1364_1C6FBEDD.bin
[03:44:24] pixel  shader #1365   2984 bytes  crc 23E468AA  version 3_0  -> ps_1365_23E468AA.bin
[03:44:24] pixel  shader #1366   2356 bytes  crc 83412314  version 3_0  -> ps_1366_83412314.bin
[03:44:24] pixel  shader #1367    752 bytes  crc 65ED7B26  version 3_0  -> ps_1367_65ED7B26.bin
[03:44:24] pixel  shader #1368   3348 bytes  crc 45E3DCB2  version 3_0  -> ps_1368_45E3DCB2.bin
[03:44:24] pixel  shader #1369   2116 bytes  crc 1F744B8B  version 3_0  -> ps_1369_1F744B8B.bin
[03:44:24] pixel  shader #1370    820 bytes  crc 27095695  version 3_0  -> ps_1370_27095695.bin
[03:44:24] pixel  shader #1371   1604 bytes  crc 5AB9CED9  version 3_0  -> ps_1371_5AB9CED9.bin
[03:44:24] pixel  shader #1372   2636 bytes  crc 6B8A772C  version 3_0  -> ps_1372_6B8A772C.bin
[03:44:24] pixel  shader #1373   3352 bytes  crc B1F85AE8  version 3_0  -> ps_1373_B1F85AE8.bin
[03:44:24] pixel  shader #1374    396 bytes  crc 4AAE1A73  version 3_0  -> ps_1374_4AAE1A73.bin
[03:44:24] pixel  shader #1375   2192 bytes  crc BA442E08  version 3_0  -> ps_1375_BA442E08.bin
[03:44:24] pixel  shader #1376   1992 bytes  crc 1C305DF5  version 3_0  -> ps_1376_1C305DF5.bin
[03:44:24] pixel  shader #1377   2528 bytes  crc EECB09BA  version 3_0  -> ps_1377_EECB09BA.bin
[03:44:24] pixel  shader #1378   3696 bytes  crc 1557CD3C  version 3_0  -> ps_1378_1557CD3C.bin
[03:44:24] pixel  shader #1379    768 bytes  crc 2216D112  version 3_0  -> ps_1379_2216D112.bin
[03:44:24] pixel  shader #1380    972 bytes  crc D7B86F98  version 3_0  -> ps_1380_D7B86F98.bin
[03:44:24] pixel  shader #1381    844 bytes  crc 73410798  version 3_0  -> ps_1381_73410798.bin
[03:44:24] pixel  shader #1382   3496 bytes  crc 27AADB8D  version 3_0  -> ps_1382_27AADB8D.bin
[03:44:24] pixel  shader #1383   2268 bytes  crc E1C8F4FE  version 3_0  -> ps_1383_E1C8F4FE.bin
[03:44:24] pixel  shader #1384   4028 bytes  crc 9E6E33EB  version 3_0  -> ps_1384_9E6E33EB.bin
[03:44:24] pixel  shader #1385   2528 bytes  crc E8CA6CD4  version 3_0  -> ps_1385_E8CA6CD4.bin
[03:44:24] pixel  shader #1386   1548 bytes  crc 549192E8  version 3_0  -> ps_1386_549192E8.bin
[03:44:24] pixel  shader #1387   3628 bytes  crc C94E3AA4  version 3_0  -> ps_1387_C94E3AA4.bin
[03:44:24] pixel  shader #1388   3492 bytes  crc EA6BE026  version 3_0  -> ps_1388_EA6BE026.bin
[03:44:24] pixel  shader #1389   3156 bytes  crc B83D286F  version 3_0  -> ps_1389_B83D286F.bin
[03:44:24] pixel  shader #1390   2488 bytes  crc 1B333560  version 3_0  -> ps_1390_1B333560.bin
[03:44:24] pixel  shader #1391   1808 bytes  crc 3732FA58  version 3_0  -> ps_1391_3732FA58.bin
[03:44:24] pixel  shader #1392   1880 bytes  crc 41750D76  version 3_0  -> ps_1392_41750D76.bin
[03:44:24] pixel  shader #1393   2444 bytes  crc F2332A5C  version 3_0  -> ps_1393_F2332A5C.bin
[03:44:24] pixel  shader #1394   2764 bytes  crc 583ED897  version 3_0  -> ps_1394_583ED897.bin
[03:44:24] pixel  shader #1395   2724 bytes  crc B1CD1C22  version 3_0  -> ps_1395_B1CD1C22.bin
[03:44:24] pixel  shader #1396    416 bytes  crc 792A0D66  version 3_0  -> ps_1396_792A0D66.bin
[03:44:24] pixel  shader #1397   3372 bytes  crc F09D5009  version 3_0  -> ps_1397_F09D5009.bin
[03:44:24] pixel  shader #1398   2020 bytes  crc CC24D5C8  version 3_0  -> ps_1398_CC24D5C8.bin
[03:44:24] pixel  shader #1399   2424 bytes  crc 3C131829  version 3_0  -> ps_1399_3C131829.bin
[03:44:24] pixel  shader #1400    124 bytes  crc 4EB6FB23  version 3_0  -> ps_1400_4EB6FB23.bin
[03:44:24] pixel  shader #1401   1428 bytes  crc D5E08747  version 3_0  -> ps_1401_D5E08747.bin
[03:44:24] pixel  shader #1402    812 bytes  crc 1BF58977  version 3_0  -> ps_1402_1BF58977.bin
[03:44:24] pixel  shader #1403   2188 bytes  crc 10728117  version 3_0  -> ps_1403_10728117.bin
[03:44:24] pixel  shader #1404   1744 bytes  crc 8EEFF58A  version 3_0  -> ps_1404_8EEFF58A.bin
[03:44:24] pixel  shader #1405   3336 bytes  crc 88184022  version 3_0  -> ps_1405_88184022.bin
[03:44:24] pixel  shader #1406   2960 bytes  crc D8A489B4  version 3_0  -> ps_1406_D8A489B4.bin
[03:44:24] pixel  shader #1407    808 bytes  crc B093E5E5  version 3_0  -> ps_1407_B093E5E5.bin
[03:44:24] pixel  shader #1408   3284 bytes  crc D47F86D0  version 3_0  -> ps_1408_D47F86D0.bin
[03:44:24] pixel  shader #1409   2856 bytes  crc 60601F46  version 3_0  -> ps_1409_60601F46.bin
[03:44:24] pixel  shader #1410   4388 bytes  crc 616E6897  version 3_0  -> ps_1410_616E6897.bin
[03:44:24] pixel  shader #1411   2216 bytes  crc 6A484894  version 3_0  -> ps_1411_6A484894.bin
[03:44:24] pixel  shader #1412   3276 bytes  crc 72BDF9AA  version 3_0  -> ps_1412_72BDF9AA.bin
[03:44:24] pixel  shader #1413   1584 bytes  crc 713CC5FE  version 3_0  -> ps_1413_713CC5FE.bin
[03:44:24] pixel  shader #1414   2232 bytes  crc 690C1B48  version 3_0  -> ps_1414_690C1B48.bin
[03:44:24] pixel  shader #1415   1932 bytes  crc CFBBF156  version 3_0  -> ps_1415_CFBBF156.bin
[03:44:24] pixel  shader #1416   1840 bytes  crc 6D01702E  version 3_0  -> ps_1416_6D01702E.bin
[03:44:24] pixel  shader #1417   2756 bytes  crc 4AEB71A6  version 3_0  -> ps_1417_4AEB71A6.bin
[03:44:24] pixel  shader #1418    668 bytes  crc 594EC860  version 3_0  -> ps_1418_594EC860.bin
[03:44:24] pixel  shader #1419   1124 bytes  crc 6B0A9DA7  version 3_0  -> ps_1419_6B0A9DA7.bin
[03:44:24] pixel  shader #1420   3160 bytes  crc C27A089D  version 3_0  -> ps_1420_C27A089D.bin
[03:44:24] pixel  shader #1421   2324 bytes  crc 877848D5  version 3_0  -> ps_1421_877848D5.bin
[03:44:24] pixel  shader #1422    488 bytes  crc 3B806220  version 3_0  -> ps_1422_3B806220.bin
[03:44:24] pixel  shader #1423   2516 bytes  crc 0824FD0E  version 3_0  -> ps_1423_0824FD0E.bin
[03:44:24] pixel  shader #1424   3780 bytes  crc 53306AE0  version 3_0  -> ps_1424_53306AE0.bin
[03:44:24] pixel  shader #1425   1128 bytes  crc 520115D5  version 3_0  -> ps_1425_520115D5.bin
[03:44:24] pixel  shader #1426    880 bytes  crc 504005AC  version 3_0  -> ps_1426_504005AC.bin
[03:44:24] pixel  shader #1427   2916 bytes  crc D8AF16A6  version 3_0  -> ps_1427_D8AF16A6.bin
[03:44:24] pixel  shader #1428   2548 bytes  crc E7C4091D  version 3_0  -> ps_1428_E7C4091D.bin
[03:44:24] pixel  shader #1429   1000 bytes  crc E9EFAD56  version 3_0  -> ps_1429_E9EFAD56.bin
[03:44:24] pixel  shader #1430   2832 bytes  crc 5B9C9CCC  version 3_0  -> ps_1430_5B9C9CCC.bin
[03:44:24] pixel  shader #1431   2704 bytes  crc 3E94EBF8  version 3_0  -> ps_1431_3E94EBF8.bin
[03:44:24] pixel  shader #1432   1772 bytes  crc 15C9967F  version 3_0  -> ps_1432_15C9967F.bin
[03:44:24] pixel  shader #1433   2168 bytes  crc BF8325E5  version 3_0  -> ps_1433_BF8325E5.bin
[03:44:24] pixel  shader #1434   1616 bytes  crc 06B306FE  version 3_0  -> ps_1434_06B306FE.bin
[03:44:24] pixel  shader #1435    672 bytes  crc 26DAC636  version 3_0  -> ps_1435_26DAC636.bin
[03:44:24] pixel  shader #1436   3044 bytes  crc 927D111D  version 3_0  -> ps_1436_927D111D.bin
[03:44:24] pixel  shader #1437   3296 bytes  crc 4A043432  version 3_0  -> ps_1437_4A043432.bin
[03:44:24] pixel  shader #1438   1260 bytes  crc 84D5029F  version 3_0  -> ps_1438_84D5029F.bin
[03:44:24] pixel  shader #1439   2744 bytes  crc ACD37F82  version 3_0  -> ps_1439_ACD37F82.bin
[03:44:24] pixel  shader #1440   2708 bytes  crc 608C553F  version 3_0  -> ps_1440_608C553F.bin
[03:44:24] pixel  shader #1441   4104 bytes  crc 5CDE4D41  version 3_0  -> ps_1441_5CDE4D41.bin
[03:44:24] pixel  shader #1442   1032 bytes  crc 1DEF728E  version 3_0  -> ps_1442_1DEF728E.bin
[03:44:24] pixel  shader #1443   2200 bytes  crc 9CAD63E2  version 3_0  -> ps_1443_9CAD63E2.bin
[03:44:24] pixel  shader #1444   3356 bytes  crc 6090767D  version 3_0  -> ps_1444_6090767D.bin
[03:44:24] pixel  shader #1445   2464 bytes  crc E8605938  version 3_0  -> ps_1445_E8605938.bin
[03:44:24] pixel  shader #1446   3444 bytes  crc B8ED2369  version 3_0  -> ps_1446_B8ED2369.bin
[03:44:24] pixel  shader #1447    540 bytes  crc D85722FC  version 3_0  -> ps_1447_D85722FC.bin
[03:44:24] pixel  shader #1448    656 bytes  crc 11EB8D0E  version 3_0  -> ps_1448_11EB8D0E.bin
[03:44:24] pixel  shader #1449   2232 bytes  crc A06E7269  version 3_0  -> ps_1449_A06E7269.bin
[03:44:24] pixel  shader #1450   2688 bytes  crc 30D3C92A  version 3_0  -> ps_1450_30D3C92A.bin
[03:44:24] pixel  shader #1451    220 bytes  crc 0A0C6B76  version 3_0  -> ps_1451_0A0C6B76.bin
[03:44:24] pixel  shader #1452   2260 bytes  crc 5DAA0EEF  version 3_0  -> ps_1452_5DAA0EEF.bin
[03:44:24] pixel  shader #1453   3140 bytes  crc 1182B96C  version 3_0  -> ps_1453_1182B96C.bin
[03:44:24] pixel  shader #1454    972 bytes  crc F6AA1FF9  version 3_0  -> ps_1454_F6AA1FF9.bin
[03:44:24] pixel  shader #1455   1956 bytes  crc 5C980486  version 3_0  -> ps_1455_5C980486.bin
[03:44:24] pixel  shader #1456   2948 bytes  crc 68722380  version 3_0  -> ps_1456_68722380.bin
[03:44:24] pixel  shader #1457    484 bytes  crc F80734EA  version 3_0  -> ps_1457_F80734EA.bin
[03:44:24] pixel  shader #1458   2116 bytes  crc 15C12168  version 3_0  -> ps_1458_15C12168.bin
[03:44:24] pixel  shader #1459   2948 bytes  crc 4457E59B  version 3_0  -> ps_1459_4457E59B.bin
[03:44:24] pixel  shader #1460   1664 bytes  crc CA3BC398  version 3_0  -> ps_1460_CA3BC398.bin
[03:44:24] pixel  shader #1461   3084 bytes  crc BEC4D68D  version 3_0  -> ps_1461_BEC4D68D.bin
[03:44:24] pixel  shader #1462    308 bytes  crc 506E4C07  version 3_0  -> ps_1462_506E4C07.bin
[03:44:24] pixel  shader #1463   2200 bytes  crc EBD6762F  version 3_0  -> ps_1463_EBD6762F.bin
[03:44:24] pixel  shader #1464   1588 bytes  crc FB9CE00F  version 3_0  -> ps_1464_FB9CE00F.bin
[03:44:24] pixel  shader #1465   1476 bytes  crc D84C23F8  version 3_0  -> ps_1465_D84C23F8.bin
[03:44:24] pixel  shader #1466   2504 bytes  crc 2BE06100  version 3_0  -> ps_1466_2BE06100.bin
[03:44:24] pixel  shader #1467   2648 bytes  crc C4A46D4F  version 3_0  -> ps_1467_C4A46D4F.bin
[03:44:24] pixel  shader #1468   2008 bytes  crc 04340AA1  version 3_0  -> ps_1468_04340AA1.bin
[03:44:24] pixel  shader #1469   2944 bytes  crc FE0082B6  version 3_0  -> ps_1469_FE0082B6.bin
[03:44:24] pixel  shader #1470    604 bytes  crc 370E11B7  version 3_0  -> ps_1470_370E11B7.bin
[03:44:24] pixel  shader #1471   2520 bytes  crc 0CA5A827  version 3_0  -> ps_1471_0CA5A827.bin
[03:44:24] pixel  shader #1472   3264 bytes  crc FF3F0D5E  version 3_0  -> ps_1472_FF3F0D5E.bin
[03:44:24] pixel  shader #1473   1624 bytes  crc CE22B8D0  version 3_0  -> ps_1473_CE22B8D0.bin
[03:44:24] pixel  shader #1474   2744 bytes  crc A34D2FC8  version 3_0  -> ps_1474_A34D2FC8.bin
[03:44:24] pixel  shader #1475   3484 bytes  crc 941DA49C  version 3_0  -> ps_1475_941DA49C.bin
[03:44:24] pixel  shader #1476   2636 bytes  crc 73B9E9A8  version 3_0  -> ps_1476_73B9E9A8.bin
[03:44:24] pixel  shader #1477   2804 bytes  crc 46E2607F  version 3_0  -> ps_1477_46E2607F.bin
[03:44:24] pixel  shader #1478   1844 bytes  crc 8397D43B  version 3_0  -> ps_1478_8397D43B.bin
[03:44:24] pixel  shader #1479   2004 bytes  crc EA250834  version 3_0  -> ps_1479_EA250834.bin
[03:44:24] pixel  shader #1480   2376 bytes  crc 3C38B8FD  version 3_0  -> ps_1480_3C38B8FD.bin
[03:44:24] pixel  shader #1481   2732 bytes  crc 832A5CFC  version 3_0  -> ps_1481_832A5CFC.bin
[03:44:24] pixel  shader #1482   2888 bytes  crc 98DE5E0C  version 3_0  -> ps_1482_98DE5E0C.bin
[03:44:24] pixel  shader #1483    488 bytes  crc D5683269  version 3_0  -> ps_1483_D5683269.bin
[03:44:24] pixel  shader #1484   1760 bytes  crc 1354E64B  version 3_0  -> ps_1484_1354E64B.bin
[03:44:24] pixel  shader #1485   1456 bytes  crc 9DC9D26F  version 3_0  -> ps_1485_9DC9D26F.bin
[03:44:24] pixel  shader #1486   2204 bytes  crc DB13754C  version 3_0  -> ps_1486_DB13754C.bin
[03:44:24] pixel  shader #1487   2728 bytes  crc EAC97748  version 3_0  -> ps_1487_EAC97748.bin
[03:44:24] pixel  shader #1488   1808 bytes  crc 37E04119  version 3_0  -> ps_1488_37E04119.bin
[03:44:24] pixel  shader #1489   2180 bytes  crc 1677D0D4  version 3_0  -> ps_1489_1677D0D4.bin
[03:44:24] pixel  shader #1490   1764 bytes  crc 532CFA35  version 3_0  -> ps_1490_532CFA35.bin
[03:44:24] pixel  shader #1491   2592 bytes  crc 6033FCEA  version 3_0  -> ps_1491_6033FCEA.bin
[03:44:24] pixel  shader #1492    548 bytes  crc C678EB76  version 3_0  -> ps_1492_C678EB76.bin
[03:44:24] pixel  shader #1493   3300 bytes  crc 1DE63215  version 3_0  -> ps_1493_1DE63215.bin
[03:44:24] pixel  shader #1494   1448 bytes  crc 85850152  version 3_0  -> ps_1494_85850152.bin
[03:44:24] pixel  shader #1495   3128 bytes  crc 13A8D49E  version 3_0  -> ps_1495_13A8D49E.bin
[03:44:24] pixel  shader #1496   2876 bytes  crc 3D06BF2D  version 3_0  -> ps_1496_3D06BF2D.bin
[03:44:24] pixel  shader #1497   3376 bytes  crc 003D661D  version 3_0  -> ps_1497_003D661D.bin
[03:44:24] pixel  shader #1498   3072 bytes  crc 7F8F8E91  version 3_0  -> ps_1498_7F8F8E91.bin
[03:44:24] pixel  shader #1499   1476 bytes  crc 85FEC169  version 3_0  -> ps_1499_85FEC169.bin
[03:44:24] pixel  shader #1500    996 bytes  crc 9B497D86  version 3_0  -> ps_1500_9B497D86.bin
[03:44:24] pixel  shader #1501   1104 bytes  crc 358CB256  version 3_0  -> ps_1501_358CB256.bin
[03:44:24] pixel  shader #1502   2636 bytes  crc 2F90ACD7  version 3_0  -> ps_1502_2F90ACD7.bin
[03:44:24] pixel  shader #1503   1540 bytes  crc DFF3C418  version 3_0  -> ps_1503_DFF3C418.bin
[03:44:24] pixel  shader #1504   1648 bytes  crc E6D4C191  version 3_0  -> ps_1504_E6D4C191.bin
[03:44:24] pixel  shader #1505   2056 bytes  crc 0F532E6F  version 3_0  -> ps_1505_0F532E6F.bin
[03:44:24] pixel  shader #1506   2432 bytes  crc 34F01FCC  version 3_0  -> ps_1506_34F01FCC.bin
[03:44:24] pixel  shader #1507   1992 bytes  crc E15DFFE3  version 3_0  -> ps_1507_E15DFFE3.bin
[03:44:24] pixel  shader #1508   1288 bytes  crc BFF155F8  version 3_0  -> ps_1508_BFF155F8.bin
[03:44:24] pixel  shader #1509   2572 bytes  crc B59A0038  version 3_0  -> ps_1509_B59A0038.bin
[03:44:24] pixel  shader #1510   1852 bytes  crc DD019004  version 3_0  -> ps_1510_DD019004.bin
[03:44:24] pixel  shader #1511   2024 bytes  crc B2D4FB95  version 3_0  -> ps_1511_B2D4FB95.bin
[03:44:24] pixel  shader #1512   1548 bytes  crc A8747930  version 3_0  -> ps_1512_A8747930.bin
[03:44:24] pixel  shader #1513    416 bytes  crc 40156F68  version 3_0  -> ps_1513_40156F68.bin
[03:44:24] pixel  shader #1514   4044 bytes  crc 1DDF8A9A  version 3_0  -> ps_1514_1DDF8A9A.bin
[03:44:24] pixel  shader #1515   2204 bytes  crc 71DDF368  version 3_0  -> ps_1515_71DDF368.bin
[03:44:24] pixel  shader #1516   2336 bytes  crc D0C53F7E  version 3_0  -> ps_1516_D0C53F7E.bin
[03:44:24] pixel  shader #1517   4372 bytes  crc 9B43183C  version 3_0  -> ps_1517_9B43183C.bin
[03:44:24] pixel  shader #1518   2532 bytes  crc 128876A0  version 3_0  -> ps_1518_128876A0.bin
[03:44:24] pixel  shader #1519   1192 bytes  crc 47C5E503  version 3_0  -> ps_1519_47C5E503.bin
[03:44:24] pixel  shader #1520   2416 bytes  crc 850B55A5  version 3_0  -> ps_1520_850B55A5.bin
[03:44:24] pixel  shader #1521   1068 bytes  crc 29853858  version 3_0  -> ps_1521_29853858.bin
[03:44:24] pixel  shader #1522   3964 bytes  crc 051C7880  version 3_0  -> ps_1522_051C7880.bin
[03:44:24] pixel  shader #1523   1328 bytes  crc DF35B7B7  version 3_0  -> ps_1523_DF35B7B7.bin
[03:44:24] pixel  shader #1524   1220 bytes  crc 3B89D256  version 3_0  -> ps_1524_3B89D256.bin
[03:44:24] pixel  shader #1525    416 bytes  crc 6873A994  version 3_0  -> ps_1525_6873A994.bin
[03:44:24] pixel  shader #1526   4048 bytes  crc 445B1621  version 3_0  -> ps_1526_445B1621.bin
[03:44:24] pixel  shader #1527   1012 bytes  crc E11B6715  version 3_0  -> ps_1527_E11B6715.bin
[03:44:24] pixel  shader #1528   1700 bytes  crc 753F1001  version 3_0  -> ps_1528_753F1001.bin
[03:44:24] pixel  shader #1529   3096 bytes  crc 4C02B1E3  version 3_0  -> ps_1529_4C02B1E3.bin
[03:44:24] pixel  shader #1530    336 bytes  crc 88330DF8  version 3_0  -> ps_1530_88330DF8.bin
[03:44:24] pixel  shader #1531   2268 bytes  crc CCB72800  version 3_0  -> ps_1531_CCB72800.bin
[03:44:24] pixel  shader #1532   1356 bytes  crc ADCE91FD  version 3_0  -> ps_1532_ADCE91FD.bin
[03:44:24] pixel  shader #1533   1800 bytes  crc 147E8B7A  version 3_0  -> ps_1533_147E8B7A.bin
[03:44:24] pixel  shader #1534   1268 bytes  crc B8BFD4EC  version 3_0  -> ps_1534_B8BFD4EC.bin
[03:44:24] pixel  shader #1535   2620 bytes  crc 60DE4FF4  version 3_0  -> ps_1535_60DE4FF4.bin
[03:44:24] pixel  shader #1536   2928 bytes  crc 545A9EA5  version 3_0  -> ps_1536_545A9EA5.bin
[03:44:24] pixel  shader #1537   1252 bytes  crc 2AEF1EA4  version 3_0  -> ps_1537_2AEF1EA4.bin
[03:44:24] pixel  shader #1538   2292 bytes  crc AA7C2C40  version 3_0  -> ps_1538_AA7C2C40.bin
[03:44:24] pixel  shader #1539   3952 bytes  crc F6C4FBF3  version 3_0  -> ps_1539_F6C4FBF3.bin
[03:44:24] pixel  shader #1540   3120 bytes  crc A0A02519  version 3_0  -> ps_1540_A0A02519.bin
[03:44:24] pixel  shader #1541   4268 bytes  crc 38C4D3FF  version 3_0  -> ps_1541_38C4D3FF.bin
[03:44:24] pixel  shader #1542   2724 bytes  crc 6513E64B  version 3_0  -> ps_1542_6513E64B.bin
[03:44:24] pixel  shader #1543   2908 bytes  crc 6FAAABA1  version 3_0  -> ps_1543_6FAAABA1.bin
[03:44:24] pixel  shader #1544   2528 bytes  crc 8EEC09EE  version 3_0  -> ps_1544_8EEC09EE.bin
[03:44:24] pixel  shader #1545   2792 bytes  crc 95791C09  version 3_0  -> ps_1545_95791C09.bin
[03:44:24] pixel  shader #1546   2676 bytes  crc 250A3B1E  version 3_0  -> ps_1546_250A3B1E.bin
[03:44:24] pixel  shader #1547   3012 bytes  crc 4ADD88AF  version 3_0  -> ps_1547_4ADD88AF.bin
[03:44:24] pixel  shader #1548   1084 bytes  crc 98E8583E  version 3_0  -> ps_1548_98E8583E.bin
[03:44:24] pixel  shader #1549   2500 bytes  crc C0A8A38D  version 3_0  -> ps_1549_C0A8A38D.bin
[03:44:24] pixel  shader #1550   3384 bytes  crc 92F8382D  version 3_0  -> ps_1550_92F8382D.bin
[03:44:24] pixel  shader #1551   2708 bytes  crc 639AEB99  version 3_0  -> ps_1551_639AEB99.bin
[03:44:24] pixel  shader #1552   1812 bytes  crc 6CFC6933  version 3_0  -> ps_1552_6CFC6933.bin
[03:44:24] pixel  shader #1553    868 bytes  crc E430E0D5  version 3_0  -> ps_1553_E430E0D5.bin
[03:44:24] pixel  shader #1554   2612 bytes  crc 3E6287C5  version 3_0  -> ps_1554_3E6287C5.bin
[03:44:24] pixel  shader #1555   3040 bytes  crc AF96B8FE  version 3_0  -> ps_1555_AF96B8FE.bin
[03:44:24] pixel  shader #1556    620 bytes  crc 74B75D86  version 3_0  -> ps_1556_74B75D86.bin
[03:44:24] pixel  shader #1557   1504 bytes  crc 69993D6E  version 3_0  -> ps_1557_69993D6E.bin
[03:44:24] pixel  shader #1558   4372 bytes  crc AC5FF9E6  version 3_0  -> ps_1558_AC5FF9E6.bin
[03:44:24] pixel  shader #1559   1296 bytes  crc 5C9AD0BE  version 3_0  -> ps_1559_5C9AD0BE.bin
[03:44:24] pixel  shader #1560    796 bytes  crc DC289270  version 3_0  -> ps_1560_DC289270.bin
[03:44:24] pixel  shader #1561   2520 bytes  crc DCF8A895  version 3_0  -> ps_1561_DCF8A895.bin
[03:44:24] pixel  shader #1562   2712 bytes  crc 0F965A5C  version 3_0  -> ps_1562_0F965A5C.bin
[03:44:24] pixel  shader #1563   2580 bytes  crc B569CA01  version 3_0  -> ps_1563_B569CA01.bin
[03:44:24] pixel  shader #1564   3452 bytes  crc 03BEDE9D  version 3_0  -> ps_1564_03BEDE9D.bin
[03:44:24] pixel  shader #1565   2032 bytes  crc D96F25AC  version 3_0  -> ps_1565_D96F25AC.bin
[03:44:24] pixel  shader #1566   1012 bytes  crc 71FFABCA  version 3_0  -> ps_1566_71FFABCA.bin
[03:44:24] pixel  shader #1567   1656 bytes  crc 4A3D4F55  version 3_0  -> ps_1567_4A3D4F55.bin
[03:44:24] pixel  shader #1568   1048 bytes  crc 3D8D3B28  version 3_0  -> ps_1568_3D8D3B28.bin
[03:44:24] pixel  shader #1569   2456 bytes  crc B890DB42  version 3_0  -> ps_1569_B890DB42.bin
[03:44:24] pixel  shader #1570   2172 bytes  crc 3CACD6C5  version 3_0  -> ps_1570_3CACD6C5.bin
[03:44:24] pixel  shader #1571   2740 bytes  crc 984BB765  version 3_0  -> ps_1571_984BB765.bin
[03:44:24] pixel  shader #1572   1728 bytes  crc 376AA28F  version 3_0  -> ps_1572_376AA28F.bin
[03:44:24] pixel  shader #1573   4132 bytes  crc EC0FB1F7  version 3_0  -> ps_1573_EC0FB1F7.bin
[03:44:24] pixel  shader #1574   1348 bytes  crc BBD97169  version 3_0  -> ps_1574_BBD97169.bin
[03:44:24] pixel  shader #1575   2112 bytes  crc 960E75B1  version 3_0  -> ps_1575_960E75B1.bin
[03:44:24] pixel  shader #1576   2996 bytes  crc 31DDBD9E  version 3_0  -> ps_1576_31DDBD9E.bin
[03:44:24] pixel  shader #1577   1660 bytes  crc 9700B525  version 3_0  -> ps_1577_9700B525.bin
[03:44:24] pixel  shader #1578   2944 bytes  crc 36206184  version 3_0  -> ps_1578_36206184.bin
[03:44:24] pixel  shader #1579   3140 bytes  crc A339105E  version 3_0  -> ps_1579_A339105E.bin
[03:44:24] pixel  shader #1580   2240 bytes  crc 13FF9B11  version 3_0  -> ps_1580_13FF9B11.bin
[03:44:24] pixel  shader #1581   2608 bytes  crc E0F02FDC  version 3_0  -> ps_1581_E0F02FDC.bin
[03:44:24] pixel  shader #1582   2036 bytes  crc 9ADF794D  version 3_0  -> ps_1582_9ADF794D.bin
[03:44:24] pixel  shader #1583   2064 bytes  crc 5756F32F  version 3_0  -> ps_1583_5756F32F.bin
[03:44:24] pixel  shader #1584   2592 bytes  crc F443D5C5  version 3_0  -> ps_1584_F443D5C5.bin
[03:44:24] pixel  shader #1585   3252 bytes  crc 0E91FFB7  version 3_0  -> ps_1585_0E91FFB7.bin
[03:44:24] pixel  shader #1586   4356 bytes  crc A4A80E33  version 3_0  -> ps_1586_A4A80E33.bin
[03:44:24] pixel  shader #1587   3376 bytes  crc D90AEF9C  version 3_0  -> ps_1587_D90AEF9C.bin
[03:44:24] pixel  shader #1588   2576 bytes  crc 43550334  version 3_0  -> ps_1588_43550334.bin
[03:44:24] pixel  shader #1589   1668 bytes  crc 9714BB06  version 3_0  -> ps_1589_9714BB06.bin
[03:44:24] pixel  shader #1590   3640 bytes  crc A999DFE3  version 3_0  -> ps_1590_A999DFE3.bin
[03:44:24] pixel  shader #1591   2456 bytes  crc 06C93133  version 3_0  -> ps_1591_06C93133.bin
[03:44:24] pixel  shader #1592   1116 bytes  crc C2EA311E  version 3_0  -> ps_1592_C2EA311E.bin
[03:44:24] pixel  shader #1593   2852 bytes  crc E2733411  version 3_0  -> ps_1593_E2733411.bin
[03:44:24] pixel  shader #1594   3840 bytes  crc F445CDE1  version 3_0  -> ps_1594_F445CDE1.bin
[03:44:24] pixel  shader #1595   2348 bytes  crc 56AD9B94  version 3_0  -> ps_1595_56AD9B94.bin
[03:44:24] pixel  shader #1596   3072 bytes  crc 8A2CFA2E  version 3_0  -> ps_1596_8A2CFA2E.bin
[03:44:24] pixel  shader #1597    916 bytes  crc 07FBE33C  version 3_0  -> ps_1597_07FBE33C.bin
[03:44:24] pixel  shader #1598   2656 bytes  crc 45D86D5D  version 3_0  -> ps_1598_45D86D5D.bin
[03:44:24] pixel  shader #1599   1944 bytes  crc 47AAC928  version 3_0  -> ps_1599_47AAC928.bin
[03:44:24] pixel  shader #1600   2092 bytes  crc F5EC5496  version 3_0  -> ps_1600_F5EC5496.bin
[03:44:24] pixel  shader #1601   2880 bytes  crc 8E8A6BE7  version 3_0  -> ps_1601_8E8A6BE7.bin
[03:44:24] pixel  shader #1602   1088 bytes  crc 8FAFA5C3  version 3_0  -> ps_1602_8FAFA5C3.bin
[03:44:24] pixel  shader #1603   3784 bytes  crc 6A3B50AF  version 3_0  -> ps_1603_6A3B50AF.bin
[03:44:24] pixel  shader #1604   1120 bytes  crc 8E5AD768  version 3_0  -> ps_1604_8E5AD768.bin
[03:44:24] pixel  shader #1605   3576 bytes  crc E6C9D27F  version 3_0  -> ps_1605_E6C9D27F.bin
[03:44:24] pixel  shader #1606   2676 bytes  crc 3B611057  version 3_0  -> ps_1606_3B611057.bin
[03:44:24] pixel  shader #1607   1972 bytes  crc 7E2E8251  version 3_0  -> ps_1607_7E2E8251.bin
[03:44:24] pixel  shader #1608   1588 bytes  crc 9C976CEE  version 3_0  -> ps_1608_9C976CEE.bin
[03:44:24] pixel  shader #1609   3416 bytes  crc 20ED22E1  version 3_0  -> ps_1609_20ED22E1.bin
[03:44:24] pixel  shader #1610   3624 bytes  crc 99840DAB  version 3_0  -> ps_1610_99840DAB.bin
[03:44:24] pixel  shader #1611   2308 bytes  crc 2BF64734  version 3_0  -> ps_1611_2BF64734.bin
[03:44:24] pixel  shader #1612   2988 bytes  crc DD0F4ADE  version 3_0  -> ps_1612_DD0F4ADE.bin
[03:44:24] pixel  shader #1613   3692 bytes  crc 2F57AF79  version 3_0  -> ps_1613_2F57AF79.bin
[03:44:24] pixel  shader #1614   1348 bytes  crc B3D4A00F  version 3_0  -> ps_1614_B3D4A00F.bin
[03:44:24] pixel  shader #1615    692 bytes  crc 6BE6C1AC  version 3_0  -> ps_1615_6BE6C1AC.bin
[03:44:24] pixel  shader #1616   2068 bytes  crc C45DBDD1  version 3_0  -> ps_1616_C45DBDD1.bin
[03:44:24] pixel  shader #1617   1600 bytes  crc 564AFD8E  version 3_0  -> ps_1617_564AFD8E.bin
[03:44:24] pixel  shader #1618   4252 bytes  crc 033787B7  version 3_0  -> ps_1618_033787B7.bin
[03:44:24] pixel  shader #1619   1700 bytes  crc 7BA66048  version 3_0  -> ps_1619_7BA66048.bin
[03:44:24] pixel  shader #1620   3688 bytes  crc 5F0D1883  version 3_0  -> ps_1620_5F0D1883.bin
[03:44:24] pixel  shader #1621    916 bytes  crc 57598650  version 3_0  -> ps_1621_57598650.bin
[03:44:24] pixel  shader #1622   3420 bytes  crc D2DDCF79  version 3_0  -> ps_1622_D2DDCF79.bin
[03:44:24] pixel  shader #1623   1172 bytes  crc 64A402C4  version 3_0  -> ps_1623_64A402C4.bin
[03:44:24] pixel  shader #1624   4728 bytes  crc 38F0A609  version 3_0  -> ps_1624_38F0A609.bin
[03:44:24] pixel  shader #1625   1792 bytes  crc CA4D2179  version 3_0  -> ps_1625_CA4D2179.bin
[03:44:24] pixel  shader #1626   3488 bytes  crc 70C991CB  version 3_0  -> ps_1626_70C991CB.bin
[03:44:24] pixel  shader #1627   2472 bytes  crc E9CEC534  version 3_0  -> ps_1627_E9CEC534.bin
[03:44:24] pixel  shader #1628   3624 bytes  crc 1AE6AA23  version 3_0  -> ps_1628_1AE6AA23.bin
[03:44:24] pixel  shader #1629   1304 bytes  crc BEA80407  version 3_0  -> ps_1629_BEA80407.bin
[03:44:24] pixel  shader #1630   2712 bytes  crc 1CD25537  version 3_0  -> ps_1630_1CD25537.bin
[03:44:24] pixel  shader #1631   2284 bytes  crc 78FDB422  version 3_0  -> ps_1631_78FDB422.bin
[03:44:24] pixel  shader #1632   1692 bytes  crc 971D247E  version 3_0  -> ps_1632_971D247E.bin
[03:44:24] pixel  shader #1633   3912 bytes  crc 5F7DE96A  version 3_0  -> ps_1633_5F7DE96A.bin
[03:44:24] pixel  shader #1634   1808 bytes  crc 234DD565  version 3_0  -> ps_1634_234DD565.bin
[03:44:24] pixel  shader #1635   2204 bytes  crc 39C8FCB2  version 3_0  -> ps_1635_39C8FCB2.bin
[03:44:24] pixel  shader #1636   3944 bytes  crc 291C90CC  version 3_0  -> ps_1636_291C90CC.bin
[03:44:24] pixel  shader #1637   4244 bytes  crc 98422DD4  version 3_0  -> ps_1637_98422DD4.bin
[03:44:24] pixel  shader #1638   2248 bytes  crc 9CC6E5F6  version 3_0  -> ps_1638_9CC6E5F6.bin
[03:44:24] pixel  shader #1639    668 bytes  crc 3AF7EA6B  version 3_0  -> ps_1639_3AF7EA6B.bin
[03:44:24] pixel  shader #1640   2652 bytes  crc CA480303  version 3_0  -> ps_1640_CA480303.bin
[03:44:24] pixel  shader #1641   1680 bytes  crc E77376AB  version 3_0  -> ps_1641_E77376AB.bin
[03:44:24] pixel  shader #1642   1224 bytes  crc DA042AE3  version 3_0  -> ps_1642_DA042AE3.bin
[03:44:24] pixel  shader #1643   3004 bytes  crc 4DC9130A  version 3_0  -> ps_1643_4DC9130A.bin
[03:44:24] pixel  shader #1644   3208 bytes  crc 46420BE7  version 3_0  -> ps_1644_46420BE7.bin
[03:44:24] pixel  shader #1645   2568 bytes  crc 1791F4F3  version 3_0  -> ps_1645_1791F4F3.bin
[03:44:24] pixel  shader #1646   1144 bytes  crc 1B473487  version 3_0  -> ps_1646_1B473487.bin
[03:44:24] pixel  shader #1647   3108 bytes  crc 13D15713  version 3_0  -> ps_1647_13D15713.bin
[03:44:24] pixel  shader #1648   2068 bytes  crc 1B6EE871  version 3_0  -> ps_1648_1B6EE871.bin
[03:44:24] pixel  shader #1649   3064 bytes  crc ACE721E2  version 3_0  -> ps_1649_ACE721E2.bin
[03:44:24] pixel  shader #1650   3156 bytes  crc 8D920D4C  version 3_0  -> ps_1650_8D920D4C.bin
[03:44:24] pixel  shader #1651   1952 bytes  crc 133800DB  version 3_0  -> ps_1651_133800DB.bin
[03:44:24] pixel  shader #1652    988 bytes  crc 27647FDE  version 3_0  -> ps_1652_27647FDE.bin
[03:44:24] pixel  shader #1653    660 bytes  crc C60B5F97  version 3_0  -> ps_1653_C60B5F97.bin
[03:44:24] pixel  shader #1654   2888 bytes  crc B5A0DC8A  version 3_0  -> ps_1654_B5A0DC8A.bin
[03:44:24] pixel  shader #1655   1904 bytes  crc EC7C7F26  version 3_0  -> ps_1655_EC7C7F26.bin
[03:44:24] pixel  shader #1656   4328 bytes  crc 1D794D42  version 3_0  -> ps_1656_1D794D42.bin
[03:44:24] pixel  shader #1657   2444 bytes  crc 58DB2F69  version 3_0  -> ps_1657_58DB2F69.bin
[03:44:24] pixel  shader #1658   1716 bytes  crc 2A1A1D60  version 3_0  -> ps_1658_2A1A1D60.bin
[03:44:24] pixel  shader #1659   1880 bytes  crc 214F3449  version 3_0  -> ps_1659_214F3449.bin
[03:44:24] pixel  shader #1660    836 bytes  crc E2D3BA1D  version 3_0  -> ps_1660_E2D3BA1D.bin
[03:44:24] pixel  shader #1661   1016 bytes  crc 101D12E6  version 3_0  -> ps_1661_101D12E6.bin
[03:44:24] pixel  shader #1662   2732 bytes  crc 7A24D0B1  version 3_0  -> ps_1662_7A24D0B1.bin
[03:44:24] pixel  shader #1663   1228 bytes  crc 52714B3B  version 3_0  -> ps_1663_52714B3B.bin
[03:44:24] pixel  shader #1664   1488 bytes  crc AD070048  version 3_0  -> ps_1664_AD070048.bin
[03:44:24] pixel  shader #1665    920 bytes  crc F89594D8  version 3_0  -> ps_1665_F89594D8.bin
[03:44:24] pixel  shader #1666   2152 bytes  crc 45480C3A  version 3_0  -> ps_1666_45480C3A.bin
[03:44:24] pixel  shader #1667   2432 bytes  crc 4A9E171E  version 3_0  -> ps_1667_4A9E171E.bin
[03:44:24] pixel  shader #1668   2204 bytes  crc FE8805B5  version 3_0  -> ps_1668_FE8805B5.bin
[03:44:24] pixel  shader #1669   1720 bytes  crc FBC66521  version 3_0  -> ps_1669_FBC66521.bin
[03:44:24] pixel  shader #1670    840 bytes  crc CF2A283B  version 3_0  -> ps_1670_CF2A283B.bin
[03:44:24] pixel  shader #1671   2560 bytes  crc 091F8178  version 3_0  -> ps_1671_091F8178.bin
[03:44:24] pixel  shader #1672   3416 bytes  crc 745A2F5B  version 3_0  -> ps_1672_745A2F5B.bin
[03:44:24] pixel  shader #1673    516 bytes  crc F2C37D2C  version 3_0  -> ps_1673_F2C37D2C.bin
[03:44:24] pixel  shader #1674    800 bytes  crc 5F1F73C6  version 3_0  -> ps_1674_5F1F73C6.bin
[03:44:24] pixel  shader #1675   1400 bytes  crc D207CE9E  version 3_0  -> ps_1675_D207CE9E.bin
[03:44:24] pixel  shader #1676   2368 bytes  crc 1FAC310A  version 3_0  -> ps_1676_1FAC310A.bin
[03:44:24] pixel  shader #1677   3296 bytes  crc 8D837517  version 3_0  -> ps_1677_8D837517.bin
[03:44:24] pixel  shader #1678   2960 bytes  crc 9F238655  version 3_0  -> ps_1678_9F238655.bin
[03:44:24] pixel  shader #1679   1532 bytes  crc 56224ADB  version 3_0  -> ps_1679_56224ADB.bin
[03:44:24] pixel  shader #1680   2460 bytes  crc 31F5D1B4  version 3_0  -> ps_1680_31F5D1B4.bin
[03:44:24] pixel  shader #1681   3192 bytes  crc 89136E6B  version 3_0  -> ps_1681_89136E6B.bin
[03:44:24] pixel  shader #1682   2924 bytes  crc 5A471AEC  version 3_0  -> ps_1682_5A471AEC.bin
[03:44:24] pixel  shader #1683   1904 bytes  crc 6B35E39D  version 3_0  -> ps_1683_6B35E39D.bin
[03:44:24] pixel  shader #1684   3044 bytes  crc 67714737  version 3_0  -> ps_1684_67714737.bin
[03:44:24] pixel  shader #1685    596 bytes  crc 9F5FFC4C  version 3_0  -> ps_1685_9F5FFC4C.bin
[03:44:24] pixel  shader #1686   1948 bytes  crc 05890091  version 3_0  -> ps_1686_05890091.bin
[03:44:24] pixel  shader #1687   3100 bytes  crc FF54C36A  version 3_0  -> ps_1687_FF54C36A.bin
[03:44:24] pixel  shader #1688   2612 bytes  crc 9B0B333F  version 3_0  -> ps_1688_9B0B333F.bin
[03:44:24] pixel  shader #1689   1240 bytes  crc 93079111  version 3_0  -> ps_1689_93079111.bin
[03:44:24] pixel  shader #1690    512 bytes  crc F46FD105  version 3_0  -> ps_1690_F46FD105.bin
[03:44:24] pixel  shader #1691   1860 bytes  crc 82CF312D  version 3_0  -> ps_1691_82CF312D.bin
[03:44:24] pixel  shader #1692   2396 bytes  crc 18809E4B  version 3_0  -> ps_1692_18809E4B.bin
[03:44:24] pixel  shader #1693   1568 bytes  crc 41AEB1FC  version 3_0  -> ps_1693_41AEB1FC.bin
[03:44:24] pixel  shader #1694   2624 bytes  crc 568B0A79  version 3_0  -> ps_1694_568B0A79.bin
[03:44:24] pixel  shader #1695   1980 bytes  crc 61120254  version 3_0  -> ps_1695_61120254.bin
[03:44:24] pixel  shader #1696   2848 bytes  crc BBC4425B  version 3_0  -> ps_1696_BBC4425B.bin
[03:44:24] pixel  shader #1697   2008 bytes  crc A29E34B2  version 3_0  -> ps_1697_A29E34B2.bin
[03:44:24] pixel  shader #1698   2660 bytes  crc 954EAAF0  version 3_0  -> ps_1698_954EAAF0.bin
[03:44:24] pixel  shader #1699   3072 bytes  crc 68A0629E  version 3_0  -> ps_1699_68A0629E.bin
[03:44:24] pixel  shader #1700    920 bytes  crc 8F820919  version 3_0  -> ps_1700_8F820919.bin
[03:44:24] pixel  shader #1701   2268 bytes  crc C7AE79A6  version 3_0  -> ps_1701_C7AE79A6.bin
[03:44:24] pixel  shader #1702   3236 bytes  crc 0D5117F5  version 3_0  -> ps_1702_0D5117F5.bin
[03:44:24] pixel  shader #1703    672 bytes  crc 2DA23DBE  version 3_0  -> ps_1703_2DA23DBE.bin
[03:44:24] pixel  shader #1704   1744 bytes  crc 57E4801C  version 3_0  -> ps_1704_57E4801C.bin
[03:44:24] pixel  shader #1705   2776 bytes  crc B5FF1152  version 3_0  -> ps_1705_B5FF1152.bin
[03:44:24] pixel  shader #1706   3420 bytes  crc 521D1335  version 3_0  -> ps_1706_521D1335.bin
[03:44:24] pixel  shader #1707   1828 bytes  crc C5A750AA  version 3_0  -> ps_1707_C5A750AA.bin
[03:44:24] pixel  shader #1708   1216 bytes  crc 9D87C0A7  version 3_0  -> ps_1708_9D87C0A7.bin
[03:44:24] pixel  shader #1709   2244 bytes  crc DCF930DD  version 3_0  -> ps_1709_DCF930DD.bin
[03:44:24] pixel  shader #1710   2488 bytes  crc 5C93E2C5  version 3_0  -> ps_1710_5C93E2C5.bin
[03:44:24] pixel  shader #1711   2744 bytes  crc D0A4E492  version 3_0  -> ps_1711_D0A4E492.bin
[03:44:24] pixel  shader #1712   2424 bytes  crc A679BF53  version 3_0  -> ps_1712_A679BF53.bin
[03:44:24] pixel  shader #1713   3464 bytes  crc 0D3A990E  version 3_0  -> ps_1713_0D3A990E.bin
[03:44:24] pixel  shader #1714   1976 bytes  crc A37D16EA  version 3_0  -> ps_1714_A37D16EA.bin
[03:44:24] pixel  shader #1715   2288 bytes  crc 48F6CE66  version 3_0  -> ps_1715_48F6CE66.bin
[03:44:24] pixel  shader #1716   2788 bytes  crc B2B8584B  version 3_0  -> ps_1716_B2B8584B.bin
[03:44:24] pixel  shader #1717   2176 bytes  crc 84528D4C  version 3_0  -> ps_1717_84528D4C.bin
[03:44:24] pixel  shader #1718   2504 bytes  crc CC278687  version 3_0  -> ps_1718_CC278687.bin
[03:44:24] pixel  shader #1719   2276 bytes  crc BC0CA655  version 3_0  -> ps_1719_BC0CA655.bin
[03:44:24] pixel  shader #1720   2424 bytes  crc F568D38C  version 3_0  -> ps_1720_F568D38C.bin
[03:44:24] pixel  shader #1721   1548 bytes  crc A508BE7F  version 3_0  -> ps_1721_A508BE7F.bin
[03:44:24] pixel  shader #1722   4244 bytes  crc D5433EF0  version 3_0  -> ps_1722_D5433EF0.bin
[03:44:24] pixel  shader #1723   2904 bytes  crc C5543880  version 3_0  -> ps_1723_C5543880.bin
[03:44:24] pixel  shader #1724   1380 bytes  crc 176B8079  version 3_0  -> ps_1724_176B8079.bin
[03:44:24] pixel  shader #1725    600 bytes  crc 50A8838D  version 3_0  -> ps_1725_50A8838D.bin
[03:44:24] pixel  shader #1726   1220 bytes  crc C29100B3  version 3_0  -> ps_1726_C29100B3.bin
[03:44:24] pixel  shader #1727   2540 bytes  crc 5BCDCA37  version 3_0  -> ps_1727_5BCDCA37.bin
[03:44:24] pixel  shader #1728   2164 bytes  crc 2C2A6B48  version 3_0  -> ps_1728_2C2A6B48.bin
[03:44:24] pixel  shader #1729   1816 bytes  crc 4B215869  version 3_0  -> ps_1729_4B215869.bin
[03:44:24] pixel  shader #1730   2484 bytes  crc 676AAE0B  version 3_0  -> ps_1730_676AAE0B.bin
[03:44:24] pixel  shader #1731   2588 bytes  crc 46ED1CDE  version 3_0  -> ps_1731_46ED1CDE.bin
[03:44:24] pixel  shader #1732   4224 bytes  crc B4A75A64  version 3_0  -> ps_1732_B4A75A64.bin
[03:44:24] pixel  shader #1733   4100 bytes  crc 8DB6BF6B  version 3_0  -> ps_1733_8DB6BF6B.bin
[03:44:24] pixel  shader #1734   1020 bytes  crc C081A279  version 3_0  -> ps_1734_C081A279.bin
[03:44:24] pixel  shader #1735   1900 bytes  crc 1C8C87BB  version 3_0  -> ps_1735_1C8C87BB.bin
[03:44:24] pixel  shader #1736   1644 bytes  crc 4468C230  version 3_0  -> ps_1736_4468C230.bin
[03:44:24] pixel  shader #1737   2164 bytes  crc 03BC961F  version 3_0  -> ps_1737_03BC961F.bin
[03:44:24] pixel  shader #1738   3932 bytes  crc 5195DF36  version 3_0  -> ps_1738_5195DF36.bin
[03:44:24] pixel  shader #1739   3772 bytes  crc B532555B  version 3_0  -> ps_1739_B532555B.bin
[03:44:24] pixel  shader #1740   2708 bytes  crc D463248A  version 3_0  -> ps_1740_D463248A.bin
[03:44:24] pixel  shader #1741   2316 bytes  crc 89B67B42  version 3_0  -> ps_1741_89B67B42.bin
[03:44:24] pixel  shader #1742    512 bytes  crc BB5AF21C  version 3_0  -> ps_1742_BB5AF21C.bin
[03:44:24] pixel  shader #1743   4160 bytes  crc 3FF5764A  version 3_0  -> ps_1743_3FF5764A.bin
[03:44:24] pixel  shader #1744   3048 bytes  crc DAB94B97  version 3_0  -> ps_1744_DAB94B97.bin
[03:44:24] pixel  shader #1745   3088 bytes  crc 38B47D3C  version 3_0  -> ps_1745_38B47D3C.bin
[03:44:24] pixel  shader #1746   1764 bytes  crc E1FF07C3  version 3_0  -> ps_1746_E1FF07C3.bin
[03:44:24] pixel  shader #1747    360 bytes  crc 4C4485D7  version 3_0  -> ps_1747_4C4485D7.bin
[03:44:24] pixel  shader #1748   2620 bytes  crc 6DE9AA7B  version 3_0  -> ps_1748_6DE9AA7B.bin
[03:44:24] pixel  shader #1749   1584 bytes  crc B7731119  version 3_0  -> ps_1749_B7731119.bin
[03:44:24] pixel  shader #1750   3372 bytes  crc F2364CB1  version 3_0  -> ps_1750_F2364CB1.bin
[03:44:24] pixel  shader #1751   1288 bytes  crc 34745827  version 3_0  -> ps_1751_34745827.bin
[03:44:24] pixel  shader #1752   2412 bytes  crc 3BAA2BD9  version 3_0  -> ps_1752_3BAA2BD9.bin
[03:44:24] pixel  shader #1753   2760 bytes  crc 22BE4192  version 3_0  -> ps_1753_22BE4192.bin
[03:44:24] pixel  shader #1754   2232 bytes  crc CC67AC20  version 3_0  -> ps_1754_CC67AC20.bin
[03:44:24] pixel  shader #1755   4012 bytes  crc B0756FCE  version 3_0  -> ps_1755_B0756FCE.bin
[03:44:24] pixel  shader #1756   3340 bytes  crc 29F55C76  version 3_0  -> ps_1756_29F55C76.bin
[03:44:24] pixel  shader #1757   3740 bytes  crc 65CADB9B  version 3_0  -> ps_1757_65CADB9B.bin
[03:44:24] pixel  shader #1758   1676 bytes  crc 075DCC5E  version 3_0  -> ps_1758_075DCC5E.bin
[03:44:24] pixel  shader #1759   2048 bytes  crc 56748767  version 3_0  -> ps_1759_56748767.bin
[03:44:24] pixel  shader #1760   3452 bytes  crc 7F15DCD8  version 3_0  -> ps_1760_7F15DCD8.bin
[03:44:24] pixel  shader #1761   3272 bytes  crc D98DE1B5  version 3_0  -> ps_1761_D98DE1B5.bin
[03:44:24] pixel  shader #1762   2996 bytes  crc EB9DFB73  version 3_0  -> ps_1762_EB9DFB73.bin
[03:44:24] pixel  shader #1763   3016 bytes  crc ECA9F7F0  version 3_0  -> ps_1763_ECA9F7F0.bin
[03:44:24] pixel  shader #1764   2012 bytes  crc C33BFCCE  version 3_0  -> ps_1764_C33BFCCE.bin
[03:44:24] pixel  shader #1765   3020 bytes  crc A863C7A6  version 3_0  -> ps_1765_A863C7A6.bin
[03:44:24] pixel  shader #1766   3120 bytes  crc 409FB64A  version 3_0  -> ps_1766_409FB64A.bin
[03:44:24] pixel  shader #1767   1904 bytes  crc BDDCE983  version 3_0  -> ps_1767_BDDCE983.bin
[03:44:24] pixel  shader #1768   1404 bytes  crc 7A06CBBA  version 3_0  -> ps_1768_7A06CBBA.bin
[03:44:24] pixel  shader #1769   2040 bytes  crc 7ED47833  version 3_0  -> ps_1769_7ED47833.bin
[03:44:24] pixel  shader #1770   1228 bytes  crc DD56B222  version 3_0  -> ps_1770_DD56B222.bin
[03:44:24] pixel  shader #1771   1472 bytes  crc DC5F11CF  version 3_0  -> ps_1771_DC5F11CF.bin
[03:44:24] pixel  shader #1772   2532 bytes  crc 9DFDD304  version 3_0  -> ps_1772_9DFDD304.bin
[03:44:24] pixel  shader #1773   2052 bytes  crc D57B4F59  version 3_0  -> ps_1773_D57B4F59.bin
[03:44:24] pixel  shader #1774   2456 bytes  crc 54FF46A8  version 3_0  -> ps_1774_54FF46A8.bin
[03:44:24] pixel  shader #1775   1088 bytes  crc F84BA0A8  version 3_0  -> ps_1775_F84BA0A8.bin
[03:44:24] pixel  shader #1776   1044 bytes  crc 3D9CA365  version 3_0  -> ps_1776_3D9CA365.bin
[03:44:24] pixel  shader #1777   2480 bytes  crc DEE418EC  version 3_0  -> ps_1777_DEE418EC.bin
[03:44:24] pixel  shader #1778   2608 bytes  crc C5052D4C  version 3_0  -> ps_1778_C5052D4C.bin
[03:44:24] pixel  shader #1779   3372 bytes  crc BACF6206  version 3_0  -> ps_1779_BACF6206.bin
[03:44:24] pixel  shader #1780   2324 bytes  crc BC6E0ADF  version 3_0  -> ps_1780_BC6E0ADF.bin
[03:44:24] pixel  shader #1781   1052 bytes  crc C48803D5  version 3_0  -> ps_1781_C48803D5.bin
[03:44:24] pixel  shader #1782   4232 bytes  crc 2C3DD9A0  version 3_0  -> ps_1782_2C3DD9A0.bin
[03:44:24] pixel  shader #1783   1372 bytes  crc 34D9E082  version 3_0  -> ps_1783_34D9E082.bin
[03:44:24] pixel  shader #1784   3920 bytes  crc 8166ACB2  version 3_0  -> ps_1784_8166ACB2.bin
[03:44:24] pixel  shader #1785   1596 bytes  crc 2F0945B2  version 3_0  -> ps_1785_2F0945B2.bin
[03:44:24] pixel  shader #1786   2296 bytes  crc BAA6FD25  version 3_0  -> ps_1786_BAA6FD25.bin
[03:44:24] pixel  shader #1787   2328 bytes  crc 8CC7F5F1  version 3_0  -> ps_1787_8CC7F5F1.bin
[03:44:24] pixel  shader #1788   2612 bytes  crc E255BDAC  version 3_0  -> ps_1788_E255BDAC.bin
[03:44:24] pixel  shader #1789   1532 bytes  crc B05B056F  version 3_0  -> ps_1789_B05B056F.bin
[03:44:24] pixel  shader #1790   2272 bytes  crc 89F9C158  version 3_0  -> ps_1790_89F9C158.bin
[03:44:24] pixel  shader #1791   3888 bytes  crc DB5FF675  version 3_0  -> ps_1791_DB5FF675.bin
[03:44:24] pixel  shader #1792   3236 bytes  crc E5FBD3D8  version 3_0  -> ps_1792_E5FBD3D8.bin
[03:44:24] pixel  shader #1793   2148 bytes  crc D838390C  version 3_0  -> ps_1793_D838390C.bin
[03:44:24] pixel  shader #1794   2584 bytes  crc 82898CA6  version 3_0  -> ps_1794_82898CA6.bin
[03:44:24] pixel  shader #1795    344 bytes  crc A9EF38BB  version 3_0  -> ps_1795_A9EF38BB.bin
[03:44:24] pixel  shader #1796   1996 bytes  crc 8A1F5261  version 3_0  -> ps_1796_8A1F5261.bin
[03:44:24] pixel  shader #1797   1188 bytes  crc 555429AB  version 3_0  -> ps_1797_555429AB.bin
[03:44:24] pixel  shader #1798   2348 bytes  crc 42697340  version 3_0  -> ps_1798_42697340.bin
[03:44:24] pixel  shader #1799   2544 bytes  crc 582AF56A  version 3_0  -> ps_1799_582AF56A.bin
[03:44:24] pixel  shader #1800   3744 bytes  crc 42579F0F  version 3_0  -> ps_1800_42579F0F.bin
[03:44:24] pixel  shader #1801    764 bytes  crc F52F4299  version 3_0  -> ps_1801_F52F4299.bin
[03:44:24] pixel  shader #1802   1728 bytes  crc BC742B79  version 3_0  -> ps_1802_BC742B79.bin
[03:44:24] pixel  shader #1803   4372 bytes  crc D38A623F  version 3_0  -> ps_1803_D38A623F.bin
[03:44:24] pixel  shader #1804   3512 bytes  crc 3FA4CA03  version 3_0  -> ps_1804_3FA4CA03.bin
[03:44:24] pixel  shader #1805   1964 bytes  crc 97E1E55A  version 3_0  -> ps_1805_97E1E55A.bin
[03:44:24] pixel  shader #1806   2544 bytes  crc 270BB97F  version 3_0  -> ps_1806_270BB97F.bin
[03:44:24] pixel  shader #1807   2068 bytes  crc 8CB62359  version 3_0  -> ps_1807_8CB62359.bin
[03:44:24] pixel  shader #1808   1636 bytes  crc B7B430B2  version 3_0  -> ps_1808_B7B430B2.bin
[03:44:24] pixel  shader #1809   2040 bytes  crc 17733BF6  version 3_0  -> ps_1809_17733BF6.bin
[03:44:24] pixel  shader #1810   3092 bytes  crc 268AA060  version 3_0  -> ps_1810_268AA060.bin
[03:44:24] pixel  shader #1811   2900 bytes  crc 53DFFD72  version 3_0  -> ps_1811_53DFFD72.bin
[03:44:24] pixel  shader #1812   1308 bytes  crc 9307C14B  version 3_0  -> ps_1812_9307C14B.bin
[03:44:24] pixel  shader #1813   3528 bytes  crc 82B80A35  version 3_0  -> ps_1813_82B80A35.bin
[03:44:24] pixel  shader #1814   1652 bytes  crc 4FA53CBC  version 3_0  -> ps_1814_4FA53CBC.bin
[03:44:24] pixel  shader #1815   1740 bytes  crc 142B43A0  version 3_0  -> ps_1815_142B43A0.bin
[03:44:24] pixel  shader #1816   3420 bytes  crc C0BFB1DE  version 3_0  -> ps_1816_C0BFB1DE.bin
[03:44:24] pixel  shader #1817   2416 bytes  crc 3E434B1C  version 3_0  -> ps_1817_3E434B1C.bin
[03:44:24] pixel  shader #1818   1092 bytes  crc 69C7BDDB  version 3_0  -> ps_1818_69C7BDDB.bin
[03:44:24] pixel  shader #1819   2812 bytes  crc 54330B4C  version 3_0  -> ps_1819_54330B4C.bin
[03:44:24] pixel  shader #1820    616 bytes  crc 03580E79  version 3_0  -> ps_1820_03580E79.bin
[03:44:24] pixel  shader #1821   2260 bytes  crc AB54B69D  version 3_0  -> ps_1821_AB54B69D.bin
[03:44:24] pixel  shader #1822   2828 bytes  crc 81C60161  version 3_0  -> ps_1822_81C60161.bin
[03:44:24] pixel  shader #1823   3668 bytes  crc CD03172A  version 3_0  -> ps_1823_CD03172A.bin
[03:44:24] pixel  shader #1824   2016 bytes  crc FB98B2FD  version 3_0  -> ps_1824_FB98B2FD.bin
[03:44:24] pixel  shader #1825    712 bytes  crc 3CC1E8A6  version 3_0  -> ps_1825_3CC1E8A6.bin
[03:44:24] pixel  shader #1826   1364 bytes  crc 834BC345  version 3_0  -> ps_1826_834BC345.bin
[03:44:24] pixel  shader #1827   3340 bytes  crc 9F5E9D1E  version 3_0  -> ps_1827_9F5E9D1E.bin
[03:44:24] pixel  shader #1828   1616 bytes  crc E10CAF26  version 3_0  -> ps_1828_E10CAF26.bin
[03:44:24] pixel  shader #1829   3768 bytes  crc 80C62FDB  version 3_0  -> ps_1829_80C62FDB.bin
[03:44:24] pixel  shader #1830   2812 bytes  crc 04676FFC  version 3_0  -> ps_1830_04676FFC.bin
[03:44:24] pixel  shader #1831   3540 bytes  crc 68B63E9C  version 3_0  -> ps_1831_68B63E9C.bin
[03:44:24] pixel  shader #1832   1196 bytes  crc 3CB58F2C  version 3_0  -> ps_1832_3CB58F2C.bin
[03:44:24] pixel  shader #1833   2960 bytes  crc 8A709783  version 3_0  -> ps_1833_8A709783.bin
[03:44:24] pixel  shader #1834   1860 bytes  crc 8BCD38B2  version 3_0  -> ps_1834_8BCD38B2.bin
[03:44:24] pixel  shader #1835   2992 bytes  crc E3B77854  version 3_0  -> ps_1835_E3B77854.bin
[03:44:24] pixel  shader #1836   2540 bytes  crc AF785878  version 3_0  -> ps_1836_AF785878.bin
[03:44:24] pixel  shader #1837   2260 bytes  crc 8EB07D61  version 3_0  -> ps_1837_8EB07D61.bin
[03:44:24] pixel  shader #1838   3068 bytes  crc 57E7D871  version 3_0  -> ps_1838_57E7D871.bin
[03:44:24] pixel  shader #1839   3072 bytes  crc 18C7BD7D  version 3_0  -> ps_1839_18C7BD7D.bin
[03:44:24] pixel  shader #1840   2564 bytes  crc 399E623B  version 3_0  -> ps_1840_399E623B.bin
[03:44:24] pixel  shader #1841   1348 bytes  crc 87B054E3  version 3_0  -> ps_1841_87B054E3.bin
[03:44:24] pixel  shader #1842   2948 bytes  crc 6DF4554D  version 3_0  -> ps_1842_6DF4554D.bin
[03:44:24] pixel  shader #1843   3356 bytes  crc D3665575  version 3_0  -> ps_1843_D3665575.bin
[03:44:24] pixel  shader #1844   4224 bytes  crc F6F2B9D8  version 3_0  -> ps_1844_F6F2B9D8.bin
[03:44:24] pixel  shader #1845   1264 bytes  crc 9C58B943  version 3_0  -> ps_1845_9C58B943.bin
[03:44:24] pixel  shader #1846   4536 bytes  crc 6A949C95  version 3_0  -> ps_1846_6A949C95.bin
[03:44:24] pixel  shader #1847   3228 bytes  crc 57F13625  version 3_0  -> ps_1847_57F13625.bin
[03:44:24] pixel  shader #1848   4024 bytes  crc 1186D72E  version 3_0  -> ps_1848_1186D72E.bin
[03:44:24] pixel  shader #1849   2024 bytes  crc 12444A99  version 3_0  -> ps_1849_12444A99.bin
[03:44:24] pixel  shader #1850   3344 bytes  crc D5B27A15  version 3_0  -> ps_1850_D5B27A15.bin
[03:44:24] pixel  shader #1851   3232 bytes  crc 8DD5C0B8  version 3_0  -> ps_1851_8DD5C0B8.bin
[03:44:24] pixel  shader #1852   4240 bytes  crc EE1CCA31  version 3_0  -> ps_1852_EE1CCA31.bin
[03:44:24] pixel  shader #1853   2644 bytes  crc 3ADE5334  version 3_0  -> ps_1853_3ADE5334.bin
[03:44:24] pixel  shader #1854   2920 bytes  crc EB8FAAED  version 3_0  -> ps_1854_EB8FAAED.bin
[03:44:24] pixel  shader #1855   3996 bytes  crc 19936B5C  version 3_0  -> ps_1855_19936B5C.bin
[03:44:24] pixel  shader #1856   3760 bytes  crc 613505CE  version 3_0  -> ps_1856_613505CE.bin
[03:44:24] pixel  shader #1857   1360 bytes  crc BD869B58  version 3_0  -> ps_1857_BD869B58.bin
[03:44:24] pixel  shader #1858   3452 bytes  crc D15A00EB  version 3_0  -> ps_1858_D15A00EB.bin
[03:44:24] pixel  shader #1859   2616 bytes  crc ADE6F7A2  version 3_0  -> ps_1859_ADE6F7A2.bin
[03:44:24] pixel  shader #1860   1092 bytes  crc C986FDBA  version 3_0  -> ps_1860_C986FDBA.bin
[03:44:24] pixel  shader #1861   2588 bytes  crc 829E16AC  version 3_0  -> ps_1861_829E16AC.bin
[03:44:24] pixel  shader #1862   1840 bytes  crc DA8387EC  version 3_0  -> ps_1862_DA8387EC.bin
[03:44:24] pixel  shader #1863   3052 bytes  crc 79572DE4  version 3_0  -> ps_1863_79572DE4.bin
[03:44:24] pixel  shader #1864   1448 bytes  crc F428BE38  version 3_0  -> ps_1864_F428BE38.bin
[03:44:24] pixel  shader #1865   3868 bytes  crc B3E2B082  version 3_0  -> ps_1865_B3E2B082.bin
[03:44:24] pixel  shader #1866   2248 bytes  crc F9AAB154  version 3_0  -> ps_1866_F9AAB154.bin
[03:44:24] pixel  shader #1867   1296 bytes  crc 51C61580  version 3_0  -> ps_1867_51C61580.bin
[03:44:24] pixel  shader #1868   1900 bytes  crc 92FF5C7B  version 3_0  -> ps_1868_92FF5C7B.bin
[03:44:24] pixel  shader #1869   2604 bytes  crc 3CCD85AF  version 3_0  -> ps_1869_3CCD85AF.bin
[03:44:24] pixel  shader #1870   1504 bytes  crc C9A374CC  version 3_0  -> ps_1870_C9A374CC.bin
[03:44:24] pixel  shader #1871   4848 bytes  crc D6331609  version 3_0  -> ps_1871_D6331609.bin
[03:44:24] pixel  shader #1872   3224 bytes  crc 2DEFA0E7  version 3_0  -> ps_1872_2DEFA0E7.bin
[03:44:24] pixel  shader #1873   3020 bytes  crc E186A8DF  version 3_0  -> ps_1873_E186A8DF.bin
[03:44:24] pixel  shader #1874   2648 bytes  crc 549FD585  version 3_0  -> ps_1874_549FD585.bin
[03:44:24] pixel  shader #1875   4136 bytes  crc 423FFB23  version 3_0  -> ps_1875_423FFB23.bin
[03:44:24] pixel  shader #1876   1640 bytes  crc 4726B000  version 3_0  -> ps_1876_4726B000.bin
[03:44:24] pixel  shader #1877   3636 bytes  crc 8483CB8B  version 3_0  -> ps_1877_8483CB8B.bin
[03:44:24] pixel  shader #1878   2892 bytes  crc 95FCA60B  version 3_0  -> ps_1878_95FCA60B.bin
[03:44:24] pixel  shader #1879   1200 bytes  crc F35DF062  version 3_0  -> ps_1879_F35DF062.bin
[03:44:24] pixel  shader #1880   1228 bytes  crc 4A70748B  version 3_0  -> ps_1880_4A70748B.bin
[03:44:24] pixel  shader #1881   2724 bytes  crc D89D2C5B  version 3_0  -> ps_1881_D89D2C5B.bin
[03:44:24] pixel  shader #1882    884 bytes  crc 6C7C0C36  version 3_0  -> ps_1882_6C7C0C36.bin
[03:44:24] pixel  shader #1883   3508 bytes  crc 111C645F  version 3_0  -> ps_1883_111C645F.bin
[03:44:24] pixel  shader #1884   1520 bytes  crc DB62F00F  version 3_0  -> ps_1884_DB62F00F.bin
[03:44:24] pixel  shader #1885   1520 bytes  crc CF275EB7  version 3_0  -> ps_1885_CF275EB7.bin
[03:44:24] pixel  shader #1886   1548 bytes  crc 0BDD051B  version 3_0  -> ps_1886_0BDD051B.bin
[03:44:24] pixel  shader #1887   3412 bytes  crc 07C1C9C0  version 3_0  -> ps_1887_07C1C9C0.bin
[03:44:24] pixel  shader #1888   4152 bytes  crc 0217E47A  version 3_0  -> ps_1888_0217E47A.bin
[03:44:24] pixel  shader #1889    900 bytes  crc AF8D41CA  version 3_0  -> ps_1889_AF8D41CA.bin
[03:44:24] pixel  shader #1890   5348 bytes  crc FFCABA21  version 3_0  -> ps_1890_FFCABA21.bin
[03:44:24] pixel  shader #1891   2744 bytes  crc 81F18770  version 3_0  -> ps_1891_81F18770.bin
[03:44:24] pixel  shader #1892   1756 bytes  crc 57CECE58  version 3_0  -> ps_1892_57CECE58.bin
[03:44:24] pixel  shader #1893    444 bytes  crc 9FF4674B  version 3_0  -> ps_1893_9FF4674B.bin
[03:44:24] pixel  shader #1894   1432 bytes  crc B0E6688A  version 3_0  -> ps_1894_B0E6688A.bin
[03:44:24] pixel  shader #1895   2444 bytes  crc 0E98008B  version 3_0  -> ps_1895_0E98008B.bin
[03:44:24] pixel  shader #1896   2576 bytes  crc 8C21BC0F  version 3_0  -> ps_1896_8C21BC0F.bin
[03:44:24] pixel  shader #1897   1748 bytes  crc 49DCE08B  version 3_0  -> ps_1897_49DCE08B.bin
[03:44:24] pixel  shader #1898   3280 bytes  crc 7AA4D0BD  version 3_0  -> ps_1898_7AA4D0BD.bin
[03:44:24] pixel  shader #1899   2616 bytes  crc C3999209  version 3_0  -> ps_1899_C3999209.bin
[03:44:24] pixel  shader #1900   1632 bytes  crc C78DA764  version 3_0  -> ps_1900_C78DA764.bin
[03:44:24] pixel  shader #1901   2264 bytes  crc 2D9258B9  version 3_0  -> ps_1901_2D9258B9.bin
[03:44:24] pixel  shader #1902   1400 bytes  crc 550DA168  version 3_0  -> ps_1902_550DA168.bin
[03:44:24] pixel  shader #1903   1632 bytes  crc 3439F8C8  version 3_0  -> ps_1903_3439F8C8.bin
[03:44:24] pixel  shader #1904   2240 bytes  crc 3C0B0F66  version 3_0  -> ps_1904_3C0B0F66.bin
[03:44:24] pixel  shader #1905   4004 bytes  crc B0CD7505  version 3_0  -> ps_1905_B0CD7505.bin
[03:44:24] pixel  shader #1906   2052 bytes  crc 18658FA5  version 3_0  -> ps_1906_18658FA5.bin
[03:44:24] pixel  shader #1907   3080 bytes  crc 3A4A2FE8  version 3_0  -> ps_1907_3A4A2FE8.bin
[03:44:24] pixel  shader #1908    380 bytes  crc 62E2C277  version 3_0  -> ps_1908_62E2C277.bin
[03:44:24] pixel  shader #1909   2432 bytes  crc 232C1DF7  version 3_0  -> ps_1909_232C1DF7.bin
[03:44:24] pixel  shader #1910   1696 bytes  crc C539A38C  version 3_0  -> ps_1910_C539A38C.bin
[03:44:24] pixel  shader #1911   3136 bytes  crc 6772B9DB  version 3_0  -> ps_1911_6772B9DB.bin
[03:44:24] pixel  shader #1912   2300 bytes  crc 14C26A02  version 3_0  -> ps_1912_14C26A02.bin
[03:44:24] pixel  shader #1913   1784 bytes  crc 4131B432  version 3_0  -> ps_1913_4131B432.bin
[03:44:24] pixel  shader #1914   2840 bytes  crc B4853E80  version 3_0  -> ps_1914_B4853E80.bin
[03:44:24] pixel  shader #1915   2160 bytes  crc 18A8FC72  version 3_0  -> ps_1915_18A8FC72.bin
[03:44:24] pixel  shader #1916   2336 bytes  crc A9E73A2B  version 3_0  -> ps_1916_A9E73A2B.bin
[03:44:24] pixel  shader #1917   2908 bytes  crc 48F4DD56  version 3_0  -> ps_1917_48F4DD56.bin
[03:44:24] pixel  shader #1918   3128 bytes  crc 92BBA7F5  version 3_0  -> ps_1918_92BBA7F5.bin
[03:44:24] pixel  shader #1919   2404 bytes  crc EF82CD78  version 3_0  -> ps_1919_EF82CD78.bin
[03:44:24] pixel  shader #1920   2140 bytes  crc D0941821  version 3_0  -> ps_1920_D0941821.bin
[03:44:24] pixel  shader #1921   3072 bytes  crc 4CF850ED  version 3_0  -> ps_1921_4CF850ED.bin
[03:44:24] pixel  shader #1922   2220 bytes  crc F2F90745  version 3_0  -> ps_1922_F2F90745.bin
[03:44:24] pixel  shader #1923   3920 bytes  crc 9C922B45  version 3_0  -> ps_1923_9C922B45.bin
[03:44:24] pixel  shader #1924   2324 bytes  crc 918AEAA8  version 3_0  -> ps_1924_918AEAA8.bin
[03:44:24] pixel  shader #1925   1624 bytes  crc 53DDB38F  version 3_0  -> ps_1925_53DDB38F.bin
[03:44:24] pixel  shader #1926   3008 bytes  crc BBB5CC88  version 3_0  -> ps_1926_BBB5CC88.bin
[03:44:24] pixel  shader #1927   5808 bytes  crc 4C19326F  version 3_0  -> ps_1927_4C19326F.bin
[03:44:24] pixel  shader #1928   2460 bytes  crc 00EA066C  version 3_0  -> ps_1928_00EA066C.bin
[03:44:24] pixel  shader #1929   4104 bytes  crc 665D57FB  version 3_0  -> ps_1929_665D57FB.bin
[03:44:24] pixel  shader #1930   2460 bytes  crc B35EBE4F  version 3_0  -> ps_1930_B35EBE4F.bin
[03:44:24] pixel  shader #1931   1228 bytes  crc 5D66AECF  version 3_0  -> ps_1931_5D66AECF.bin
[03:44:24] pixel  shader #1932   5028 bytes  crc 16C96597  version 3_0  -> ps_1932_16C96597.bin
[03:44:24] pixel  shader #1933   1544 bytes  crc 84A229B8  version 3_0  -> ps_1933_84A229B8.bin
[03:44:24] pixel  shader #1934   2832 bytes  crc 55F5BC41  version 3_0  -> ps_1934_55F5BC41.bin
[03:44:24] pixel  shader #1935   2856 bytes  crc 51FE70E4  version 3_0  -> ps_1935_51FE70E4.bin
[03:44:24] pixel  shader #1936   2324 bytes  crc EA711773  version 3_0  -> ps_1936_EA711773.bin
[03:44:24] pixel  shader #1937   1188 bytes  crc 55390E49  version 3_0  -> ps_1937_55390E49.bin
[03:44:24] pixel  shader #1938   2424 bytes  crc 1C91B5E9  version 3_0  -> ps_1938_1C91B5E9.bin
[03:44:24] pixel  shader #1939   1020 bytes  crc C08F04F1  version 3_0  -> ps_1939_C08F04F1.bin
[03:44:24] pixel  shader #1940   2080 bytes  crc BDC33234  version 3_0  -> ps_1940_BDC33234.bin
[03:44:24] pixel  shader #1941   2640 bytes  crc EE041114  version 3_0  -> ps_1941_EE041114.bin
[03:44:24] pixel  shader #1942   1892 bytes  crc 77E19B04  version 3_0  -> ps_1942_77E19B04.bin
[03:44:24] pixel  shader #1943   2488 bytes  crc 1BB6F439  version 3_0  -> ps_1943_1BB6F439.bin
[03:44:24] pixel  shader #1944   2376 bytes  crc 1BD30232  version 3_0  -> ps_1944_1BD30232.bin
[03:44:24] pixel  shader #1945   3864 bytes  crc 8CFDE4E8  version 3_0  -> ps_1945_8CFDE4E8.bin
[03:44:24] pixel  shader #1946   3000 bytes  crc 6C1C632E  version 3_0  -> ps_1946_6C1C632E.bin
[03:44:24] pixel  shader #1947   1892 bytes  crc 9E033BB3  version 3_0  -> ps_1947_9E033BB3.bin
[03:44:24] pixel  shader #1948   2400 bytes  crc 5158800A  version 3_0  -> ps_1948_5158800A.bin
[03:44:24] pixel  shader #1949   5488 bytes  crc 201D3E72  version 3_0  -> ps_1949_201D3E72.bin
[03:44:24] pixel  shader #1950   3256 bytes  crc 15944DC7  version 3_0  -> ps_1950_15944DC7.bin
[03:44:24] pixel  shader #1951   2556 bytes  crc E66C1E36  version 3_0  -> ps_1951_E66C1E36.bin
[03:44:24] pixel  shader #1952   3788 bytes  crc B4D4905E  version 3_0  -> ps_1952_B4D4905E.bin
[03:44:24] pixel  shader #1953    708 bytes  crc 93DACFFC  version 3_0  -> ps_1953_93DACFFC.bin
[03:44:24] pixel  shader #1954   2780 bytes  crc D908E87A  version 3_0  -> ps_1954_D908E87A.bin
[03:44:24] pixel  shader #1955   3740 bytes  crc 9C17D3A6  version 3_0  -> ps_1955_9C17D3A6.bin
[03:44:24] pixel  shader #1956   2112 bytes  crc 74821177  version 3_0  -> ps_1956_74821177.bin
[03:44:24] pixel  shader #1957   2264 bytes  crc C5B0281E  version 3_0  -> ps_1957_C5B0281E.bin
[03:44:24] pixel  shader #1958   3528 bytes  crc B357E35C  version 3_0  -> ps_1958_B357E35C.bin
[03:44:24] pixel  shader #1959   1332 bytes  crc 42504A41  version 3_0  -> ps_1959_42504A41.bin
[03:44:24] pixel  shader #1960   3772 bytes  crc C53D713D  version 3_0  -> ps_1960_C53D713D.bin
[03:44:24] pixel  shader #1961   1008 bytes  crc 7BF731FD  version 3_0  -> ps_1961_7BF731FD.bin
[03:44:24] pixel  shader #1962   4200 bytes  crc 3E476EC1  version 3_0  -> ps_1962_3E476EC1.bin
[03:44:24] pixel  shader #1963   2372 bytes  crc DA1D381A  version 3_0  -> ps_1963_DA1D381A.bin
[03:44:24] pixel  shader #1964   2120 bytes  crc 8E5186C2  version 3_0  -> ps_1964_8E5186C2.bin
[03:44:24] pixel  shader #1965   3396 bytes  crc 5CE25858  version 3_0  -> ps_1965_5CE25858.bin
[03:44:24] pixel  shader #1966   1504 bytes  crc E32355C9  version 3_0  -> ps_1966_E32355C9.bin
[03:44:24] pixel  shader #1967   1932 bytes  crc EAC9C475  version 3_0  -> ps_1967_EAC9C475.bin
[03:44:24] pixel  shader #1968   1932 bytes  crc BB6DA58F  version 3_0  -> ps_1968_BB6DA58F.bin
[03:44:24] pixel  shader #1969   2752 bytes  crc A945934F  version 3_0  -> ps_1969_A945934F.bin
[03:44:24] pixel  shader #1970   2688 bytes  crc 31B2CDB6  version 3_0  -> ps_1970_31B2CDB6.bin
[03:44:24] pixel  shader #1971   1288 bytes  crc 66C148B1  version 3_0  -> ps_1971_66C148B1.bin
[03:44:24] pixel  shader #1972   2956 bytes  crc 34AC701B  version 3_0  -> ps_1972_34AC701B.bin
[03:44:24] pixel  shader #1973   4304 bytes  crc D5B1BEE9  version 3_0  -> ps_1973_D5B1BEE9.bin
[03:44:24] pixel  shader #1974   1024 bytes  crc B2604B8D  version 3_0  -> ps_1974_B2604B8D.bin
[03:44:24] pixel  shader #1975   2460 bytes  crc 6AB572CF  version 3_0  -> ps_1975_6AB572CF.bin
[03:44:24] pixel  shader #1976   2396 bytes  crc 8CA2DFBA  version 3_0  -> ps_1976_8CA2DFBA.bin
[03:44:24] pixel  shader #1977   1060 bytes  crc 8F8552E1  version 3_0  -> ps_1977_8F8552E1.bin
[03:44:24] pixel  shader #1978   2512 bytes  crc 96C016DA  version 3_0  -> ps_1978_96C016DA.bin
[03:44:24] pixel  shader #1979   2808 bytes  crc 46BDB89C  version 3_0  -> ps_1979_46BDB89C.bin
[03:44:24] pixel  shader #1980   1480 bytes  crc A8856A28  version 3_0  -> ps_1980_A8856A28.bin
[03:44:24] pixel  shader #1981   4228 bytes  crc D753591A  version 3_0  -> ps_1981_D753591A.bin
[03:44:24] pixel  shader #1982   3380 bytes  crc F4DEB1B0  version 3_0  -> ps_1982_F4DEB1B0.bin
[03:44:24] pixel  shader #1983   4512 bytes  crc 58037C99  version 3_0  -> ps_1983_58037C99.bin
[03:44:24] pixel  shader #1984   2000 bytes  crc 47663D6A  version 3_0  -> ps_1984_47663D6A.bin
[03:44:24] pixel  shader #1985   1620 bytes  crc 53891B66  version 3_0  -> ps_1985_53891B66.bin
[03:44:24] pixel  shader #1986    488 bytes  crc 6634FF46  version 3_0  -> ps_1986_6634FF46.bin
[03:44:24] pixel  shader #1987   1384 bytes  crc 30569736  version 3_0  -> ps_1987_30569736.bin
[03:44:24] pixel  shader #1988   1808 bytes  crc E0047DC1  version 3_0  -> ps_1988_E0047DC1.bin
[03:44:24] pixel  shader #1989   3180 bytes  crc CD8C1222  version 3_0  -> ps_1989_CD8C1222.bin
[03:44:24] pixel  shader #1990   1732 bytes  crc ADDA7A91  version 3_0  -> ps_1990_ADDA7A91.bin
[03:44:24] pixel  shader #1991   3068 bytes  crc 99E35C6D  version 3_0  -> ps_1991_99E35C6D.bin
[03:44:24] pixel  shader #1992   3356 bytes  crc 8447CD03  version 3_0  -> ps_1992_8447CD03.bin
[03:44:24] pixel  shader #1993   2052 bytes  crc 030A688A  version 3_0  -> ps_1993_030A688A.bin
[03:44:24] pixel  shader #1994   2836 bytes  crc DFB259A0  version 3_0  -> ps_1994_DFB259A0.bin
[03:44:24] pixel  shader #1995   4368 bytes  crc E907C97B  version 3_0  -> ps_1995_E907C97B.bin
[03:44:24] pixel  shader #1996   3292 bytes  crc 320A73E1  version 3_0  -> ps_1996_320A73E1.bin
[03:44:24] pixel  shader #1997   1392 bytes  crc 4AAB90E3  version 3_0  -> ps_1997_4AAB90E3.bin
[03:44:24] pixel  shader #1998   3000 bytes  crc 3133D22D  version 3_0  -> ps_1998_3133D22D.bin
[03:44:24] pixel  shader #1999   1680 bytes  crc 6A86A1C1  version 3_0  -> ps_1999_6A86A1C1.bin
[03:44:24] pixel  shader #2000   1648 bytes  crc 81D62394  version 3_0  -> ps_2000_81D62394.bin
[03:44:24] pixel  shader #2001   2396 bytes  crc 82A1C2CE  version 3_0  -> ps_2001_82A1C2CE.bin
[03:44:24] pixel  shader #2002   2552 bytes  crc 61519DC9  version 3_0  -> ps_2002_61519DC9.bin
[03:44:24] pixel  shader #2003   2660 bytes  crc E34B905F  version 3_0  -> ps_2003_E34B905F.bin
[03:44:24] pixel  shader #2004   2700 bytes  crc EAB40A89  version 3_0  -> ps_2004_EAB40A89.bin
[03:44:24] pixel  shader #2005   1860 bytes  crc CFEE97DB  version 3_0  -> ps_2005_CFEE97DB.bin
[03:44:24] pixel  shader #2006   2056 bytes  crc 9B1E073A  version 3_0  -> ps_2006_9B1E073A.bin
[03:44:24] pixel  shader #2007   1488 bytes  crc BE8C2733  version 3_0  -> ps_2007_BE8C2733.bin
[03:44:24] pixel  shader #2008   4008 bytes  crc AE6A604E  version 3_0  -> ps_2008_AE6A604E.bin
[03:44:24] pixel  shader #2009   1948 bytes  crc 7E60C2DB  version 3_0  -> ps_2009_7E60C2DB.bin
[03:44:24] pixel  shader #2010   1964 bytes  crc 1F5F7CFB  version 3_0  -> ps_2010_1F5F7CFB.bin
[03:44:24] pixel  shader #2011   1568 bytes  crc 44FAD15A  version 3_0  -> ps_2011_44FAD15A.bin
[03:44:24] pixel  shader #2012   2604 bytes  crc 52BBAC3B  version 3_0  -> ps_2012_52BBAC3B.bin
[03:44:24] pixel  shader #2013   2120 bytes  crc D177B88B  version 3_0  -> ps_2013_D177B88B.bin
[03:44:24] pixel  shader #2014   2564 bytes  crc 71D96FC4  version 3_0  -> ps_2014_71D96FC4.bin
[03:44:24] pixel  shader #2015   3424 bytes  crc B4388570  version 3_0  -> ps_2015_B4388570.bin
[03:44:24] pixel  shader #2016   1504 bytes  crc 7C102260  version 3_0  -> ps_2016_7C102260.bin
[03:44:24] pixel  shader #2017   1172 bytes  crc B1D8BDDC  version 3_0  -> ps_2017_B1D8BDDC.bin
[03:44:24] pixel  shader #2018   3060 bytes  crc 8776B499  version 3_0  -> ps_2018_8776B499.bin
[03:44:24] pixel  shader #2019   3068 bytes  crc 0F7E0EAA  version 3_0  -> ps_2019_0F7E0EAA.bin
[03:44:24] pixel  shader #2020   1360 bytes  crc 1E56AC15  version 3_0  -> ps_2020_1E56AC15.bin
[03:44:24] pixel  shader #2021   2904 bytes  crc 3A0C0689  version 3_0  -> ps_2021_3A0C0689.bin
[03:44:24] pixel  shader #2022   1692 bytes  crc FEA0385F  version 3_0  -> ps_2022_FEA0385F.bin
[03:44:24] pixel  shader #2023   4212 bytes  crc 56B350E9  version 3_0  -> ps_2023_56B350E9.bin
[03:44:24] pixel  shader #2024   3112 bytes  crc 50FC31C8  version 3_0  -> ps_2024_50FC31C8.bin
[03:44:24] pixel  shader #2025   1300 bytes  crc 731F73CF  version 3_0  -> ps_2025_731F73CF.bin
[03:44:24] pixel  shader #2026   1536 bytes  crc 1F7D78DB  version 3_0  -> ps_2026_1F7D78DB.bin
[03:44:24] pixel  shader #2027   1020 bytes  crc 0246D1F4  version 3_0  -> ps_2027_0246D1F4.bin
[03:44:24] pixel  shader #2028   2724 bytes  crc BA55090B  version 3_0  -> ps_2028_BA55090B.bin
[03:44:24] pixel  shader #2029   2292 bytes  crc 9AF436BF  version 3_0  -> ps_2029_9AF436BF.bin
[03:44:24] pixel  shader #2030   3772 bytes  crc E421C5A3  version 3_0  -> ps_2030_E421C5A3.bin
[03:44:24] pixel  shader #2031   1736 bytes  crc 668A301B  version 3_0  -> ps_2031_668A301B.bin
[03:44:24] pixel  shader #2032   1804 bytes  crc 445E108E  version 3_0  -> ps_2032_445E108E.bin
[03:44:24] pixel  shader #2033   1616 bytes  crc 7AE07B2A  version 3_0  -> ps_2033_7AE07B2A.bin
[03:44:24] pixel  shader #2034   1512 bytes  crc A2601C58  version 3_0  -> ps_2034_A2601C58.bin
[03:44:24] pixel  shader #2035   1744 bytes  crc 249A45BF  version 3_0  -> ps_2035_249A45BF.bin
[03:44:24] pixel  shader #2036   3812 bytes  crc 14A81017  version 3_0  -> ps_2036_14A81017.bin
[03:44:24] pixel  shader #2037   2768 bytes  crc BC5F0CF7  version 3_0  -> ps_2037_BC5F0CF7.bin
[03:44:24] pixel  shader #2038   2000 bytes  crc 99E5AE1E  version 3_0  -> ps_2038_99E5AE1E.bin
[03:44:24] pixel  shader #2039   3556 bytes  crc 97BC4FD9  version 3_0  -> ps_2039_97BC4FD9.bin
[03:44:24] pixel  shader #2040   1248 bytes  crc 866A8365  version 3_0  -> ps_2040_866A8365.bin
[03:44:24] pixel  shader #2041   2356 bytes  crc 8D4077F2  version 3_0  -> ps_2041_8D4077F2.bin
[03:44:24] pixel  shader #2042    532 bytes  crc A9DB94BB  version 3_0  -> ps_2042_A9DB94BB.bin
[03:44:24] pixel  shader #2043   1240 bytes  crc 5DDEA845  version 3_0  -> ps_2043_5DDEA845.bin
[03:44:24] pixel  shader #2044   2712 bytes  crc 2E6515DE  version 3_0  -> ps_2044_2E6515DE.bin
[03:44:24] pixel  shader #2045   4112 bytes  crc 606CE034  version 3_0  -> ps_2045_606CE034.bin
[03:44:24] pixel  shader #2046    916 bytes  crc 165FD393  version 3_0  -> ps_2046_165FD393.bin
[03:44:24] pixel  shader #2047    836 bytes  crc 65265686  version 3_0  -> ps_2047_65265686.bin
[03:44:24] pixel  shader #2048   2568 bytes  crc 55CEC4BC  version 3_0  -> ps_2048_55CEC4BC.bin
[03:44:24] pixel  shader #2049   1136 bytes  crc 31E9BE4B  version 3_0  -> ps_2049_31E9BE4B.bin
[03:44:24] pixel  shader #2050   2788 bytes  crc 1501F8F9  version 3_0  -> ps_2050_1501F8F9.bin
[03:44:24] pixel  shader #2051   3100 bytes  crc 81B8407A  version 3_0  -> ps_2051_81B8407A.bin
[03:44:24] pixel  shader #2052   3928 bytes  crc 11755607  version 3_0  -> ps_2052_11755607.bin
[03:44:24] pixel  shader #2053   2064 bytes  crc C19AE8FE  version 3_0  -> ps_2053_C19AE8FE.bin
[03:44:24] pixel  shader #2054   3108 bytes  crc 1CA34BCA  version 3_0  -> ps_2054_1CA34BCA.bin
[03:44:24] pixel  shader #2055   3444 bytes  crc 34606FAD  version 3_0  -> ps_2055_34606FAD.bin
[03:44:24] pixel  shader #2056   2368 bytes  crc 46485A5F  version 3_0  -> ps_2056_46485A5F.bin
[03:44:24] pixel  shader #2057   1076 bytes  crc 8AA112F7  version 3_0  -> ps_2057_8AA112F7.bin
[03:44:24] pixel  shader #2058   3588 bytes  crc 760129E2  version 3_0  -> ps_2058_760129E2.bin
[03:44:24] pixel  shader #2059   2132 bytes  crc 6B70E92B  version 3_0  -> ps_2059_6B70E92B.bin
[03:44:24] pixel  shader #2060   3168 bytes  crc D987DE80  version 3_0  -> ps_2060_D987DE80.bin
[03:44:24] pixel  shader #2061   3844 bytes  crc A9CB23F7  version 3_0  -> ps_2061_A9CB23F7.bin
[03:44:24] pixel  shader #2062   2068 bytes  crc 6CCA1183  version 3_0  -> ps_2062_6CCA1183.bin
[03:44:24] pixel  shader #2063   2872 bytes  crc 9CA0E90D  version 3_0  -> ps_2063_9CA0E90D.bin
[03:44:24] pixel  shader #2064   2480 bytes  crc 24305F44  version 3_0  -> ps_2064_24305F44.bin
[03:44:24] pixel  shader #2065   1360 bytes  crc AFE055F7  version 3_0  -> ps_2065_AFE055F7.bin
[03:44:24] pixel  shader #2066   3324 bytes  crc F5E92995  version 3_0  -> ps_2066_F5E92995.bin
[03:44:24] pixel  shader #2067   2516 bytes  crc E7763C0C  version 3_0  -> ps_2067_E7763C0C.bin
[03:44:24] pixel  shader #2068   1108 bytes  crc 53353FA5  version 3_0  -> ps_2068_53353FA5.bin
[03:44:24] pixel  shader #2069   2024 bytes  crc 2C8A56E2  version 3_0  -> ps_2069_2C8A56E2.bin
[03:44:24] pixel  shader #2070   1172 bytes  crc 2700C62C  version 3_0  -> ps_2070_2700C62C.bin
[03:44:24] pixel  shader #2071   3912 bytes  crc 76D444CA  version 3_0  -> ps_2071_76D444CA.bin
[03:44:24] pixel  shader #2072   1852 bytes  crc 0BE84BB0  version 3_0  -> ps_2072_0BE84BB0.bin
[03:44:24] pixel  shader #2073   3604 bytes  crc 42373772  version 3_0  -> ps_2073_42373772.bin
[03:44:24] pixel  shader #2074   1936 bytes  crc FEDA0D79  version 3_0  -> ps_2074_FEDA0D79.bin
[03:44:24] pixel  shader #2075   3332 bytes  crc 18624300  version 3_0  -> ps_2075_18624300.bin
[03:44:24] pixel  shader #2076    784 bytes  crc 78948007  version 3_0  -> ps_2076_78948007.bin
[03:44:24] pixel  shader #2077   2568 bytes  crc 9DAD16FE  version 3_0  -> ps_2077_9DAD16FE.bin
[03:44:24] pixel  shader #2078   2512 bytes  crc B21FED09  version 3_0  -> ps_2078_B21FED09.bin
[03:44:24] pixel  shader #2079   3232 bytes  crc 5A2C92E6  version 3_0  -> ps_2079_5A2C92E6.bin
[03:44:24] pixel  shader #2080   2032 bytes  crc 3C979238  version 3_0  -> ps_2080_3C979238.bin
[03:44:24] pixel  shader #2081   3612 bytes  crc 7CBB4EA4  version 3_0  -> ps_2081_7CBB4EA4.bin
[03:44:24] pixel  shader #2082   2264 bytes  crc D5B11053  version 3_0  -> ps_2082_D5B11053.bin
[03:44:24] pixel  shader #2083   2136 bytes  crc F3898822  version 3_0  -> ps_2083_F3898822.bin
[03:44:24] pixel  shader #2084   2428 bytes  crc C7593072  version 3_0  -> ps_2084_C7593072.bin
[03:44:24] pixel  shader #2085   1164 bytes  crc 1B269015  version 3_0  -> ps_2085_1B269015.bin
[03:44:24] pixel  shader #2086   4252 bytes  crc D2160DF9  version 3_0  -> ps_2086_D2160DF9.bin
[03:44:24] pixel  shader #2087   4232 bytes  crc 9DA9D6B1  version 3_0  -> ps_2087_9DA9D6B1.bin
[03:44:24] pixel  shader #2088   3288 bytes  crc 3A4FC856  version 3_0  -> ps_2088_3A4FC856.bin
[03:44:24] pixel  shader #2089   2948 bytes  crc A926DF79  version 3_0  -> ps_2089_A926DF79.bin
[03:44:24] pixel  shader #2090   4100 bytes  crc B735A5D1  version 3_0  -> ps_2090_B735A5D1.bin
[03:44:24] pixel  shader #2091   1776 bytes  crc D92174FE  version 3_0  -> ps_2091_D92174FE.bin
[03:44:24] pixel  shader #2092   4312 bytes  crc C8DC4F0C  version 3_0  -> ps_2092_C8DC4F0C.bin
[03:44:24] pixel  shader #2093   1740 bytes  crc A6E96AF3  version 3_0  -> ps_2093_A6E96AF3.bin
[03:44:24] pixel  shader #2094   2052 bytes  crc D3B0EE0B  version 3_0  -> ps_2094_D3B0EE0B.bin
[03:44:24] pixel  shader #2095   2712 bytes  crc 7223B95D  version 3_0  -> ps_2095_7223B95D.bin
[03:44:24] pixel  shader #2096   2104 bytes  crc 7BD833F5  version 3_0  -> ps_2096_7BD833F5.bin
[03:44:24] pixel  shader #2097   4052 bytes  crc 246707D2  version 3_0  -> ps_2097_246707D2.bin
[03:44:24] pixel  shader #2098   2928 bytes  crc A09E2DAB  version 3_0  -> ps_2098_A09E2DAB.bin
[03:44:24] pixel  shader #2099   2404 bytes  crc 3CE29D5A  version 3_0  -> ps_2099_3CE29D5A.bin
[03:44:24] pixel  shader #2100    844 bytes  crc 3FAE7A7F  version 3_0  -> ps_2100_3FAE7A7F.bin
[03:44:24] pixel  shader #2101   1360 bytes  crc C48B2481  version 3_0  -> ps_2101_C48B2481.bin
[03:44:24] pixel  shader #2102   1896 bytes  crc 7A82758E  version 3_0  -> ps_2102_7A82758E.bin
[03:44:24] pixel  shader #2103   3012 bytes  crc 706FF25E  version 3_0  -> ps_2103_706FF25E.bin
[03:44:24] pixel  shader #2104   2304 bytes  crc 81D858D5  version 3_0  -> ps_2104_81D858D5.bin
[03:44:24] pixel  shader #2105   3648 bytes  crc 8E0B9D3D  version 3_0  -> ps_2105_8E0B9D3D.bin
[03:44:24] pixel  shader #2106   2212 bytes  crc D2C64E16  version 3_0  -> ps_2106_D2C64E16.bin
[03:44:24] pixel  shader #2107   2700 bytes  crc FCB1EC76  version 3_0  -> ps_2107_FCB1EC76.bin
[03:44:24] pixel  shader #2108   3060 bytes  crc 7158A213  version 3_0  -> ps_2108_7158A213.bin
[03:44:24] pixel  shader #2109   1448 bytes  crc 94BE5A42  version 3_0  -> ps_2109_94BE5A42.bin
[03:44:24] pixel  shader #2110   2176 bytes  crc 5982CD85  version 3_0  -> ps_2110_5982CD85.bin
[03:44:24] pixel  shader #2111    892 bytes  crc 3846FB55  version 3_0  -> ps_2111_3846FB55.bin
[03:44:24] pixel  shader #2112   2900 bytes  crc 149DDDD9  version 3_0  -> ps_2112_149DDDD9.bin
[03:44:24] pixel  shader #2113   2816 bytes  crc FB81A22E  version 3_0  -> ps_2113_FB81A22E.bin
[03:44:24] pixel  shader #2114   2024 bytes  crc 1FD72679  version 3_0  -> ps_2114_1FD72679.bin
[03:44:24] pixel  shader #2115   5956 bytes  crc D31D399B  version 3_0  -> ps_2115_D31D399B.bin
[03:44:24] pixel  shader #2116   3368 bytes  crc 3C088594  version 3_0  -> ps_2116_3C088594.bin
[03:44:24] pixel  shader #2117   2808 bytes  crc C4A78ABC  version 3_0  -> ps_2117_C4A78ABC.bin
[03:44:24] pixel  shader #2118   2880 bytes  crc 366FEC50  version 3_0  -> ps_2118_366FEC50.bin
[03:44:24] pixel  shader #2119   4180 bytes  crc EE5B2853  version 3_0  -> ps_2119_EE5B2853.bin
[03:44:24] pixel  shader #2120   1680 bytes  crc 0033A478  version 3_0  -> ps_2120_0033A478.bin
[03:44:24] pixel  shader #2121   1804 bytes  crc 9172976F  version 3_0  -> ps_2121_9172976F.bin
[03:44:24] pixel  shader #2122   2024 bytes  crc C48BF62A  version 3_0  -> ps_2122_C48BF62A.bin
[03:44:24] pixel  shader #2123   1332 bytes  crc 03D5FC47  version 3_0  -> ps_2123_03D5FC47.bin
[03:44:24] pixel  shader #2124   1568 bytes  crc 290A365C  version 3_0  -> ps_2124_290A365C.bin
[03:44:24] pixel  shader #2125   2876 bytes  crc 01850346  version 3_0  -> ps_2125_01850346.bin
[03:44:24] pixel  shader #2126   3552 bytes  crc E19AC19F  version 3_0  -> ps_2126_E19AC19F.bin
[03:44:24] pixel  shader #2127   5348 bytes  crc 9902D2FA  version 3_0  -> ps_2127_9902D2FA.bin
[03:44:24] pixel  shader #2128   2496 bytes  crc 4F272397  version 3_0  -> ps_2128_4F272397.bin
[03:44:24] pixel  shader #2129   1820 bytes  crc C55B6623  version 3_0  -> ps_2129_C55B6623.bin
[03:44:24] pixel  shader #2130   1428 bytes  crc 44EC9331  version 3_0  -> ps_2130_44EC9331.bin
[03:44:24] pixel  shader #2131   1168 bytes  crc 9623D02C  version 3_0  -> ps_2131_9623D02C.bin
[03:44:24] pixel  shader #2132   1852 bytes  crc E78A65DB  version 3_0  -> ps_2132_E78A65DB.bin
[03:44:24] pixel  shader #2133   3240 bytes  crc 4E103FBC  version 3_0  -> ps_2133_4E103FBC.bin
[03:44:24] pixel  shader #2134    844 bytes  crc E76E9B2C  version 3_0  -> ps_2134_E76E9B2C.bin
[03:44:24] pixel  shader #2135   1112 bytes  crc 54680A90  version 3_0  -> ps_2135_54680A90.bin
[03:44:24] pixel  shader #2136   2452 bytes  crc 2F4B4F99  version 3_0  -> ps_2136_2F4B4F99.bin
[03:44:24] pixel  shader #2137   2984 bytes  crc 409B6080  version 3_0  -> ps_2137_409B6080.bin
[03:44:24] pixel  shader #2138   2544 bytes  crc 373F1D86  version 3_0  -> ps_2138_373F1D86.bin
[03:44:24] pixel  shader #2139   2308 bytes  crc 19230220  version 3_0  -> ps_2139_19230220.bin
[03:44:24] pixel  shader #2140   4060 bytes  crc 70C0B833  version 3_0  -> ps_2140_70C0B833.bin
[03:44:24] pixel  shader #2141   2120 bytes  crc 14FCB0E0  version 3_0  -> ps_2141_14FCB0E0.bin
[03:44:24] pixel  shader #2142    552 bytes  crc DFF11422  version 3_0  -> ps_2142_DFF11422.bin
[03:44:24] pixel  shader #2143   3780 bytes  crc 5312AF80  version 3_0  -> ps_2143_5312AF80.bin
[03:44:24] pixel  shader #2144   3992 bytes  crc C71EDE63  version 3_0  -> ps_2144_C71EDE63.bin
[03:44:24] pixel  shader #2145   2500 bytes  crc 38C4884B  version 3_0  -> ps_2145_38C4884B.bin
[03:44:24] pixel  shader #2146   4184 bytes  crc F0B50135  version 3_0  -> ps_2146_F0B50135.bin
[03:44:24] pixel  shader #2147   2508 bytes  crc 946BB341  version 3_0  -> ps_2147_946BB341.bin
[03:44:24] pixel  shader #2148   2528 bytes  crc 2877BBE6  version 3_0  -> ps_2148_2877BBE6.bin
[03:44:24] pixel  shader #2149   1684 bytes  crc 40FEDB7E  version 3_0  -> ps_2149_40FEDB7E.bin
[03:44:24] pixel  shader #2150   1676 bytes  crc F8F12317  version 3_0  -> ps_2150_F8F12317.bin
[03:44:24] pixel  shader #2151   3240 bytes  crc AAFF7CDC  version 3_0  -> ps_2151_AAFF7CDC.bin
[03:44:24] pixel  shader #2152   1864 bytes  crc CCF29CA5  version 3_0  -> ps_2152_CCF29CA5.bin
[03:44:24] pixel  shader #2153   2360 bytes  crc D5D18B58  version 3_0  -> ps_2153_D5D18B58.bin
[03:44:24] pixel  shader #2154   1676 bytes  crc 837E7822  version 3_0  -> ps_2154_837E7822.bin
[03:44:24] pixel  shader #2155   3840 bytes  crc B1EBB373  version 3_0  -> ps_2155_B1EBB373.bin
[03:44:24] pixel  shader #2156   2604 bytes  crc 4BE8389E  version 3_0  -> ps_2156_4BE8389E.bin
[03:44:24] pixel  shader #2157   1880 bytes  crc 6BB2B1E0  version 3_0  -> ps_2157_6BB2B1E0.bin
[03:44:24] pixel  shader #2158   1136 bytes  crc AE8DED33  version 3_0  -> ps_2158_AE8DED33.bin
[03:44:24] pixel  shader #2159   2436 bytes  crc E404BA82  version 3_0  -> ps_2159_E404BA82.bin
[03:44:24] pixel  shader #2160  11676 bytes  crc 70EC397A  version 3_0  -> ps_2160_70EC397A.bin
[03:44:24] pixel  shader #2161   2740 bytes  crc 5C389849  version 3_0  -> ps_2161_5C389849.bin
[03:44:24] pixel  shader #2162   3808 bytes  crc EB93EC6E  version 3_0  -> ps_2162_EB93EC6E.bin
[03:44:24] pixel  shader #2163   2104 bytes  crc 57B02B22  version 3_0  -> ps_2163_57B02B22.bin
[03:44:24] pixel  shader #2164   1896 bytes  crc 51A9A42F  version 3_0  -> ps_2164_51A9A42F.bin
[03:44:24] pixel  shader #2165   2472 bytes  crc FB4437B9  version 3_0  -> ps_2165_FB4437B9.bin
[03:44:24] pixel  shader #2166   1496 bytes  crc 9F33C098  version 3_0  -> ps_2166_9F33C098.bin
[03:44:24] pixel  shader #2167   1628 bytes  crc 3CAF74FC  version 3_0  -> ps_2167_3CAF74FC.bin
[03:44:24] pixel  shader #2168   3340 bytes  crc 2F7EB173  version 3_0  -> ps_2168_2F7EB173.bin
[03:44:24] pixel  shader #2169   1356 bytes  crc AA9AF7B1  version 3_0  -> ps_2169_AA9AF7B1.bin
[03:44:24] pixel  shader #2170   2784 bytes  crc D53248D5  version 3_0  -> ps_2170_D53248D5.bin
[03:44:24] pixel  shader #2171   2332 bytes  crc 245D894A  version 3_0  -> ps_2171_245D894A.bin
[03:44:24] pixel  shader #2172    744 bytes  crc 135C8250  version 3_0  -> ps_2172_135C8250.bin
[03:44:24] pixel  shader #2173   4184 bytes  crc 3625D874  version 3_0  -> ps_2173_3625D874.bin
[03:44:24] pixel  shader #2174   1504 bytes  crc 9660F5F5  version 3_0  -> ps_2174_9660F5F5.bin
[03:44:24] pixel  shader #2175  15232 bytes  crc F9FDD7F2  version 3_0  -> ps_2175_F9FDD7F2.bin
[03:44:24] pixel  shader #2176   2636 bytes  crc 57C58492  version 3_0  -> ps_2176_57C58492.bin
[03:44:24] pixel  shader #2177   2668 bytes  crc 7CE3BF47  version 3_0  -> ps_2177_7CE3BF47.bin
[03:44:24] pixel  shader #2178   3000 bytes  crc 54C2CA32  version 3_0  -> ps_2178_54C2CA32.bin
[03:44:24] pixel  shader #2179   2148 bytes  crc 6D9C2471  version 3_0  -> ps_2179_6D9C2471.bin
[03:44:24] pixel  shader #2180   3480 bytes  crc 58A79A97  version 3_0  -> ps_2180_58A79A97.bin
[03:44:24] pixel  shader #2181   2720 bytes  crc 86F02498  version 3_0  -> ps_2181_86F02498.bin
[03:44:24] pixel  shader #2182   2432 bytes  crc 0B0E7044  version 3_0  -> ps_2182_0B0E7044.bin
[03:44:24] pixel  shader #2183   2424 bytes  crc E83803BA  version 3_0  -> ps_2183_E83803BA.bin
[03:44:24] pixel  shader #2184   2284 bytes  crc 6B5A277B  version 3_0  -> ps_2184_6B5A277B.bin
[03:44:24] pixel  shader #2185   3468 bytes  crc D7DBDB75  version 3_0  -> ps_2185_D7DBDB75.bin
[03:44:24] pixel  shader #2186   2324 bytes  crc 4C0B3774  version 3_0  -> ps_2186_4C0B3774.bin
[03:44:24] pixel  shader #2187   1840 bytes  crc 29CA3FA7  version 3_0  -> ps_2187_29CA3FA7.bin
[03:44:24] pixel  shader #2188   2144 bytes  crc 8F2385F6  version 3_0  -> ps_2188_8F2385F6.bin
[03:44:24] pixel  shader #2189   3092 bytes  crc A6D8FB16  version 3_0  -> ps_2189_A6D8FB16.bin
[03:44:24] pixel  shader #2190   2448 bytes  crc C61EBEA0  version 3_0  -> ps_2190_C61EBEA0.bin
[03:44:24] pixel  shader #2191   2532 bytes  crc CC6C6B49  version 3_0  -> ps_2191_CC6C6B49.bin
[03:44:24] pixel  shader #2192   2112 bytes  crc 8B9188E8  version 3_0  -> ps_2192_8B9188E8.bin
[03:44:24] pixel  shader #2193   2688 bytes  crc F8C804B4  version 3_0  -> ps_2193_F8C804B4.bin
[03:44:24] pixel  shader #2194   2312 bytes  crc 735D64E5  version 3_0  -> ps_2194_735D64E5.bin
[03:44:24] pixel  shader #2195   2600 bytes  crc D4B9767E  version 3_0  -> ps_2195_D4B9767E.bin
[03:44:24] pixel  shader #2196   1556 bytes  crc 7B09A24E  version 3_0  -> ps_2196_7B09A24E.bin
[03:44:24] pixel  shader #2197   3708 bytes  crc D364672D  version 3_0  -> ps_2197_D364672D.bin
[03:44:24] pixel  shader #2198   2836 bytes  crc F3A0684C  version 3_0  -> ps_2198_F3A0684C.bin
[03:44:24] pixel  shader #2199   3636 bytes  crc B95673B1  version 3_0  -> ps_2199_B95673B1.bin
[03:44:24] pixel  shader #2200   1524 bytes  crc AFD3CF8D  version 3_0  -> ps_2200_AFD3CF8D.bin
[03:44:24] pixel  shader #2201   1652 bytes  crc 9FA11422  version 3_0  -> ps_2201_9FA11422.bin
[03:44:24] pixel  shader #2202   2872 bytes  crc 7E68EAC8  version 3_0  -> ps_2202_7E68EAC8.bin
[03:44:24] pixel  shader #2203   1556 bytes  crc C8861F2C  version 3_0  -> ps_2203_C8861F2C.bin
[03:44:24] pixel  shader #2204    904 bytes  crc 52B67884  version 3_0  -> ps_2204_52B67884.bin
[03:44:24] pixel  shader #2205   2108 bytes  crc C4241010  version 3_0  -> ps_2205_C4241010.bin
[03:44:24] pixel  shader #2206   1500 bytes  crc 6AA163A7  version 3_0  -> ps_2206_6AA163A7.bin
[03:44:24] pixel  shader #2207   2796 bytes  crc B676FD6D  version 3_0  -> ps_2207_B676FD6D.bin
[03:44:24] pixel  shader #2208   2504 bytes  crc 49147C7E  version 3_0  -> ps_2208_49147C7E.bin
[03:44:24] pixel  shader #2209   1316 bytes  crc 654B5ABA  version 3_0  -> ps_2209_654B5ABA.bin
[03:44:24] pixel  shader #2210   2356 bytes  crc BDE832E4  version 3_0  -> ps_2210_BDE832E4.bin
[03:44:24] pixel  shader #2211   2436 bytes  crc 9C328790  version 3_0  -> ps_2211_9C328790.bin
[03:44:24] pixel  shader #2212   3484 bytes  crc EEAE9455  version 3_0  -> ps_2212_EEAE9455.bin
[03:44:24] pixel  shader #2213   1996 bytes  crc 6C2AC16E  version 3_0  -> ps_2213_6C2AC16E.bin
[03:44:24] pixel  shader #2214    924 bytes  crc F7FBEA14  version 3_0  -> ps_2214_F7FBEA14.bin
[03:44:24] pixel  shader #2215   3920 bytes  crc C393A326  version 3_0  -> ps_2215_C393A326.bin
[03:44:24] pixel  shader #2216   2984 bytes  crc 1A58CC93  version 3_0  -> ps_2216_1A58CC93.bin
[03:44:24] pixel  shader #2217   1360 bytes  crc B34D09CF  version 3_0  -> ps_2217_B34D09CF.bin
[03:44:24] pixel  shader #2218   2500 bytes  crc F3E0CCA5  version 3_0  -> ps_2218_F3E0CCA5.bin
[03:44:24] pixel  shader #2219   5808 bytes  crc FFC99AE0  version 3_0  -> ps_2219_FFC99AE0.bin
[03:44:24] pixel  shader #2220   1344 bytes  crc 40CC4AF1  version 3_0  -> ps_2220_40CC4AF1.bin
[03:44:24] pixel  shader #2221   1568 bytes  crc F01735A3  version 3_0  -> ps_2221_F01735A3.bin
[03:44:24] pixel  shader #2222   1888 bytes  crc 51B6D492  version 3_0  -> ps_2222_51B6D492.bin
[03:44:24] pixel  shader #2223   3892 bytes  crc BF8D1E82  version 3_0  -> ps_2223_BF8D1E82.bin
[03:44:24] pixel  shader #2224   3540 bytes  crc 2AFA4A90  version 3_0  -> ps_2224_2AFA4A90.bin
[03:44:24] pixel  shader #2225   1776 bytes  crc C8ADF3AD  version 3_0  -> ps_2225_C8ADF3AD.bin
[03:44:24] pixel  shader #2226   2488 bytes  crc F79DA154  version 3_0  -> ps_2226_F79DA154.bin
[03:44:24] pixel  shader #2227   2728 bytes  crc 7E84BBC3  version 3_0  -> ps_2227_7E84BBC3.bin
[03:44:24] pixel  shader #2228   2536 bytes  crc 78F3172A  version 3_0  -> ps_2228_78F3172A.bin
[03:44:24] pixel  shader #2229   2332 bytes  crc EFAC1239  version 3_0  -> ps_2229_EFAC1239.bin
[03:44:24] pixel  shader #2230   2368 bytes  crc 63EE6605  version 3_0  -> ps_2230_63EE6605.bin
[03:44:24] pixel  shader #2231   2884 bytes  crc 9927E1BE  version 3_0  -> ps_2231_9927E1BE.bin
[03:44:24] pixel  shader #2232   3924 bytes  crc BC6FB0CD  version 3_0  -> ps_2232_BC6FB0CD.bin
[03:44:24] pixel  shader #2233   2288 bytes  crc 56FC251A  version 3_0  -> ps_2233_56FC251A.bin
[03:44:24] pixel  shader #2234   2388 bytes  crc 71A7A606  version 3_0  -> ps_2234_71A7A606.bin
[03:44:24] pixel  shader #2235   1540 bytes  crc 765F35D2  version 3_0  -> ps_2235_765F35D2.bin
[03:44:24] pixel  shader #2236   2752 bytes  crc 83C5D874  version 3_0  -> ps_2236_83C5D874.bin
[03:44:24] pixel  shader #2237   2156 bytes  crc 1AC06233  version 3_0  -> ps_2237_1AC06233.bin
[03:44:24] pixel  shader #2238   2332 bytes  crc 7ADC84DE  version 3_0  -> ps_2238_7ADC84DE.bin
[03:44:24] pixel  shader #2239   2400 bytes  crc B3A51D7B  version 3_0  -> ps_2239_B3A51D7B.bin
[03:44:24] pixel  shader #2240   2780 bytes  crc 3E6855C5  version 3_0  -> ps_2240_3E6855C5.bin
[03:44:24] pixel  shader #2241   2604 bytes  crc 658BEE55  version 3_0  -> ps_2241_658BEE55.bin
[03:44:24] pixel  shader #2242   3140 bytes  crc 8A4C4FD1  version 3_0  -> ps_2242_8A4C4FD1.bin
[03:44:24] pixel  shader #2243   2964 bytes  crc 4396D238  version 3_0  -> ps_2243_4396D238.bin
[03:44:24] pixel  shader #2244   1340 bytes  crc 003185DB  version 3_0  -> ps_2244_003185DB.bin
[03:44:24] pixel  shader #2245   3500 bytes  crc 9AECF20E  version 3_0  -> ps_2245_9AECF20E.bin
[03:44:24] pixel  shader #2246   3156 bytes  crc D10CA5CF  version 3_0  -> ps_2246_D10CA5CF.bin
[03:44:24] pixel  shader #2247   1424 bytes  crc 296BB304  version 3_0  -> ps_2247_296BB304.bin
[03:44:24] pixel  shader #2248   3148 bytes  crc D27E081D  version 3_0  -> ps_2248_D27E081D.bin
[03:44:24] pixel  shader #2249    976 bytes  crc F44DEC00  version 3_0  -> ps_2249_F44DEC00.bin
[03:44:24] pixel  shader #2250   1864 bytes  crc CA91853D  version 3_0  -> ps_2250_CA91853D.bin
[03:44:24] pixel  shader #2251   2928 bytes  crc 37568B76  version 3_0  -> ps_2251_37568B76.bin
[03:44:24] pixel  shader #2252   1700 bytes  crc 8BBD3896  version 3_0  -> ps_2252_8BBD3896.bin
[03:44:24] pixel  shader #2253   2044 bytes  crc 882BFACD  version 3_0  -> ps_2253_882BFACD.bin
[03:44:24] pixel  shader #2254   2232 bytes  crc B5BD57BA  version 3_0  -> ps_2254_B5BD57BA.bin
[03:44:24] pixel  shader #2255   2596 bytes  crc 34BD811C  version 3_0  -> ps_2255_34BD811C.bin
[03:44:24] pixel  shader #2256   1196 bytes  crc 2D08D8A0  version 3_0  -> ps_2256_2D08D8A0.bin
[03:44:24] pixel  shader #2257   2596 bytes  crc 6BD3B570  version 3_0  -> ps_2257_6BD3B570.bin
[03:44:24] pixel  shader #2258   1076 bytes  crc 24452D62  version 3_0  -> ps_2258_24452D62.bin
[03:44:24] pixel  shader #2259   1864 bytes  crc 3B3436CE  version 3_0  -> ps_2259_3B3436CE.bin
[03:44:24] pixel  shader #2260   2420 bytes  crc B61587FA  version 3_0  -> ps_2260_B61587FA.bin
[03:44:25] pixel  shader #2261   2668 bytes  crc A5AFA421  version 3_0  -> ps_2261_A5AFA421.bin
[03:44:25] pixel  shader #2262    480 bytes  crc 2820E1C7  version 3_0  -> ps_2262_2820E1C7.bin
[03:44:25] pixel  shader #2263   1880 bytes  crc E1DF3EC5  version 3_0  -> ps_2263_E1DF3EC5.bin
[03:44:25] pixel  shader #2264   1804 bytes  crc C20E830D  version 3_0  -> ps_2264_C20E830D.bin
[03:44:25] pixel  shader #2265   2740 bytes  crc 95DF231E  version 3_0  -> ps_2265_95DF231E.bin
[03:44:25] pixel  shader #2266   1292 bytes  crc 7E54437F  version 3_0  -> ps_2266_7E54437F.bin
[03:44:25] pixel  shader #2267   3492 bytes  crc A492F512  version 3_0  -> ps_2267_A492F512.bin
[03:44:25] pixel  shader #2268   3136 bytes  crc 4F275074  version 3_0  -> ps_2268_4F275074.bin
[03:44:25] pixel  shader #2269   3160 bytes  crc EA952A88  version 3_0  -> ps_2269_EA952A88.bin
[03:44:25] pixel  shader #2270   2708 bytes  crc F71F3215  version 3_0  -> ps_2270_F71F3215.bin
[03:44:25] pixel  shader #2271   1896 bytes  crc 8BAED41C  version 3_0  -> ps_2271_8BAED41C.bin
[03:44:25] pixel  shader #2272   3812 bytes  crc 87964FDD  version 3_0  -> ps_2272_87964FDD.bin
[03:44:25] pixel  shader #2273   2188 bytes  crc 3233929A  version 3_0  -> ps_2273_3233929A.bin
[03:44:25] pixel  shader #2274   2760 bytes  crc 99591464  version 3_0  -> ps_2274_99591464.bin
[03:44:25] pixel  shader #2275   2372 bytes  crc 374306D7  version 3_0  -> ps_2275_374306D7.bin
[03:44:25] pixel  shader #2276   3104 bytes  crc 7167EC0C  version 3_0  -> ps_2276_7167EC0C.bin
[03:44:25] pixel  shader #2277   1388 bytes  crc 1E074488  version 3_0  -> ps_2277_1E074488.bin
[03:44:25] pixel  shader #2278   3496 bytes  crc 7199220C  version 3_0  -> ps_2278_7199220C.bin
[03:44:25] pixel  shader #2279   3432 bytes  crc DAE59778  version 3_0  -> ps_2279_DAE59778.bin
[03:44:25] pixel  shader #2280   2388 bytes  crc 4925815F  version 3_0  -> ps_2280_4925815F.bin
[03:44:25] pixel  shader #2281   2600 bytes  crc 15756F43  version 3_0  -> ps_2281_15756F43.bin
[03:44:25] pixel  shader #2282   1372 bytes  crc 0133CDD0  version 3_0  -> ps_2282_0133CDD0.bin
[03:44:25] pixel  shader #2283   2860 bytes  crc 8C6E7A75  version 3_0  -> ps_2283_8C6E7A75.bin
[03:44:25] pixel  shader #2284   2388 bytes  crc 3DB415D0  version 3_0  -> ps_2284_3DB415D0.bin
[03:44:25] pixel  shader #2285   2452 bytes  crc 8F353176  version 3_0  -> ps_2285_8F353176.bin
[03:44:25] pixel  shader #2286   2216 bytes  crc 33A62A42  version 3_0  -> ps_2286_33A62A42.bin
[03:44:25] pixel  shader #2287   1584 bytes  crc D4571AC0  version 3_0  -> ps_2287_D4571AC0.bin
[03:44:25] pixel  shader #2288   1888 bytes  crc 013846BE  version 3_0  -> ps_2288_013846BE.bin
[03:44:25] pixel  shader #2289   2004 bytes  crc C828E72C  version 3_0  -> ps_2289_C828E72C.bin
[03:44:25] pixel  shader #2290   2892 bytes  crc 4D0DD228  version 3_0  -> ps_2290_4D0DD228.bin
[03:44:25] pixel  shader #2291   2260 bytes  crc 2C438BEF  version 3_0  -> ps_2291_2C438BEF.bin
[03:44:25] pixel  shader #2292   2776 bytes  crc 3E615FE8  version 3_0  -> ps_2292_3E615FE8.bin
[03:44:25] pixel  shader #2293   3860 bytes  crc 382E242A  version 3_0  -> ps_2293_382E242A.bin
[03:44:25] pixel  shader #2294   2652 bytes  crc E3061F18  version 3_0  -> ps_2294_E3061F18.bin
[03:44:25] pixel  shader #2295   1176 bytes  crc 9FD3568E  version 3_0  -> ps_2295_9FD3568E.bin
[03:44:25] pixel  shader #2296   1784 bytes  crc 8668753F  version 3_0  -> ps_2296_8668753F.bin
[03:44:25] pixel  shader #2297   1500 bytes  crc FA895008  version 3_0  -> ps_2297_FA895008.bin
[03:44:25] pixel  shader #2298   3320 bytes  crc 0D8F8669  version 3_0  -> ps_2298_0D8F8669.bin
[03:44:25] pixel  shader #2299   3972 bytes  crc 60ABFEFA  version 3_0  -> ps_2299_60ABFEFA.bin
[03:44:25] pixel  shader #2300   3552 bytes  crc BDB5B223  version 3_0  -> ps_2300_BDB5B223.bin
[03:44:25] pixel  shader #2301   2048 bytes  crc D852FD69  version 3_0  -> ps_2301_D852FD69.bin
[03:44:25] pixel  shader #2302   2788 bytes  crc 81329DCB  version 3_0  -> ps_2302_81329DCB.bin
[03:44:25] pixel  shader #2303   1084 bytes  crc EF31DDB6  version 3_0  -> ps_2303_EF31DDB6.bin
[03:44:25] pixel  shader #2304   2328 bytes  crc 49945750  version 3_0  -> ps_2304_49945750.bin
[03:44:25] pixel  shader #2305   2652 bytes  crc 940D2126  version 3_0  -> ps_2305_940D2126.bin
[03:44:25] pixel  shader #2306   2012 bytes  crc C1778C6E  version 3_0  -> ps_2306_C1778C6E.bin
[03:44:25] pixel  shader #2307   2340 bytes  crc 7B1AC3CF  version 3_0  -> ps_2307_7B1AC3CF.bin
[03:44:25] pixel  shader #2308   2088 bytes  crc 75E7043C  version 3_0  -> ps_2308_75E7043C.bin
[03:44:25] pixel  shader #2309   2448 bytes  crc 09AC54EA  version 3_0  -> ps_2309_09AC54EA.bin
[03:44:25] pixel  shader #2310   2048 bytes  crc 58FC4B02  version 3_0  -> ps_2310_58FC4B02.bin
[03:44:25] pixel  shader #2311   4604 bytes  crc 96DF2871  version 3_0  -> ps_2311_96DF2871.bin
[03:44:25] pixel  shader #2312   2752 bytes  crc 9560242A  version 3_0  -> ps_2312_9560242A.bin
[03:44:25] pixel  shader #2313   1488 bytes  crc 3D95E433  version 3_0  -> ps_2313_3D95E433.bin
[03:44:25] pixel  shader #2314   2796 bytes  crc 650F34B8  version 3_0  -> ps_2314_650F34B8.bin
[03:44:25] pixel  shader #2315    464 bytes  crc B792E007  version 3_0  -> ps_2315_B792E007.bin
[03:44:25] pixel  shader #2316   1964 bytes  crc 4C59617B  version 3_0  -> ps_2316_4C59617B.bin
[03:44:25] pixel  shader #2317   1080 bytes  crc 2C94D7B5  version 3_0  -> ps_2317_2C94D7B5.bin
[03:44:25] pixel  shader #2318   2228 bytes  crc F2677E0E  version 3_0  -> ps_2318_F2677E0E.bin
[03:44:25] pixel  shader #2319   2276 bytes  crc DFD23876  version 3_0  -> ps_2319_DFD23876.bin
[03:44:25] pixel  shader #2320   2176 bytes  crc 2D12A028  version 3_0  -> ps_2320_2D12A028.bin
[03:44:25] pixel  shader #2321   2164 bytes  crc E49FEE5F  version 3_0  -> ps_2321_E49FEE5F.bin
[03:44:25] pixel  shader #2322   2876 bytes  crc 1C006644  version 3_0  -> ps_2322_1C006644.bin
[03:44:25] pixel  shader #2323   1852 bytes  crc F37EFBA2  version 3_0  -> ps_2323_F37EFBA2.bin
[03:44:25] pixel  shader #2324   3084 bytes  crc 526BB203  version 3_0  -> ps_2324_526BB203.bin
[03:44:25] pixel  shader #2325   3812 bytes  crc 466153B7  version 3_0  -> ps_2325_466153B7.bin
[03:44:25] pixel  shader #2326   2168 bytes  crc 6BA19108  version 3_0  -> ps_2326_6BA19108.bin
[03:44:25] pixel  shader #2327   2176 bytes  crc DB2C2B9B  version 3_0  -> ps_2327_DB2C2B9B.bin
[03:44:25] pixel  shader #2328   3472 bytes  crc 74E0BA13  version 3_0  -> ps_2328_74E0BA13.bin
[03:44:25] pixel  shader #2329   2672 bytes  crc 975D55E3  version 3_0  -> ps_2329_975D55E3.bin
[03:44:25] pixel  shader #2330   1784 bytes  crc 733C4798  version 3_0  -> ps_2330_733C4798.bin
[03:44:25] pixel  shader #2331   2600 bytes  crc 6D03769A  version 3_0  -> ps_2331_6D03769A.bin
[03:44:25] pixel  shader #2332   1664 bytes  crc DF03DB56  version 3_0  -> ps_2332_DF03DB56.bin
[03:44:25] pixel  shader #2333   2448 bytes  crc 31C24212  version 3_0  -> ps_2333_31C24212.bin
[03:44:25] pixel  shader #2334   4240 bytes  crc FB61B93E  version 3_0  -> ps_2334_FB61B93E.bin
[03:44:25] pixel  shader #2335   3756 bytes  crc 8F701EBD  version 3_0  -> ps_2335_8F701EBD.bin
[03:44:25] pixel  shader #2336   1572 bytes  crc 815AF7C2  version 3_0  -> ps_2336_815AF7C2.bin
[03:44:25] pixel  shader #2337  12928 bytes  crc EE92BE96  version 3_0  -> ps_2337_EE92BE96.bin
[03:44:25] pixel  shader #2338   2448 bytes  crc 28E63424  version 3_0  -> ps_2338_28E63424.bin
[03:44:25] pixel  shader #2339   3276 bytes  crc 3E446F65  version 3_0  -> ps_2339_3E446F65.bin
[03:44:25] pixel  shader #2340   3352 bytes  crc 49B2FBE9  version 3_0  -> ps_2340_49B2FBE9.bin
[03:44:25] pixel  shader #2341   2496 bytes  crc 6DCA0058  version 3_0  -> ps_2341_6DCA0058.bin
[03:44:25] pixel  shader #2342   4088 bytes  crc C243EB79  version 3_0  -> ps_2342_C243EB79.bin
[03:44:25] pixel  shader #2343   3988 bytes  crc 07EFE91A  version 3_0  -> ps_2343_07EFE91A.bin
[03:44:25] pixel  shader #2344   1612 bytes  crc 587DB2CB  version 3_0  -> ps_2344_587DB2CB.bin
[03:44:25] pixel  shader #2345   2888 bytes  crc 91B0254E  version 3_0  -> ps_2345_91B0254E.bin
[03:44:25] pixel  shader #2346   3216 bytes  crc 0237EB32  version 3_0  -> ps_2346_0237EB32.bin
[03:44:25] pixel  shader #2347   4200 bytes  crc 03F42AF3  version 3_0  -> ps_2347_03F42AF3.bin
[03:44:25] pixel  shader #2348   2744 bytes  crc 51E17739  version 3_0  -> ps_2348_51E17739.bin
[03:44:25] pixel  shader #2349    364 bytes  crc D9B65FA6  version 3_0  -> ps_2349_D9B65FA6.bin
[03:44:25] pixel  shader #2350   3020 bytes  crc CDCBD944  version 3_0  -> ps_2350_CDCBD944.bin
[03:44:25] pixel  shader #2351   1716 bytes  crc CB5E4F01  version 3_0  -> ps_2351_CB5E4F01.bin
[03:44:25] pixel  shader #2352   3968 bytes  crc 24ADC846  version 3_0  -> ps_2352_24ADC846.bin
[03:44:25] pixel  shader #2353    952 bytes  crc BB9D097B  version 3_0  -> ps_2353_BB9D097B.bin
[03:44:25] pixel  shader #2354   3556 bytes  crc 49583663  version 3_0  -> ps_2354_49583663.bin
[03:44:25] pixel  shader #2355   2316 bytes  crc 04F85081  version 3_0  -> ps_2355_04F85081.bin
[03:44:25] pixel  shader #2356   2032 bytes  crc 6F1BAFE4  version 3_0  -> ps_2356_6F1BAFE4.bin
[03:44:25] pixel  shader #2357    452 bytes  crc CEED348B  version 3_0  -> ps_2357_CEED348B.bin
[03:44:25] pixel  shader #2358   3876 bytes  crc 104B3016  version 3_0  -> ps_2358_104B3016.bin
[03:44:25] pixel  shader #2359   3280 bytes  crc DCAC05BE  version 3_0  -> ps_2359_DCAC05BE.bin
[03:44:25] pixel  shader #2360   3312 bytes  crc A5E85DCD  version 3_0  -> ps_2360_A5E85DCD.bin
[03:44:25] pixel  shader #2361   3524 bytes  crc F9791539  version 3_0  -> ps_2361_F9791539.bin
[03:44:25] pixel  shader #2362   4076 bytes  crc FCF63A5B  version 3_0  -> ps_2362_FCF63A5B.bin
[03:44:25] pixel  shader #2363   3720 bytes  crc A937F852  version 3_0  -> ps_2363_A937F852.bin
[03:44:25] pixel  shader #2364   2268 bytes  crc FD75EAD1  version 3_0  -> ps_2364_FD75EAD1.bin
[03:44:25] pixel  shader #2365   2940 bytes  crc E06BEBA1  version 3_0  -> ps_2365_E06BEBA1.bin
[03:44:25] pixel  shader #2366   1724 bytes  crc 79C124FD  version 3_0  -> ps_2366_79C124FD.bin
[03:44:25] pixel  shader #2367   1748 bytes  crc 81EE1DAE  version 3_0  -> ps_2367_81EE1DAE.bin
[03:44:25] pixel  shader #2368   1056 bytes  crc 18BC02D0  version 3_0  -> ps_2368_18BC02D0.bin
[03:44:25] pixel  shader #2369    716 bytes  crc 6D1A84CB  version 3_0  -> ps_2369_6D1A84CB.bin
[03:44:25] pixel  shader #2370    528 bytes  crc 9BD564C5  version 3_0  -> ps_2370_9BD564C5.bin
[03:44:25] pixel  shader #2371   3196 bytes  crc 8270C8C5  version 3_0  -> ps_2371_8270C8C5.bin
[03:44:25] pixel  shader #2372   1636 bytes  crc 568661CE  version 3_0  -> ps_2372_568661CE.bin
[03:44:25] pixel  shader #2373   3828 bytes  crc 5F8647A8  version 3_0  -> ps_2373_5F8647A8.bin
[03:44:25] pixel  shader #2374   3272 bytes  crc 0ACE71C8  version 3_0  -> ps_2374_0ACE71C8.bin
[03:44:25] pixel  shader #2375   3588 bytes  crc 67C9DB4C  version 3_0  -> ps_2375_67C9DB4C.bin
[03:44:25] pixel  shader #2376   3484 bytes  crc BC7EC2A7  version 3_0  -> ps_2376_BC7EC2A7.bin
[03:44:25] pixel  shader #2377   1724 bytes  crc 1EDF0B6C  version 3_0  -> ps_2377_1EDF0B6C.bin
[03:44:25] pixel  shader #2378   2992 bytes  crc 57BE1CE9  version 3_0  -> ps_2378_57BE1CE9.bin
[03:44:25] pixel  shader #2379   2256 bytes  crc B972943B  version 3_0  -> ps_2379_B972943B.bin
[03:44:25] pixel  shader #2380   2388 bytes  crc C76F1707  version 3_0  -> ps_2380_C76F1707.bin
[03:44:25] pixel  shader #2381   1384 bytes  crc FE97F31B  version 3_0  -> ps_2381_FE97F31B.bin
[03:44:25] pixel  shader #2382   1448 bytes  crc 1DED8411  version 3_0  -> ps_2382_1DED8411.bin
[03:44:25] pixel  shader #2383   1412 bytes  crc 58E19CC9  version 3_0  -> ps_2383_58E19CC9.bin
[03:44:25] pixel  shader #2384   1548 bytes  crc B13E7969  version 3_0  -> ps_2384_B13E7969.bin
[03:44:25] pixel  shader #2385   2892 bytes  crc AEF90E98  version 3_0  -> ps_2385_AEF90E98.bin
[03:44:25] pixel  shader #2386   3608 bytes  crc 79A85BEC  version 3_0  -> ps_2386_79A85BEC.bin
[03:44:25] pixel  shader #2387    732 bytes  crc 100A9F1D  version 3_0  -> ps_2387_100A9F1D.bin
[03:44:25] pixel  shader #2388   3468 bytes  crc 346A4AE8  version 3_0  -> ps_2388_346A4AE8.bin
[03:44:25] pixel  shader #2389   2432 bytes  crc 33B61003  version 3_0  -> ps_2389_33B61003.bin
[03:44:25] pixel  shader #2390   3164 bytes  crc 759FBBB1  version 3_0  -> ps_2390_759FBBB1.bin
[03:44:25] pixel  shader #2391   3360 bytes  crc 64171C11  version 3_0  -> ps_2391_64171C11.bin
[03:44:25] pixel  shader #2392   3516 bytes  crc DA095735  version 3_0  -> ps_2392_DA095735.bin
[03:44:25] pixel  shader #2393   2596 bytes  crc A7549C4A  version 3_0  -> ps_2393_A7549C4A.bin
[03:44:25] pixel  shader #2394   1860 bytes  crc DC820424  version 3_0  -> ps_2394_DC820424.bin
[03:44:25] pixel  shader #2395   1968 bytes  crc 50A52545  version 3_0  -> ps_2395_50A52545.bin
[03:44:25] pixel  shader #2396    196 bytes  crc A350E4AF  version 3_0  -> ps_2396_A350E4AF.bin
[03:44:25] pixel  shader #2397   2176 bytes  crc F3D5CBA4  version 3_0  -> ps_2397_F3D5CBA4.bin
[03:44:25] pixel  shader #2398   2652 bytes  crc EBC4A968  version 3_0  -> ps_2398_EBC4A968.bin
[03:44:25] pixel  shader #2399   1208 bytes  crc F904CE51  version 3_0  -> ps_2399_F904CE51.bin
[03:44:25] pixel  shader #2400    496 bytes  crc DB2CAAAB  version 3_0  -> ps_2400_DB2CAAAB.bin
[03:44:25] pixel  shader #2401   3504 bytes  crc 992195D0  version 3_0  -> ps_2401_992195D0.bin
[03:44:25] pixel  shader #2402   2432 bytes  crc 51516E7A  version 3_0  -> ps_2402_51516E7A.bin
[03:44:25] pixel  shader #2403    452 bytes  crc 8AE5767E  version 3_0  -> ps_2403_8AE5767E.bin
[03:44:25] pixel  shader #2404   3100 bytes  crc 4D2DFEE9  version 3_0  -> ps_2404_4D2DFEE9.bin
[03:44:25] pixel  shader #2405   2032 bytes  crc 70F5DD6D  version 3_0  -> ps_2405_70F5DD6D.bin
[03:44:25] pixel  shader #2406   1988 bytes  crc 7CB8C766  version 3_0  -> ps_2406_7CB8C766.bin
[03:44:25] pixel  shader #2407   2328 bytes  crc 3A84C6E3  version 3_0  -> ps_2407_3A84C6E3.bin
[03:44:25] pixel  shader #2408   2224 bytes  crc CB7869A8  version 3_0  -> ps_2408_CB7869A8.bin
[03:44:25] pixel  shader #2409   1300 bytes  crc 1EFF78ED  version 3_0  -> ps_2409_1EFF78ED.bin
[03:44:25] pixel  shader #2410   3716 bytes  crc 3D8C6C7C  version 3_0  -> ps_2410_3D8C6C7C.bin
[03:44:25] pixel  shader #2411   2036 bytes  crc E8F11174  version 3_0  -> ps_2411_E8F11174.bin
[03:44:25] pixel  shader #2412    768 bytes  crc 10D1E3ED  version 3_0  -> ps_2412_10D1E3ED.bin
[03:44:25] pixel  shader #2413   2360 bytes  crc F668914B  version 3_0  -> ps_2413_F668914B.bin
[03:44:25] pixel  shader #2414   1296 bytes  crc D5BD298C  version 3_0  -> ps_2414_D5BD298C.bin
[03:44:25] pixel  shader #2415   2076 bytes  crc 31EC36C1  version 3_0  -> ps_2415_31EC36C1.bin
[03:44:25] pixel  shader #2416   3432 bytes  crc 68ACF5BD  version 3_0  -> ps_2416_68ACF5BD.bin
[03:44:25] pixel  shader #2417   2668 bytes  crc 0D2C57D5  version 3_0  -> ps_2417_0D2C57D5.bin
[03:44:25] pixel  shader #2418   3264 bytes  crc FF4A5A61  version 3_0  -> ps_2418_FF4A5A61.bin
[03:44:25] pixel  shader #2419   2804 bytes  crc F12D042E  version 3_0  -> ps_2419_F12D042E.bin
[03:44:25] pixel  shader #2420   2088 bytes  crc 43A1B94F  version 3_0  -> ps_2420_43A1B94F.bin
[03:44:25] pixel  shader #2421   2668 bytes  crc A63329CC  version 3_0  -> ps_2421_A63329CC.bin
[03:44:25] pixel  shader #2422   1744 bytes  crc 9D4ABEE0  version 3_0  -> ps_2422_9D4ABEE0.bin
[03:44:25] pixel  shader #2423   2800 bytes  crc 0FB1F751  version 3_0  -> ps_2423_0FB1F751.bin
[03:44:25] pixel  shader #2424   1568 bytes  crc E67E6439  version 3_0  -> ps_2424_E67E6439.bin
[03:44:25] pixel  shader #2425   4712 bytes  crc C2188A4B  version 3_0  -> ps_2425_C2188A4B.bin
[03:44:25] pixel  shader #2426    776 bytes  crc 792D9E8B  version 3_0  -> ps_2426_792D9E8B.bin
[03:44:25] pixel  shader #2427   2200 bytes  crc 7C9EB375  version 3_0  -> ps_2427_7C9EB375.bin
[03:44:25] pixel  shader #2428   2360 bytes  crc D53C1DCF  version 3_0  -> ps_2428_D53C1DCF.bin
[03:44:25] pixel  shader #2429   1856 bytes  crc BAABDBA3  version 3_0  -> ps_2429_BAABDBA3.bin
[03:44:25] pixel  shader #2430   1876 bytes  crc 0CD7EEB9  version 3_0  -> ps_2430_0CD7EEB9.bin
[03:44:25] pixel  shader #2431   2300 bytes  crc DF22148D  version 3_0  -> ps_2431_DF22148D.bin
[03:44:25] pixel  shader #2432   3336 bytes  crc B6C64135  version 3_0  -> ps_2432_B6C64135.bin
[03:44:25] pixel  shader #2433   1212 bytes  crc 0B678602  version 3_0  -> ps_2433_0B678602.bin
[03:44:25] pixel  shader #2434   2136 bytes  crc B511DB4A  version 3_0  -> ps_2434_B511DB4A.bin
[03:44:25] pixel  shader #2435   3140 bytes  crc 46C276CC  version 3_0  -> ps_2435_46C276CC.bin
[03:44:25] pixel  shader #2436   2068 bytes  crc 10638647  version 3_0  -> ps_2436_10638647.bin
[03:44:25] pixel  shader #2437   4024 bytes  crc 51F95239  version 3_0  -> ps_2437_51F95239.bin
[03:44:25] pixel  shader #2438   2376 bytes  crc A1928172  version 3_0  -> ps_2438_A1928172.bin
[03:44:25] pixel  shader #2439   2448 bytes  crc F6A7B93C  version 3_0  -> ps_2439_F6A7B93C.bin
[03:44:25] pixel  shader #2440   3148 bytes  crc C34339A1  version 3_0  -> ps_2440_C34339A1.bin
[03:44:25] pixel  shader #2441   2688 bytes  crc D6C92897  version 3_0  -> ps_2441_D6C92897.bin
[03:44:25] pixel  shader #2442    588 bytes  crc 38FBD87F  version 3_0  -> ps_2442_38FBD87F.bin
[03:44:25] pixel  shader #2443   1292 bytes  crc AA6A2504  version 3_0  -> ps_2443_AA6A2504.bin
[03:44:25] pixel  shader #2444   1288 bytes  crc 4F89677C  version 3_0  -> ps_2444_4F89677C.bin
[03:44:25] pixel  shader #2445   1840 bytes  crc 48C82E4B  version 3_0  -> ps_2445_48C82E4B.bin
[03:44:25] pixel  shader #2446   2724 bytes  crc 2C7B418B  version 3_0  -> ps_2446_2C7B418B.bin
[03:44:25] pixel  shader #2447   1276 bytes  crc 13D01F22  version 3_0  -> ps_2447_13D01F22.bin
[03:44:25] pixel  shader #2448   1456 bytes  crc E353D341  version 3_0  -> ps_2448_E353D341.bin
[03:44:25] pixel  shader #2449   1668 bytes  crc 24587683  version 3_0  -> ps_2449_24587683.bin
[03:44:25] pixel  shader #2450    616 bytes  crc 4CCC642D  version 3_0  -> ps_2450_4CCC642D.bin
[03:44:25] pixel  shader #2451   3264 bytes  crc C8571E3F  version 3_0  -> ps_2451_C8571E3F.bin
[03:44:25] pixel  shader #2452   3980 bytes  crc 2F7F6A1C  version 3_0  -> ps_2452_2F7F6A1C.bin
[03:44:25] pixel  shader #2453   1532 bytes  crc D72B37E7  version 3_0  -> ps_2453_D72B37E7.bin
[03:44:25] pixel  shader #2454   3184 bytes  crc BD46EAB4  version 3_0  -> ps_2454_BD46EAB4.bin
[03:44:25] pixel  shader #2455   2444 bytes  crc ACB59BA0  version 3_0  -> ps_2455_ACB59BA0.bin
[03:44:25] pixel  shader #2456   3684 bytes  crc 95C0F591  version 3_0  -> ps_2456_95C0F591.bin
[03:44:25] pixel  shader #2457   2292 bytes  crc 87B07CC1  version 3_0  -> ps_2457_87B07CC1.bin
[03:44:25] pixel  shader #2458   3500 bytes  crc 4BAF1305  version 3_0  -> ps_2458_4BAF1305.bin
[03:44:25] pixel  shader #2459   1512 bytes  crc 5ACDA5FE  version 3_0  -> ps_2459_5ACDA5FE.bin
[03:44:25] pixel  shader #2460   2204 bytes  crc B82D3A99  version 3_0  -> ps_2460_B82D3A99.bin
[03:44:25] pixel  shader #2461   2156 bytes  crc CE0B0C6C  version 3_0  -> ps_2461_CE0B0C6C.bin
[03:44:25] pixel  shader #2462   2348 bytes  crc 7CDAD78D  version 3_0  -> ps_2462_7CDAD78D.bin
[03:44:25] pixel  shader #2463   1068 bytes  crc 2C182849  version 3_0  -> ps_2463_2C182849.bin
[03:44:25] pixel  shader #2464   4852 bytes  crc 97F5C702  version 3_0  -> ps_2464_97F5C702.bin
[03:44:25] pixel  shader #2465   1572 bytes  crc 50E2C0B7  version 3_0  -> ps_2465_50E2C0B7.bin
[03:44:25] pixel  shader #2466   4572 bytes  crc C2EB6760  version 3_0  -> ps_2466_C2EB6760.bin
[03:44:25] pixel  shader #2467   3924 bytes  crc 50215BEF  version 3_0  -> ps_2467_50215BEF.bin
[03:44:25] pixel  shader #2468   2708 bytes  crc 2FAB9524  version 3_0  -> ps_2468_2FAB9524.bin
[03:44:25] pixel  shader #2469   1460 bytes  crc A585B4DE  version 3_0  -> ps_2469_A585B4DE.bin
[03:44:25] pixel  shader #2470   2520 bytes  crc 3E81F6E1  version 3_0  -> ps_2470_3E81F6E1.bin
[03:44:25] pixel  shader #2471   2296 bytes  crc 507E37BD  version 3_0  -> ps_2471_507E37BD.bin
[03:44:25] pixel  shader #2472   3772 bytes  crc C8A879F3  version 3_0  -> ps_2472_C8A879F3.bin
[03:44:25] pixel  shader #2473   2916 bytes  crc B2626EF8  version 3_0  -> ps_2473_B2626EF8.bin
[03:44:25] pixel  shader #2474   2256 bytes  crc 065B67E0  version 3_0  -> ps_2474_065B67E0.bin
[03:44:25] pixel  shader #2475   1436 bytes  crc 36FBB07D  version 3_0  -> ps_2475_36FBB07D.bin
[03:44:25] pixel  shader #2476   2148 bytes  crc 97F12207  version 3_0  -> ps_2476_97F12207.bin
[03:44:25] pixel  shader #2477   2260 bytes  crc 45177B46  version 3_0  -> ps_2477_45177B46.bin
[03:44:25] pixel  shader #2478   2212 bytes  crc 53580F75  version 3_0  -> ps_2478_53580F75.bin
[03:44:25] pixel  shader #2479   1912 bytes  crc DF3D9034  version 3_0  -> ps_2479_DF3D9034.bin
[03:44:25] pixel  shader #2480   3444 bytes  crc 6826B634  version 3_0  -> ps_2480_6826B634.bin
[03:44:25] pixel  shader #2481   3220 bytes  crc 6975CD18  version 3_0  -> ps_2481_6975CD18.bin
[03:44:25] pixel  shader #2482   2960 bytes  crc 561DD05C  version 3_0  -> ps_2482_561DD05C.bin
[03:44:25] pixel  shader #2483   1640 bytes  crc ED77ACA2  version 3_0  -> ps_2483_ED77ACA2.bin
[03:44:25] pixel  shader #2484   1460 bytes  crc EF2642D8  version 3_0  -> ps_2484_EF2642D8.bin
[03:44:25] pixel  shader #2485   2380 bytes  crc C46082A6  version 3_0  -> ps_2485_C46082A6.bin
[03:44:25] pixel  shader #2486   5020 bytes  crc 4B23A0C2  version 3_0  -> ps_2486_4B23A0C2.bin
[03:44:25] pixel  shader #2487   1392 bytes  crc B389FE2F  version 3_0  -> ps_2487_B389FE2F.bin
[03:44:25] pixel  shader #2488   3312 bytes  crc 14CF1370  version 3_0  -> ps_2488_14CF1370.bin
[03:44:25] pixel  shader #2489    496 bytes  crc B9A0F8F6  version 3_0  -> ps_2489_B9A0F8F6.bin
[03:44:25] pixel  shader #2490   1124 bytes  crc DE1F3EB5  version 3_0  -> ps_2490_DE1F3EB5.bin
[03:44:25] pixel  shader #2491   3276 bytes  crc 73CAE8A2  version 3_0  -> ps_2491_73CAE8A2.bin
[03:44:25] pixel  shader #2492   1440 bytes  crc DE60049D  version 3_0  -> ps_2492_DE60049D.bin
[03:44:25] pixel  shader #2493   2992 bytes  crc 24080A53  version 3_0  -> ps_2493_24080A53.bin
[03:44:25] pixel  shader #2494   3084 bytes  crc 5252EC53  version 3_0  -> ps_2494_5252EC53.bin
[03:44:25] pixel  shader #2495    700 bytes  crc 0F7D8627  version 3_0  -> ps_2495_0F7D8627.bin
[03:44:25] pixel  shader #2496   2380 bytes  crc E1868C83  version 3_0  -> ps_2496_E1868C83.bin
[03:44:25] pixel  shader #2497   2004 bytes  crc 65213F05  version 3_0  -> ps_2497_65213F05.bin
[03:44:25] pixel  shader #2498   2112 bytes  crc 336F9351  version 3_0  -> ps_2498_336F9351.bin
[03:44:25] pixel  shader #2499    576 bytes  crc CD0558CD  version 3_0  -> ps_2499_CD0558CD.bin
[03:44:25] pixel  shader #2500   1852 bytes  crc 607C10A7  version 3_0  -> ps_2500_607C10A7.bin
[03:44:25] pixel  shader #2501   2484 bytes  crc CB5A5939  version 3_0  -> ps_2501_CB5A5939.bin
[03:44:25] pixel  shader #2502   3284 bytes  crc 7EBDA458  version 3_0  -> ps_2502_7EBDA458.bin
[03:44:25] pixel  shader #2503   3256 bytes  crc 293C1050  version 3_0  -> ps_2503_293C1050.bin
[03:44:25] pixel  shader #2504   3656 bytes  crc 1B30B8B6  version 3_0  -> ps_2504_1B30B8B6.bin
[03:44:25] pixel  shader #2505   1728 bytes  crc 658F9EFA  version 3_0  -> ps_2505_658F9EFA.bin
[03:44:25] pixel  shader #2506   3000 bytes  crc ACD1D02E  version 3_0  -> ps_2506_ACD1D02E.bin
[03:44:25] pixel  shader #2507   1116 bytes  crc ECBEAC94  version 3_0  -> ps_2507_ECBEAC94.bin
[03:44:25] pixel  shader #2508   1628 bytes  crc C25443D5  version 3_0  -> ps_2508_C25443D5.bin
[03:44:25] pixel  shader #2509   2400 bytes  crc 0818832B  version 3_0  -> ps_2509_0818832B.bin
[03:44:25] pixel  shader #2510   3564 bytes  crc F2889F3E  version 3_0  -> ps_2510_F2889F3E.bin
[03:44:25] pixel  shader #2511   1660 bytes  crc F399A29A  version 3_0  -> ps_2511_F399A29A.bin
[03:44:25] pixel  shader #2512   2200 bytes  crc 88A356FB  version 3_0  -> ps_2512_88A356FB.bin
[03:44:25] pixel  shader #2513   2348 bytes  crc 2AEFFD43  version 3_0  -> ps_2513_2AEFFD43.bin
[03:44:25] pixel  shader #2514   1392 bytes  crc 16AA82C9  version 3_0  -> ps_2514_16AA82C9.bin
[03:44:25] pixel  shader #2515   3532 bytes  crc 8DC21690  version 3_0  -> ps_2515_8DC21690.bin
[03:44:25] pixel  shader #2516   2960 bytes  crc BB09AA8C  version 3_0  -> ps_2516_BB09AA8C.bin
[03:44:25] pixel  shader #2517   4036 bytes  crc 6A1FFDCF  version 3_0  -> ps_2517_6A1FFDCF.bin
[03:44:25] pixel  shader #2518    696 bytes  crc 2F8E17FD  version 3_0  -> ps_2518_2F8E17FD.bin
[03:44:25] pixel  shader #2519   2528 bytes  crc 12BB283D  version 3_0  -> ps_2519_12BB283D.bin
[03:44:25] pixel  shader #2520    820 bytes  crc B11F8ACB  version 3_0  -> ps_2520_B11F8ACB.bin
[03:44:25] pixel  shader #2521   1448 bytes  crc 36B6F8DC  version 3_0  -> ps_2521_36B6F8DC.bin
[03:44:25] pixel  shader #2522   1932 bytes  crc C369CF62  version 3_0  -> ps_2522_C369CF62.bin
[03:44:25] pixel  shader #2523    880 bytes  crc 90650665  version 3_0  -> ps_2523_90650665.bin
[03:44:25] pixel  shader #2524   3440 bytes  crc E25B443C  version 3_0  -> ps_2524_E25B443C.bin
[03:44:25] pixel  shader #2525   2608 bytes  crc 20CE4479  version 3_0  -> ps_2525_20CE4479.bin
[03:44:25] pixel  shader #2526   1292 bytes  crc DD866A5D  version 3_0  -> ps_2526_DD866A5D.bin
[03:44:25] pixel  shader #2527   3916 bytes  crc 013DF0CC  version 3_0  -> ps_2527_013DF0CC.bin
[03:44:25] pixel  shader #2528   3500 bytes  crc BD41614E  version 3_0  -> ps_2528_BD41614E.bin
[03:44:25] pixel  shader #2529   2024 bytes  crc BAC0EED4  version 3_0  -> ps_2529_BAC0EED4.bin
[03:44:25] pixel  shader #2530   1272 bytes  crc A9EB97D7  version 3_0  -> ps_2530_A9EB97D7.bin
[03:44:25] pixel  shader #2531   1560 bytes  crc E7B45E78  version 3_0  -> ps_2531_E7B45E78.bin
[03:44:25] pixel  shader #2532   2284 bytes  crc F69AD75A  version 3_0  -> ps_2532_F69AD75A.bin
[03:44:25] pixel  shader #2533   2556 bytes  crc BFA39341  version 3_0  -> ps_2533_BFA39341.bin
[03:44:25] pixel  shader #2534   2012 bytes  crc 297B2880  version 3_0  -> ps_2534_297B2880.bin
[03:44:25] pixel  shader #2535   2580 bytes  crc 31EE34E2  version 3_0  -> ps_2535_31EE34E2.bin
[03:44:25] pixel  shader #2536   3348 bytes  crc 77AF18BB  version 3_0  -> ps_2536_77AF18BB.bin
[03:44:25] pixel  shader #2537   4492 bytes  crc 23A20041  version 3_0  -> ps_2537_23A20041.bin
[03:44:25] pixel  shader #2538   3588 bytes  crc 1CB51642  version 3_0  -> ps_2538_1CB51642.bin
[03:44:25] pixel  shader #2539   3020 bytes  crc 5019DF02  version 3_0  -> ps_2539_5019DF02.bin
[03:44:25] pixel  shader #2540   2476 bytes  crc 7CFA9F1F  version 3_0  -> ps_2540_7CFA9F1F.bin
[03:44:25] pixel  shader #2541   1428 bytes  crc AC80F635  version 3_0  -> ps_2541_AC80F635.bin
[03:44:25] pixel  shader #2542   3816 bytes  crc BD9C429F  version 3_0  -> ps_2542_BD9C429F.bin
[03:44:25] pixel  shader #2543   1384 bytes  crc 1DBE70C7  version 3_0  -> ps_2543_1DBE70C7.bin
[03:44:25] pixel  shader #2544   3032 bytes  crc 77A17A4B  version 3_0  -> ps_2544_77A17A4B.bin
[03:44:25] pixel  shader #2545   1536 bytes  crc ACAE061D  version 3_0  -> ps_2545_ACAE061D.bin
[03:44:25] pixel  shader #2546   2440 bytes  crc EDFAE912  version 3_0  -> ps_2546_EDFAE912.bin
[03:44:25] pixel  shader #2547   1400 bytes  crc 0A61CA01  version 3_0  -> ps_2547_0A61CA01.bin
[03:44:25] pixel  shader #2548   3624 bytes  crc 625734FD  version 3_0  -> ps_2548_625734FD.bin
[03:44:25] pixel  shader #2549   1476 bytes  crc 040C5382  version 3_0  -> ps_2549_040C5382.bin
[03:44:25] pixel  shader #2550   1860 bytes  crc EC382A06  version 3_0  -> ps_2550_EC382A06.bin
[03:44:25] pixel  shader #2551   2124 bytes  crc C2E27B54  version 3_0  -> ps_2551_C2E27B54.bin
[03:44:25] pixel  shader #2552   1824 bytes  crc 2EFEF61A  version 3_0  -> ps_2552_2EFEF61A.bin
[03:44:25] pixel  shader #2553   3576 bytes  crc FED8E1B5  version 3_0  -> ps_2553_FED8E1B5.bin
[03:44:25] pixel  shader #2554  11492 bytes  crc 15A33879  version 3_0  -> ps_2554_15A33879.bin
[03:44:25] pixel  shader #2555   2484 bytes  crc 020D3003  version 3_0  -> ps_2555_020D3003.bin
[03:44:25] pixel  shader #2556   2112 bytes  crc 681EEAD1  version 3_0  -> ps_2556_681EEAD1.bin
[03:44:25] pixel  shader #2557   4356 bytes  crc BAB55DA7  version 3_0  -> ps_2557_BAB55DA7.bin
[03:44:25] pixel  shader #2558   3088 bytes  crc E3FA0DBA  version 3_0  -> ps_2558_E3FA0DBA.bin
[03:44:25] pixel  shader #2559   3156 bytes  crc BC580242  version 3_0  -> ps_2559_BC580242.bin
[03:44:25] pixel  shader #2560   3548 bytes  crc 8DE0CDEB  version 3_0  -> ps_2560_8DE0CDEB.bin
[03:44:25] pixel  shader #2561   2352 bytes  crc D9545D95  version 3_0  -> ps_2561_D9545D95.bin
[03:44:25] pixel  shader #2562   4572 bytes  crc 5DFA3E62  version 3_0  -> ps_2562_5DFA3E62.bin
[03:44:25] pixel  shader #2563   3400 bytes  crc 8264C63B  version 3_0  -> ps_2563_8264C63B.bin
[03:44:25] pixel  shader #2564    860 bytes  crc 4D122172  version 3_0  -> ps_2564_4D122172.bin
[03:44:25] pixel  shader #2565   3424 bytes  crc DBF5BC24  version 3_0  -> ps_2565_DBF5BC24.bin
[03:44:25] pixel  shader #2566   3288 bytes  crc CEE9EDA9  version 3_0  -> ps_2566_CEE9EDA9.bin
[03:44:25] pixel  shader #2567   1676 bytes  crc 0E48E4E3  version 3_0  -> ps_2567_0E48E4E3.bin
[03:44:25] pixel  shader #2568   4236 bytes  crc 23A322A9  version 3_0  -> ps_2568_23A322A9.bin
[03:44:25] pixel  shader #2569   2892 bytes  crc 9A52293D  version 3_0  -> ps_2569_9A52293D.bin
[03:44:25] pixel  shader #2570   2140 bytes  crc 94A65716  version 3_0  -> ps_2570_94A65716.bin
[03:44:25] pixel  shader #2571   3028 bytes  crc 309814F5  version 3_0  -> ps_2571_309814F5.bin
[03:44:25] pixel  shader #2572   2604 bytes  crc 5077EDA8  version 3_0  -> ps_2572_5077EDA8.bin
[03:44:25] pixel  shader #2573   1492 bytes  crc F117F768  version 3_0  -> ps_2573_F117F768.bin
[03:44:25] pixel  shader #2574   2264 bytes  crc 244CFEFB  version 3_0  -> ps_2574_244CFEFB.bin
[03:44:25] pixel  shader #2575   2420 bytes  crc 0DE6872B  version 3_0  -> ps_2575_0DE6872B.bin
[03:44:25] pixel  shader #2576   3876 bytes  crc F16DC02D  version 3_0  -> ps_2576_F16DC02D.bin
[03:44:25] pixel  shader #2577   3296 bytes  crc 10A98383  version 3_0  -> ps_2577_10A98383.bin
[03:44:25] pixel  shader #2578   1928 bytes  crc 0C73B3E3  version 3_0  -> ps_2578_0C73B3E3.bin
[03:44:25] pixel  shader #2579   1120 bytes  crc 908B5231  version 3_0  -> ps_2579_908B5231.bin
[03:44:25] pixel  shader #2580   3600 bytes  crc 754904C2  version 3_0  -> ps_2580_754904C2.bin
[03:44:25] pixel  shader #2581   3672 bytes  crc 17365145  version 3_0  -> ps_2581_17365145.bin
[03:44:25] pixel  shader #2582   1952 bytes  crc D637536F  version 3_0  -> ps_2582_D637536F.bin
[03:44:25] pixel  shader #2583    820 bytes  crc A75B724E  version 3_0  -> ps_2583_A75B724E.bin
[03:44:25] pixel  shader #2584   3264 bytes  crc 260B312C  version 3_0  -> ps_2584_260B312C.bin
[03:44:25] pixel  shader #2585   2224 bytes  crc EBB5DFFB  version 3_0  -> ps_2585_EBB5DFFB.bin
[03:44:25] pixel  shader #2586   2784 bytes  crc 3DE65B97  version 3_0  -> ps_2586_3DE65B97.bin
[03:44:25] pixel  shader #2587   3088 bytes  crc 8CEA23BD  version 3_0  -> ps_2587_8CEA23BD.bin
[03:44:25] pixel  shader #2588   2604 bytes  crc AA1A210E  version 3_0  -> ps_2588_AA1A210E.bin
[03:44:25] pixel  shader #2589   3168 bytes  crc 352CF31F  version 3_0  -> ps_2589_352CF31F.bin
[03:44:25] pixel  shader #2590   1488 bytes  crc A3C54D85  version 3_0  -> ps_2590_A3C54D85.bin
[03:44:25] pixel  shader #2591   2076 bytes  crc D1434F52  version 3_0  -> ps_2591_D1434F52.bin
[03:44:25] pixel  shader #2592   2208 bytes  crc 0FF181B6  version 3_0  -> ps_2592_0FF181B6.bin
[03:44:25] pixel  shader #2593   3360 bytes  crc C55499EF  version 3_0  -> ps_2593_C55499EF.bin
[03:44:25] pixel  shader #2594   1284 bytes  crc 2562C9DD  version 3_0  -> ps_2594_2562C9DD.bin
[03:44:25] pixel  shader #2595   5012 bytes  crc 3B79969D  version 3_0  -> ps_2595_3B79969D.bin
[03:44:25] pixel  shader #2596   2952 bytes  crc 1FC4CD34  version 3_0  -> ps_2596_1FC4CD34.bin
[03:44:25] pixel  shader #2597   2768 bytes  crc A38CC2A2  version 3_0  -> ps_2597_A38CC2A2.bin
[03:44:25] pixel  shader #2598   3024 bytes  crc 8BEDA389  version 3_0  -> ps_2598_8BEDA389.bin
[03:44:25] pixel  shader #2599   2936 bytes  crc 21A1434A  version 3_0  -> ps_2599_21A1434A.bin
[03:44:25] pixel  shader #2600   1356 bytes  crc B62EECFE  version 3_0  -> ps_2600_B62EECFE.bin
[03:44:25] pixel  shader #2601   3000 bytes  crc EB6E6ABB  version 3_0  -> ps_2601_EB6E6ABB.bin
[03:44:25] pixel  shader #2602   3164 bytes  crc FC95B0FB  version 3_0  -> ps_2602_FC95B0FB.bin
[03:44:25] pixel  shader #2603   2112 bytes  crc 778E29F3  version 3_0  -> ps_2603_778E29F3.bin
[03:44:25] pixel  shader #2604   2692 bytes  crc 61D8123F  version 3_0  -> ps_2604_61D8123F.bin
[03:44:25] pixel  shader #2605   3396 bytes  crc 2DC967E7  version 3_0  -> ps_2605_2DC967E7.bin
[03:44:25] pixel  shader #2606   2708 bytes  crc F529360F  version 3_0  -> ps_2606_F529360F.bin
[03:44:25] pixel  shader #2607   2596 bytes  crc 77558CF5  version 3_0  -> ps_2607_77558CF5.bin
[03:44:25] pixel  shader #2608   4172 bytes  crc DA01D958  version 3_0  -> ps_2608_DA01D958.bin
[03:44:25] pixel  shader #2609   2744 bytes  crc C6214A08  version 3_0  -> ps_2609_C6214A08.bin
[03:44:25] pixel  shader #2610    820 bytes  crc A43D3DAD  version 3_0  -> ps_2610_A43D3DAD.bin
[03:44:25] pixel  shader #2611   2608 bytes  crc 51D2DD3F  version 3_0  -> ps_2611_51D2DD3F.bin
[03:44:25] pixel  shader #2612   1464 bytes  crc C2234CD7  version 3_0  -> ps_2612_C2234CD7.bin
[03:44:25] pixel  shader #2613   1948 bytes  crc 1DF96A9B  version 3_0  -> ps_2613_1DF96A9B.bin
[03:44:25] pixel  shader #2614   2544 bytes  crc A15DC612  version 3_0  -> ps_2614_A15DC612.bin
[03:44:25] pixel  shader #2615   1900 bytes  crc 32AB2A44  version 3_0  -> ps_2615_32AB2A44.bin
[03:44:25] pixel  shader #2616   1992 bytes  crc DCD66401  version 3_0  -> ps_2616_DCD66401.bin
[03:44:25] pixel  shader #2617   3280 bytes  crc B32E7F29  version 3_0  -> ps_2617_B32E7F29.bin
[03:44:25] pixel  shader #2618   1816 bytes  crc C5D19904  version 3_0  -> ps_2618_C5D19904.bin
[03:44:25] pixel  shader #2619   1984 bytes  crc 7F04BB24  version 3_0  -> ps_2619_7F04BB24.bin
[03:44:25] pixel  shader #2620   2992 bytes  crc 4C29DA52  version 3_0  -> ps_2620_4C29DA52.bin
[03:44:25] pixel  shader #2621    784 bytes  crc A8F5BCD3  version 3_0  -> ps_2621_A8F5BCD3.bin
[03:44:25] pixel  shader #2622   1304 bytes  crc 46BB6884  version 3_0  -> ps_2622_46BB6884.bin
[03:44:25] pixel  shader #2623   2092 bytes  crc 26C0C0C4  version 3_0  -> ps_2623_26C0C0C4.bin
[03:44:25] pixel  shader #2624   1140 bytes  crc DC66451A  version 3_0  -> ps_2624_DC66451A.bin
[03:44:25] pixel  shader #2625   1500 bytes  crc 37E64BBD  version 3_0  -> ps_2625_37E64BBD.bin
[03:44:25] pixel  shader #2626   3788 bytes  crc 79F06B16  version 3_0  -> ps_2626_79F06B16.bin
[03:44:25] pixel  shader #2627   2152 bytes  crc E4C5771B  version 3_0  -> ps_2627_E4C5771B.bin
[03:44:25] pixel  shader #2628   2936 bytes  crc BA343D2C  version 3_0  -> ps_2628_BA343D2C.bin
[03:44:25] pixel  shader #2629   3416 bytes  crc E71EAA83  version 3_0  -> ps_2629_E71EAA83.bin
[03:44:25] pixel  shader #2630   2552 bytes  crc 7EB5E128  version 3_0  -> ps_2630_7EB5E128.bin
[03:44:25] pixel  shader #2631   2568 bytes  crc 43359824  version 3_0  -> ps_2631_43359824.bin
[03:44:25] pixel  shader #2632   2692 bytes  crc 629726BE  version 3_0  -> ps_2632_629726BE.bin
[03:44:25] pixel  shader #2633   2556 bytes  crc 8C5323A9  version 3_0  -> ps_2633_8C5323A9.bin
[03:44:25] pixel  shader #2634   3756 bytes  crc B1451857  version 3_0  -> ps_2634_B1451857.bin
[03:44:25] pixel  shader #2635   2568 bytes  crc BDC2B5E2  version 3_0  -> ps_2635_BDC2B5E2.bin
[03:44:25] pixel  shader #2636   3620 bytes  crc 3FB5B4EB  version 3_0  -> ps_2636_3FB5B4EB.bin
[03:44:25] pixel  shader #2637   2396 bytes  crc D669C1C9  version 3_0  -> ps_2637_D669C1C9.bin
[03:44:25] pixel  shader #2638   2460 bytes  crc CE3AD6FC  version 3_0  -> ps_2638_CE3AD6FC.bin
[03:44:25] pixel  shader #2639   1140 bytes  crc 573CAD7B  version 3_0  -> ps_2639_573CAD7B.bin
[03:44:25] pixel  shader #2640   2472 bytes  crc C6C67041  version 3_0  -> ps_2640_C6C67041.bin
[03:44:25] pixel  shader #2641   1368 bytes  crc 291A8BE2  version 3_0  -> ps_2641_291A8BE2.bin
[03:44:25] pixel  shader #2642   3572 bytes  crc 15C56C84  version 3_0  -> ps_2642_15C56C84.bin
[03:44:25] pixel  shader #2643   4020 bytes  crc 8A926F41  version 3_0  -> ps_2643_8A926F41.bin
[03:44:25] pixel  shader #2644   5808 bytes  crc AAD697AD  version 3_0  -> ps_2644_AAD697AD.bin
[03:44:25] pixel  shader #2645   2636 bytes  crc BD647157  version 3_0  -> ps_2645_BD647157.bin
[03:44:25] pixel  shader #2646   1344 bytes  crc 80F6EBFB  version 3_0  -> ps_2646_80F6EBFB.bin
[03:44:25] pixel  shader #2647   1356 bytes  crc A54A0FE9  version 3_0  -> ps_2647_A54A0FE9.bin
[03:44:25] pixel  shader #2648   2728 bytes  crc BF5CBB8D  version 3_0  -> ps_2648_BF5CBB8D.bin
[03:44:25] pixel  shader #2649   2296 bytes  crc ED4DC240  version 3_0  -> ps_2649_ED4DC240.bin
[03:44:25] pixel  shader #2650   1004 bytes  crc 003087E9  version 3_0  -> ps_2650_003087E9.bin
[03:44:25] pixel  shader #2651   2036 bytes  crc 407657F0  version 3_0  -> ps_2651_407657F0.bin
[03:44:25] pixel  shader #2652   3408 bytes  crc 5B2CEC60  version 3_0  -> ps_2652_5B2CEC60.bin
[03:44:25] pixel  shader #2653   2228 bytes  crc 7C166766  version 3_0  -> ps_2653_7C166766.bin
[03:44:25] pixel  shader #2654   1568 bytes  crc D7C7EC7F  version 3_0  -> ps_2654_D7C7EC7F.bin
[03:44:25] pixel  shader #2655   3756 bytes  crc 584DDEFD  version 3_0  -> ps_2655_584DDEFD.bin
[03:44:25] pixel  shader #2656   3888 bytes  crc C1876FE1  version 3_0  -> ps_2656_C1876FE1.bin
[03:44:25] pixel  shader #2657   3980 bytes  crc F0B1A34E  version 3_0  -> ps_2657_F0B1A34E.bin
[03:44:25] pixel  shader #2658   1604 bytes  crc 4DB6548C  version 3_0  -> ps_2658_4DB6548C.bin
[03:44:25] pixel  shader #2659   4512 bytes  crc 7ACDA9A8  version 3_0  -> ps_2659_7ACDA9A8.bin
[03:44:25] pixel  shader #2660   1852 bytes  crc 27287A6A  version 3_0  -> ps_2660_27287A6A.bin
[03:44:25] pixel  shader #2661   2664 bytes  crc 73406A7D  version 3_0  -> ps_2661_73406A7D.bin
[03:44:25] pixel  shader #2662   2600 bytes  crc 2F144F9A  version 3_0  -> ps_2662_2F144F9A.bin
[03:44:25] pixel  shader #2663   3720 bytes  crc C1A65D55  version 3_0  -> ps_2663_C1A65D55.bin
[03:44:25] pixel  shader #2664   4184 bytes  crc 59F54B95  version 3_0  -> ps_2664_59F54B95.bin
[03:44:25] pixel  shader #2665   1060 bytes  crc 9B204343  version 3_0  -> ps_2665_9B204343.bin
[03:44:25] pixel  shader #2666   2556 bytes  crc 0B1E6A9A  version 3_0  -> ps_2666_0B1E6A9A.bin
[03:44:25] pixel  shader #2667   2932 bytes  crc 9C847AA1  version 3_0  -> ps_2667_9C847AA1.bin
[03:44:25] pixel  shader #2668   2248 bytes  crc 63E4E135  version 3_0  -> ps_2668_63E4E135.bin
[03:44:25] pixel  shader #2669   1388 bytes  crc EC395B57  version 3_0  -> ps_2669_EC395B57.bin
[03:44:25] pixel  shader #2670   1060 bytes  crc 22C4C0F9  version 3_0  -> ps_2670_22C4C0F9.bin
[03:44:25] pixel  shader #2671   2084 bytes  crc 007038D3  version 3_0  -> ps_2671_007038D3.bin
[03:44:25] pixel  shader #2672   2172 bytes  crc EB7BE31D  version 3_0  -> ps_2672_EB7BE31D.bin
[03:44:25] pixel  shader #2673    816 bytes  crc 6BC26215  version 3_0  -> ps_2673_6BC26215.bin
[03:44:25] pixel  shader #2674   2448 bytes  crc 8F6E2DDE  version 3_0  -> ps_2674_8F6E2DDE.bin
[03:44:25] pixel  shader #2675   2732 bytes  crc D948F3C2  version 3_0  -> ps_2675_D948F3C2.bin
[03:44:25] pixel  shader #2676   2732 bytes  crc 82D50D01  version 3_0  -> ps_2676_82D50D01.bin
[03:44:25] pixel  shader #2677   2580 bytes  crc 3737D99D  version 3_0  -> ps_2677_3737D99D.bin
[03:44:25] pixel  shader #2678   1520 bytes  crc 10AA9255  version 3_0  -> ps_2678_10AA9255.bin
[03:44:25] pixel  shader #2679   5120 bytes  crc 3ACC3963  version 3_0  -> ps_2679_3ACC3963.bin
[03:44:25] pixel  shader #2680   1696 bytes  crc 3DCDC4B1  version 3_0  -> ps_2680_3DCDC4B1.bin
[03:44:25] pixel  shader #2681   1536 bytes  crc F938F481  version 3_0  -> ps_2681_F938F481.bin
[03:44:25] pixel  shader #2682   3012 bytes  crc 9661027E  version 3_0  -> ps_2682_9661027E.bin
[03:44:25] pixel  shader #2683   3248 bytes  crc 5BDB1611  version 3_0  -> ps_2683_5BDB1611.bin
[03:44:25] pixel  shader #2684   1664 bytes  crc 427A0D7D  version 3_0  -> ps_2684_427A0D7D.bin
[03:44:25] pixel  shader #2685   3212 bytes  crc 0830973F  version 3_0  -> ps_2685_0830973F.bin
[03:44:25] pixel  shader #2686   2056 bytes  crc 61268475  version 3_0  -> ps_2686_61268475.bin
[03:44:25] pixel  shader #2687   2888 bytes  crc 9F7964FC  version 3_0  -> ps_2687_9F7964FC.bin
[03:44:25] pixel  shader #2688   2380 bytes  crc 82D642C4  version 3_0  -> ps_2688_82D642C4.bin
[03:44:25] pixel  shader #2689   2596 bytes  crc 3140357A  version 3_0  -> ps_2689_3140357A.bin
[03:44:25] pixel  shader #2690   1800 bytes  crc 80F9A14C  version 3_0  -> ps_2690_80F9A14C.bin
[03:44:25] pixel  shader #2691    608 bytes  crc F9F6DFB6  version 3_0  -> ps_2691_F9F6DFB6.bin
[03:44:25] pixel  shader #2692   2616 bytes  crc E22E0E89  version 3_0  -> ps_2692_E22E0E89.bin
[03:44:25] pixel  shader #2693   1716 bytes  crc E7266E80  version 3_0  -> ps_2693_E7266E80.bin
[03:44:25] pixel  shader #2694   3632 bytes  crc B47AF27C  version 3_0  -> ps_2694_B47AF27C.bin
[03:44:25] pixel  shader #2695   3020 bytes  crc 3DF7823C  version 3_0  -> ps_2695_3DF7823C.bin
[03:44:25] pixel  shader #2696   1976 bytes  crc CF27CFBA  version 3_0  -> ps_2696_CF27CFBA.bin
[03:44:25] pixel  shader #2697   1472 bytes  crc 794524BC  version 3_0  -> ps_2697_794524BC.bin
[03:44:25] pixel  shader #2698   2144 bytes  crc F59E6E79  version 3_0  -> ps_2698_F59E6E79.bin
[03:44:25] pixel  shader #2699   2492 bytes  crc 45EB7771  version 3_0  -> ps_2699_45EB7771.bin
[03:44:25] pixel  shader #2700   2936 bytes  crc 5B1995A3  version 3_0  -> ps_2700_5B1995A3.bin
[03:44:25] pixel  shader #2701    952 bytes  crc EB4ABB35  version 3_0  -> ps_2701_EB4ABB35.bin
[03:44:25] pixel  shader #2702   2528 bytes  crc B16FC954  version 3_0  -> ps_2702_B16FC954.bin
[03:44:25] pixel  shader #2703   2872 bytes  crc 27DDD1DD  version 3_0  -> ps_2703_27DDD1DD.bin
[03:44:25] pixel  shader #2704   2560 bytes  crc 2B439241  version 3_0  -> ps_2704_2B439241.bin
[03:44:25] pixel  shader #2705   5208 bytes  crc BCFB60FC  version 3_0  -> ps_2705_BCFB60FC.bin
[03:44:25] pixel  shader #2706   1676 bytes  crc A62439D0  version 3_0  -> ps_2706_A62439D0.bin
[03:44:25] pixel  shader #2707   4352 bytes  crc 06678DB0  version 3_0  -> ps_2707_06678DB0.bin
[03:44:25] pixel  shader #2708   1016 bytes  crc 8D0C4B52  version 3_0  -> ps_2708_8D0C4B52.bin
[03:44:25] pixel  shader #2709   1704 bytes  crc B23C9C25  version 3_0  -> ps_2709_B23C9C25.bin
[03:44:25] pixel  shader #2710   2576 bytes  crc EF3377DF  version 3_0  -> ps_2710_EF3377DF.bin
[03:44:25] pixel  shader #2711   1600 bytes  crc 83943A1A  version 3_0  -> ps_2711_83943A1A.bin
[03:44:25] pixel  shader #2712   2180 bytes  crc 02D0DADA  version 3_0  -> ps_2712_02D0DADA.bin
[03:44:25] pixel  shader #2713   2076 bytes  crc 53D986B5  version 3_0  -> ps_2713_53D986B5.bin
[03:44:25] pixel  shader #2714   1532 bytes  crc BD72BCF5  version 3_0  -> ps_2714_BD72BCF5.bin
[03:44:25] pixel  shader #2715   1616 bytes  crc 4024F8C3  version 3_0  -> ps_2715_4024F8C3.bin
[03:44:25] pixel  shader #2716   3296 bytes  crc 024A40CB  version 3_0  -> ps_2716_024A40CB.bin
[03:44:25] pixel  shader #2717   2520 bytes  crc 32FBC312  version 3_0  -> ps_2717_32FBC312.bin
[03:44:25] pixel  shader #2718   3392 bytes  crc 03B6CD9C  version 3_0  -> ps_2718_03B6CD9C.bin
[03:44:25] pixel  shader #2719   2980 bytes  crc B1815C0D  version 3_0  -> ps_2719_B1815C0D.bin
[03:44:25] pixel  shader #2720   1068 bytes  crc CD17D654  version 3_0  -> ps_2720_CD17D654.bin
[03:44:25] pixel  shader #2721   3084 bytes  crc 19A6CCF6  version 3_0  -> ps_2721_19A6CCF6.bin
[03:44:25] pixel  shader #2722   4128 bytes  crc 07E14133  version 3_0  -> ps_2722_07E14133.bin
[03:44:25] pixel  shader #2723   1676 bytes  crc 26CCFFED  version 3_0  -> ps_2723_26CCFFED.bin
[03:44:25] pixel  shader #2724   1892 bytes  crc BA2EDAD3  version 3_0  -> ps_2724_BA2EDAD3.bin
[03:44:25] pixel  shader #2725   1548 bytes  crc DFE7B902  version 3_0  -> ps_2725_DFE7B902.bin
[03:44:25] pixel  shader #2726   2332 bytes  crc E3ECE91E  version 3_0  -> ps_2726_E3ECE91E.bin
[03:44:25] pixel  shader #2727    532 bytes  crc 06EBE832  version 3_0  -> ps_2727_06EBE832.bin
[03:44:25] pixel  shader #2728   2276 bytes  crc 66B0495B  version 3_0  -> ps_2728_66B0495B.bin
[03:44:25] pixel  shader #2729   1028 bytes  crc 54DCCA85  version 3_0  -> ps_2729_54DCCA85.bin
[03:44:25] pixel  shader #2730   2904 bytes  crc 03A52C9D  version 3_0  -> ps_2730_03A52C9D.bin
[03:44:25] pixel  shader #2731   2796 bytes  crc 5F50B2ED  version 3_0  -> ps_2731_5F50B2ED.bin
[03:44:25] pixel  shader #2732   1264 bytes  crc 48BB7696  version 3_0  -> ps_2732_48BB7696.bin
[03:44:25] pixel  shader #2733   1932 bytes  crc 09E00F70  version 3_0  -> ps_2733_09E00F70.bin
[03:44:25] pixel  shader #2734   2364 bytes  crc 2771C5CD  version 3_0  -> ps_2734_2771C5CD.bin
[03:44:25] pixel  shader #2735   1564 bytes  crc 0853C83C  version 3_0  -> ps_2735_0853C83C.bin
[03:44:25] pixel  shader #2736   2536 bytes  crc 5809132E  version 3_0  -> ps_2736_5809132E.bin
[03:44:25] pixel  shader #2737   1808 bytes  crc 38DF3F5C  version 3_0  -> ps_2737_38DF3F5C.bin
[03:44:25] pixel  shader #2738   2384 bytes  crc F312CB95  version 3_0  -> ps_2738_F312CB95.bin
[03:44:25] pixel  shader #2739   3152 bytes  crc 83C68024  version 3_0  -> ps_2739_83C68024.bin
[03:44:25] pixel  shader #2740   5928 bytes  crc E49398D0  version 3_0  -> ps_2740_E49398D0.bin
[03:44:25] pixel  shader #2741   3896 bytes  crc D4FDFB92  version 3_0  -> ps_2741_D4FDFB92.bin
[03:44:25] pixel  shader #2742   1620 bytes  crc 536CE90F  version 3_0  -> ps_2742_536CE90F.bin
[03:44:25] pixel  shader #2743    952 bytes  crc EE404085  version 3_0  -> ps_2743_EE404085.bin
[03:44:25] pixel  shader #2744    716 bytes  crc 24F172B9  version 3_0  -> ps_2744_24F172B9.bin
[03:44:25] pixel  shader #2745   2384 bytes  crc 5899A947  version 3_0  -> ps_2745_5899A947.bin
[03:44:25] pixel  shader #2746   5480 bytes  crc 5FC2A25D  version 3_0  -> ps_2746_5FC2A25D.bin
[03:44:25] pixel  shader #2747   2216 bytes  crc 2A0A44D0  version 3_0  -> ps_2747_2A0A44D0.bin
[03:44:25] pixel  shader #2748    684 bytes  crc 4F725849  version 3_0  -> ps_2748_4F725849.bin
[03:44:25] pixel  shader #2749   1776 bytes  crc B3A4D1C3  version 3_0  -> ps_2749_B3A4D1C3.bin
[03:44:25] pixel  shader #2750   1524 bytes  crc 6F477288  version 3_0  -> ps_2750_6F477288.bin
[03:44:25] pixel  shader #2751    692 bytes  crc A68AC559  version 3_0  -> ps_2751_A68AC559.bin
[03:44:25] pixel  shader #2752   1764 bytes  crc 14F06ADC  version 3_0  -> ps_2752_14F06ADC.bin
[03:44:25] pixel  shader #2753   2100 bytes  crc 6AD346EA  version 3_0  -> ps_2753_6AD346EA.bin
[03:44:25] pixel  shader #2754   2448 bytes  crc CC4E1A50  version 3_0  -> ps_2754_CC4E1A50.bin
[03:44:25] pixel  shader #2755   2440 bytes  crc B0D682D8  version 3_0  -> ps_2755_B0D682D8.bin
[03:44:25] pixel  shader #2756   3628 bytes  crc 329D03F2  version 3_0  -> ps_2756_329D03F2.bin
[03:44:25] pixel  shader #2757   2552 bytes  crc 2180E0EB  version 3_0  -> ps_2757_2180E0EB.bin
[03:44:25] pixel  shader #2758    848 bytes  crc 975FEBF5  version 3_0  -> ps_2758_975FEBF5.bin
[03:44:25] pixel  shader #2759    396 bytes  crc 1BA8C49D  version 3_0  -> ps_2759_1BA8C49D.bin
[03:44:25] pixel  shader #2760   1880 bytes  crc 658BBD4C  version 3_0  -> ps_2760_658BBD4C.bin
[03:44:25] pixel  shader #2761   2424 bytes  crc 17839A5D  version 3_0  -> ps_2761_17839A5D.bin
[03:44:25] pixel  shader #2762    772 bytes  crc D6732D17  version 3_0  -> ps_2762_D6732D17.bin
[03:44:25] pixel  shader #2763   2240 bytes  crc 32D1B28B  version 3_0  -> ps_2763_32D1B28B.bin
[03:44:25] pixel  shader #2764   2724 bytes  crc 842DDBE7  version 3_0  -> ps_2764_842DDBE7.bin
[03:44:25] pixel  shader #2765   2036 bytes  crc 651F6051  version 3_0  -> ps_2765_651F6051.bin
[03:44:25] pixel  shader #2766   2804 bytes  crc 88286E49  version 3_0  -> ps_2766_88286E49.bin
[03:44:25] pixel  shader #2767   2156 bytes  crc 36C598D2  version 3_0  -> ps_2767_36C598D2.bin
[03:44:25] pixel  shader #2768   2532 bytes  crc A7D5192B  version 3_0  -> ps_2768_A7D5192B.bin
[03:44:25] pixel  shader #2769    284 bytes  crc F45120D0  version 3_0  -> ps_2769_F45120D0.bin
[03:44:25] pixel  shader #2770   3708 bytes  crc DEF584B2  version 3_0  -> ps_2770_DEF584B2.bin
[03:44:25] pixel  shader #2771   2616 bytes  crc AC9D0D10  version 3_0  -> ps_2771_AC9D0D10.bin
[03:44:25] pixel  shader #2772   3388 bytes  crc 61D7C569  version 3_0  -> ps_2772_61D7C569.bin
[03:44:25] pixel  shader #2773   4072 bytes  crc B7E3EC60  version 3_0  -> ps_2773_B7E3EC60.bin
[03:44:25] pixel  shader #2774   1776 bytes  crc E25B75DA  version 3_0  -> ps_2774_E25B75DA.bin
[03:44:25] pixel  shader #2775   2816 bytes  crc 0E101A1E  version 3_0  -> ps_2775_0E101A1E.bin
[03:44:25] pixel  shader #2776   2652 bytes  crc 126294B4  version 3_0  -> ps_2776_126294B4.bin
[03:44:25] pixel  shader #2777   2732 bytes  crc 0C4CE887  version 3_0  -> ps_2777_0C4CE887.bin
[03:44:25] pixel  shader #2778   4588 bytes  crc 06E8E13A  version 3_0  -> ps_2778_06E8E13A.bin
[03:44:25] pixel  shader #2779   2880 bytes  crc 96ECC71C  version 3_0  -> ps_2779_96ECC71C.bin
[03:44:25] pixel  shader #2780   4168 bytes  crc AE854421  version 3_0  -> ps_2780_AE854421.bin
[03:44:25] pixel  shader #2781   2000 bytes  crc 964F22D8  version 3_0  -> ps_2781_964F22D8.bin
[03:44:25] pixel  shader #2782   1672 bytes  crc 563307C9  version 3_0  -> ps_2782_563307C9.bin
[03:44:25] pixel  shader #2783   2636 bytes  crc 6F40BC90  version 3_0  -> ps_2783_6F40BC90.bin
[03:44:25] pixel  shader #2784   2164 bytes  crc EBE4789F  version 3_0  -> ps_2784_EBE4789F.bin
[03:44:25] pixel  shader #2785   3832 bytes  crc 3B6F3B3A  version 3_0  -> ps_2785_3B6F3B3A.bin
[03:44:25] pixel  shader #2786   3184 bytes  crc C5EFDAEC  version 3_0  -> ps_2786_C5EFDAEC.bin
[03:44:25] pixel  shader #2787   1524 bytes  crc C417365D  version 3_0  -> ps_2787_C417365D.bin
[03:44:25] pixel  shader #2788   2388 bytes  crc E4D1F069  version 3_0  -> ps_2788_E4D1F069.bin
[03:44:25] pixel  shader #2789   1864 bytes  crc 2767686F  version 3_0  -> ps_2789_2767686F.bin
[03:44:25] pixel  shader #2790   2036 bytes  crc 3A840FCF  version 3_0  -> ps_2790_3A840FCF.bin
[03:44:25] pixel  shader #2791   1124 bytes  crc A9DF21D6  version 3_0  -> ps_2791_A9DF21D6.bin
[03:44:25] pixel  shader #2792   3784 bytes  crc E4B7E213  version 3_0  -> ps_2792_E4B7E213.bin
[03:44:25] pixel  shader #2793   3864 bytes  crc 53A62C9F  version 3_0  -> ps_2793_53A62C9F.bin
[03:44:25] pixel  shader #2794   2348 bytes  crc E9BEAE2B  version 3_0  -> ps_2794_E9BEAE2B.bin
[03:44:25] pixel  shader #2795   1156 bytes  crc A63D8415  version 3_0  -> ps_2795_A63D8415.bin
[03:44:25] pixel  shader #2796   2016 bytes  crc 96236C52  version 3_0  -> ps_2796_96236C52.bin
[03:44:25] pixel  shader #2797   2780 bytes  crc 82545CE7  version 3_0  -> ps_2797_82545CE7.bin
[03:44:25] pixel  shader #2798   2160 bytes  crc 51CF8C77  version 3_0  -> ps_2798_51CF8C77.bin
[03:44:25] pixel  shader #2799   1716 bytes  crc 263B1C12  version 3_0  -> ps_2799_263B1C12.bin
[03:44:25] pixel  shader #2800    476 bytes  crc 6F7574F2  version 3_0  -> ps_2800_6F7574F2.bin
[03:44:25] pixel  shader #2801   2792 bytes  crc 8F7BDC2D  version 3_0  -> ps_2801_8F7BDC2D.bin
[03:44:25] pixel  shader #2802   3200 bytes  crc 8995A612  version 3_0  -> ps_2802_8995A612.bin
[03:44:25] pixel  shader #2803   2612 bytes  crc 8FA60C6B  version 3_0  -> ps_2803_8FA60C6B.bin
[03:44:25] pixel  shader #2804   2376 bytes  crc 9BA41439  version 3_0  -> ps_2804_9BA41439.bin
[03:44:25] pixel  shader #2805   2752 bytes  crc 4967CFC9  version 3_0  -> ps_2805_4967CFC9.bin
[03:44:25] pixel  shader #2806   2216 bytes  crc 76C435C2  version 3_0  -> ps_2806_76C435C2.bin
[03:44:25] pixel  shader #2807   2544 bytes  crc F4EE2CA4  version 3_0  -> ps_2807_F4EE2CA4.bin
[03:44:25] pixel  shader #2808   1788 bytes  crc CEC81671  version 3_0  -> ps_2808_CEC81671.bin
[03:44:25] pixel  shader #2809   2220 bytes  crc 8CDE5002  version 3_0  -> ps_2809_8CDE5002.bin
[03:44:25] pixel  shader #2810   3192 bytes  crc 5648968E  version 3_0  -> ps_2810_5648968E.bin
[03:44:25] pixel  shader #2811   2324 bytes  crc A06F6FD1  version 3_0  -> ps_2811_A06F6FD1.bin
[03:44:25] pixel  shader #2812   1112 bytes  crc 27D4E838  version 3_0  -> ps_2812_27D4E838.bin
[03:44:25] pixel  shader #2813   2952 bytes  crc 34069DDB  version 3_0  -> ps_2813_34069DDB.bin
[03:44:25] pixel  shader #2814   1676 bytes  crc 04274132  version 3_0  -> ps_2814_04274132.bin
[03:44:25] pixel  shader #2815   3912 bytes  crc C0502474  version 3_0  -> ps_2815_C0502474.bin
[03:44:25] pixel  shader #2816   3296 bytes  crc 5AEE922C  version 3_0  -> ps_2816_5AEE922C.bin
[03:44:25] pixel  shader #2817   1920 bytes  crc E00E2EDA  version 3_0  -> ps_2817_E00E2EDA.bin
[03:44:25] pixel  shader #2818   1728 bytes  crc 05BE6E3C  version 3_0  -> ps_2818_05BE6E3C.bin
[03:44:25] pixel  shader #2819   2512 bytes  crc 99AB1FBC  version 3_0  -> ps_2819_99AB1FBC.bin
[03:44:25] pixel  shader #2820    796 bytes  crc 3D86A241  version 3_0  -> ps_2820_3D86A241.bin
[03:44:25] pixel  shader #2821   2732 bytes  crc DB23983F  version 3_0  -> ps_2821_DB23983F.bin
[03:44:25] pixel  shader #2822   2272 bytes  crc AE33CFFF  version 3_0  -> ps_2822_AE33CFFF.bin
[03:44:25] pixel  shader #2823   1708 bytes  crc 94A48A9D  version 3_0  -> ps_2823_94A48A9D.bin
[03:44:25] pixel  shader #2824   2500 bytes  crc 3B0AB8CB  version 3_0  -> ps_2824_3B0AB8CB.bin
[03:44:25] pixel  shader #2825   2952 bytes  crc D8282FF8  version 3_0  -> ps_2825_D8282FF8.bin
[03:44:25] pixel  shader #2826   1736 bytes  crc B3475B78  version 3_0  -> ps_2826_B3475B78.bin
[03:44:25] pixel  shader #2827   2112 bytes  crc 3C080687  version 3_0  -> ps_2827_3C080687.bin
[03:44:25] pixel  shader #2828   1448 bytes  crc 34DB2BB6  version 3_0  -> ps_2828_34DB2BB6.bin
[03:44:25] pixel  shader #2829   2284 bytes  crc 4BBBAF26  version 3_0  -> ps_2829_4BBBAF26.bin
[03:44:25] pixel  shader #2830   2216 bytes  crc 267A2F7A  version 3_0  -> ps_2830_267A2F7A.bin
[03:44:25] pixel  shader #2831   2736 bytes  crc 1EE55FE9  version 3_0  -> ps_2831_1EE55FE9.bin
[03:44:25] pixel  shader #2832   1672 bytes  crc 42C702A6  version 3_0  -> ps_2832_42C702A6.bin
[03:44:25] pixel  shader #2833   2180 bytes  crc 5EC26F0D  version 3_0  -> ps_2833_5EC26F0D.bin
[03:44:25] pixel  shader #2834   3168 bytes  crc B549CFA4  version 3_0  -> ps_2834_B549CFA4.bin
[03:44:25] pixel  shader #2835   1384 bytes  crc 11F76FFF  version 3_0  -> ps_2835_11F76FFF.bin
[03:44:25] pixel  shader #2836   2952 bytes  crc 171443A1  version 3_0  -> ps_2836_171443A1.bin
[03:44:25] pixel  shader #2837   2892 bytes  crc E60D48B4  version 3_0  -> ps_2837_E60D48B4.bin
[03:44:25] pixel  shader #2838   2980 bytes  crc D8BC158D  version 3_0  -> ps_2838_D8BC158D.bin
[03:44:25] pixel  shader #2839   1456 bytes  crc 77B7C101  version 3_0  -> ps_2839_77B7C101.bin
[03:44:25] pixel  shader #2840   1240 bytes  crc B4B91C40  version 3_0  -> ps_2840_B4B91C40.bin
[03:44:25] pixel  shader #2841   1860 bytes  crc 97B2066D  version 3_0  -> ps_2841_97B2066D.bin
[03:44:25] pixel  shader #2842   2340 bytes  crc CC83E42F  version 3_0  -> ps_2842_CC83E42F.bin
[03:44:25] pixel  shader #2843   1544 bytes  crc 2EAED6BC  version 3_0  -> ps_2843_2EAED6BC.bin
[03:44:25] pixel  shader #2844   2348 bytes  crc 5E68FE81  version 3_0  -> ps_2844_5E68FE81.bin
[03:44:25] pixel  shader #2845   2348 bytes  crc 1C472D63  version 3_0  -> ps_2845_1C472D63.bin
[03:44:25] pixel  shader #2846   3292 bytes  crc 4D6B8325  version 3_0  -> ps_2846_4D6B8325.bin
[03:44:25] pixel  shader #2847   2520 bytes  crc 62D21378  version 3_0  -> ps_2847_62D21378.bin
[03:44:25] pixel  shader #2848   1136 bytes  crc 918BD978  version 3_0  -> ps_2848_918BD978.bin
[03:44:25] pixel  shader #2849   2888 bytes  crc 8D0A9ECC  version 3_0  -> ps_2849_8D0A9ECC.bin
[03:44:25] pixel  shader #2850   2484 bytes  crc 83C81301  version 3_0  -> ps_2850_83C81301.bin
[03:44:25] pixel  shader #2851   2872 bytes  crc 5E74D7DC  version 3_0  -> ps_2851_5E74D7DC.bin
[03:44:25] pixel  shader #2852   1960 bytes  crc 40E155FB  version 3_0  -> ps_2852_40E155FB.bin
[03:44:25] pixel  shader #2853   3220 bytes  crc 13D5597E  version 3_0  -> ps_2853_13D5597E.bin
[03:44:25] pixel  shader #2854   1664 bytes  crc 061EFB7F  version 3_0  -> ps_2854_061EFB7F.bin
[03:44:25] pixel  shader #2855   2220 bytes  crc 0B8F5356  version 3_0  -> ps_2855_0B8F5356.bin
[03:44:25] pixel  shader #2856   1620 bytes  crc 53BF6291  version 3_0  -> ps_2856_53BF6291.bin
[03:44:25] pixel  shader #2857   2368 bytes  crc A0DDF90A  version 3_0  -> ps_2857_A0DDF90A.bin
[03:44:25] pixel  shader #2858   2280 bytes  crc D8E46B1A  version 3_0  -> ps_2858_D8E46B1A.bin
[03:44:25] pixel  shader #2859   1484 bytes  crc E370141D  version 3_0  -> ps_2859_E370141D.bin
[03:44:25] pixel  shader #2860   1916 bytes  crc 207D5140  version 3_0  -> ps_2860_207D5140.bin
[03:44:25] pixel  shader #2861   3092 bytes  crc AEB0C200  version 3_0  -> ps_2861_AEB0C200.bin
[03:44:25] pixel  shader #2862   1804 bytes  crc ABBBF544  version 3_0  -> ps_2862_ABBBF544.bin
[03:44:25] pixel  shader #2863   1816 bytes  crc 2DF013D3  version 3_0  -> ps_2863_2DF013D3.bin
[03:44:25] pixel  shader #2864   4452 bytes  crc A236270B  version 3_0  -> ps_2864_A236270B.bin
[03:44:25] pixel  shader #2865   3388 bytes  crc 148D7F1A  version 3_0  -> ps_2865_148D7F1A.bin
[03:44:25] pixel  shader #2866   2472 bytes  crc 85192A8B  version 3_0  -> ps_2866_85192A8B.bin
[03:44:25] pixel  shader #2867   1216 bytes  crc 2262933E  version 3_0  -> ps_2867_2262933E.bin
[03:44:25] pixel  shader #2868   1312 bytes  crc 6FA817F6  version 3_0  -> ps_2868_6FA817F6.bin
[03:44:25] pixel  shader #2869   2584 bytes  crc 6D780719  version 3_0  -> ps_2869_6D780719.bin
[03:44:25] pixel  shader #2870   1740 bytes  crc 0F96A874  version 3_0  -> ps_2870_0F96A874.bin
[03:44:25] pixel  shader #2871    772 bytes  crc 24D353EF  version 3_0  -> ps_2871_24D353EF.bin
[03:44:25] pixel  shader #2872   1024 bytes  crc 035F1930  version 3_0  -> ps_2872_035F1930.bin
[03:44:25] pixel  shader #2873    628 bytes  crc B5AF913B  version 3_0  -> ps_2873_B5AF913B.bin
[03:44:25] pixel  shader #2874    616 bytes  crc 25EB8C9D  version 3_0  -> ps_2874_25EB8C9D.bin
[03:44:25] pixel  shader #2875   1364 bytes  crc 8F8E224F  version 3_0  -> ps_2875_8F8E224F.bin
[03:44:25] pixel  shader #2876   2316 bytes  crc 18962B46  version 3_0  -> ps_2876_18962B46.bin
[03:44:25] pixel  shader #2877   1024 bytes  crc 119BFC44  version 3_0  -> ps_2877_119BFC44.bin
[03:44:25] pixel  shader #2878    932 bytes  crc 9480DABE  version 3_0  -> ps_2878_9480DABE.bin
[03:44:25] pixel  shader #2879   1500 bytes  crc 86AB7660  version 3_0  -> ps_2879_86AB7660.bin
[03:44:25] pixel  shader #2880   3048 bytes  crc D76E6676  version 3_0  -> ps_2880_D76E6676.bin
[03:44:25] pixel  shader #2881   1084 bytes  crc B67CE1F8  version 3_0  -> ps_2881_B67CE1F8.bin
[03:44:25] pixel  shader #2882   2532 bytes  crc 695ACA8A  version 3_0  -> ps_2882_695ACA8A.bin
[03:44:25] pixel  shader #2883   3036 bytes  crc A7DCDB72  version 3_0  -> ps_2883_A7DCDB72.bin
[03:44:25] pixel  shader #2884   2016 bytes  crc A2A12B07  version 3_0  -> ps_2884_A2A12B07.bin
[03:44:25] pixel  shader #2885   4380 bytes  crc 20D5426E  version 3_0  -> ps_2885_20D5426E.bin
[03:44:25] pixel  shader #2886   1488 bytes  crc FB45E5F7  version 3_0  -> ps_2886_FB45E5F7.bin
[03:44:25] pixel  shader #2887   1432 bytes  crc 53FA7E11  version 3_0  -> ps_2887_53FA7E11.bin
[03:44:25] pixel  shader #2888   2620 bytes  crc E4C64D37  version 3_0  -> ps_2888_E4C64D37.bin
[03:44:25] pixel  shader #2889   3500 bytes  crc FC400DD5  version 3_0  -> ps_2889_FC400DD5.bin
[03:44:25] pixel  shader #2890   3016 bytes  crc 7BB4943B  version 3_0  -> ps_2890_7BB4943B.bin
[03:44:25] pixel  shader #2891   2736 bytes  crc 32EC827A  version 3_0  -> ps_2891_32EC827A.bin
[03:44:25] pixel  shader #2892   2572 bytes  crc 9AE9D30B  version 3_0  -> ps_2892_9AE9D30B.bin
[03:44:25] pixel  shader #2893   3224 bytes  crc 61788279  version 3_0  -> ps_2893_61788279.bin
[03:44:25] pixel  shader #2894   1876 bytes  crc C8B1D85F  version 3_0  -> ps_2894_C8B1D85F.bin
[03:44:25] pixel  shader #2895   3356 bytes  crc 96D73AFC  version 3_0  -> ps_2895_96D73AFC.bin
[03:44:25] pixel  shader #2896   2656 bytes  crc D0AB8E3E  version 3_0  -> ps_2896_D0AB8E3E.bin
[03:44:25] pixel  shader #2897   2736 bytes  crc 74306FED  version 3_0  -> ps_2897_74306FED.bin
[03:44:25] pixel  shader #2898   2188 bytes  crc 75F81F89  version 3_0  -> ps_2898_75F81F89.bin
[03:44:25] pixel  shader #2899   2432 bytes  crc C8F81B4C  version 3_0  -> ps_2899_C8F81B4C.bin
[03:44:25] pixel  shader #2900   2608 bytes  crc 95A9ABE9  version 3_0  -> ps_2900_95A9ABE9.bin
[03:44:25] pixel  shader #2901   2832 bytes  crc FB3B3C1C  version 3_0  -> ps_2901_FB3B3C1C.bin
[03:44:25] pixel  shader #2902    988 bytes  crc 1FBBE86B  version 3_0  -> ps_2902_1FBBE86B.bin
[03:44:25] pixel  shader #2903   2252 bytes  crc 45119247  version 3_0  -> ps_2903_45119247.bin
[03:44:25] pixel  shader #2904   2832 bytes  crc 2AD1F35F  version 3_0  -> ps_2904_2AD1F35F.bin
[03:44:25] pixel  shader #2905   2588 bytes  crc 7607F6E5  version 3_0  -> ps_2905_7607F6E5.bin
[03:44:25] pixel  shader #2906   1704 bytes  crc 7D47918A  version 3_0  -> ps_2906_7D47918A.bin
[03:44:25] pixel  shader #2907   2600 bytes  crc B6D608DE  version 3_0  -> ps_2907_B6D608DE.bin
[03:44:25] pixel  shader #2908   4624 bytes  crc 8432781C  version 3_0  -> ps_2908_8432781C.bin
[03:44:25] pixel  shader #2909   4232 bytes  crc CCD19E31  version 3_0  -> ps_2909_CCD19E31.bin
[03:44:25] pixel  shader #2910   1184 bytes  crc B1ABA1DF  version 3_0  -> ps_2910_B1ABA1DF.bin
[03:44:25] pixel  shader #2911   2364 bytes  crc C5CED8C1  version 3_0  -> ps_2911_C5CED8C1.bin
[03:44:25] pixel  shader #2912   1952 bytes  crc 28E518B1  version 3_0  -> ps_2912_28E518B1.bin
[03:44:25] pixel  shader #2913   2684 bytes  crc 55D2F02C  version 3_0  -> ps_2913_55D2F02C.bin
[03:44:25] pixel  shader #2914    640 bytes  crc DA7F67E4  version 3_0  -> ps_2914_DA7F67E4.bin
[03:44:25] pixel  shader #2915   3312 bytes  crc B61EE142  version 3_0  -> ps_2915_B61EE142.bin
[03:44:25] pixel  shader #2916   2200 bytes  crc 5FB398E1  version 3_0  -> ps_2916_5FB398E1.bin
[03:44:25] pixel  shader #2917    720 bytes  crc ED06E839  version 3_0  -> ps_2917_ED06E839.bin
[03:44:25] pixel  shader #2918   2560 bytes  crc 20A8299E  version 3_0  -> ps_2918_20A8299E.bin
[03:44:25] pixel  shader #2919   2396 bytes  crc D039F369  version 3_0  -> ps_2919_D039F369.bin
[03:44:25] pixel  shader #2920   3100 bytes  crc 689F43FC  version 3_0  -> ps_2920_689F43FC.bin
[03:44:25] pixel  shader #2921   2480 bytes  crc 8B9038B9  version 3_0  -> ps_2921_8B9038B9.bin
[03:44:25] pixel  shader #2922   1316 bytes  crc 8B9645B4  version 3_0  -> ps_2922_8B9645B4.bin
[03:44:25] pixel  shader #2923   2828 bytes  crc F7515800  version 3_0  -> ps_2923_F7515800.bin
[03:44:25] pixel  shader #2924   1128 bytes  crc 78455F09  version 3_0  -> ps_2924_78455F09.bin
[03:44:25] pixel  shader #2925   3544 bytes  crc 9868C043  version 3_0  -> ps_2925_9868C043.bin
[03:44:25] pixel  shader #2926   1112 bytes  crc B0FD8A63  version 3_0  -> ps_2926_B0FD8A63.bin
[03:44:25] pixel  shader #2927   1772 bytes  crc B7240824  version 3_0  -> ps_2927_B7240824.bin
[03:44:25] pixel  shader #2928   1576 bytes  crc 465F8273  version 3_0  -> ps_2928_465F8273.bin
[03:44:25] pixel  shader #2929   1260 bytes  crc 4B9E4A7E  version 3_0  -> ps_2929_4B9E4A7E.bin
[03:44:25] pixel  shader #2930   2628 bytes  crc 4AEE2028  version 3_0  -> ps_2930_4AEE2028.bin
[03:44:25] pixel  shader #2931   2488 bytes  crc 581E54BA  version 3_0  -> ps_2931_581E54BA.bin
[03:44:25] pixel  shader #2932   1348 bytes  crc 6C0653FA  version 3_0  -> ps_2932_6C0653FA.bin
[03:44:25] pixel  shader #2933   3348 bytes  crc C81A6C26  version 3_0  -> ps_2933_C81A6C26.bin
[03:44:25] pixel  shader #2934   2088 bytes  crc 20A7A659  version 3_0  -> ps_2934_20A7A659.bin
[03:44:25] pixel  shader #2935   2380 bytes  crc 9B7047EE  version 3_0  -> ps_2935_9B7047EE.bin
[03:44:25] pixel  shader #2936   1896 bytes  crc DA0F3791  version 3_0  -> ps_2936_DA0F3791.bin
[03:44:25] pixel  shader #2937   3260 bytes  crc EFE707B1  version 3_0  -> ps_2937_EFE707B1.bin
[03:44:25] pixel  shader #2938   3984 bytes  crc 318E5076  version 3_0  -> ps_2938_318E5076.bin
[03:44:25] pixel  shader #2939   1656 bytes  crc CDAADD93  version 3_0  -> ps_2939_CDAADD93.bin
[03:44:25] pixel  shader #2940   4316 bytes  crc 2563C2CF  version 3_0  -> ps_2940_2563C2CF.bin
[03:44:25] pixel  shader #2941   1520 bytes  crc 95002DB1  version 3_0  -> ps_2941_95002DB1.bin
[03:44:25] pixel  shader #2942   1568 bytes  crc 18715876  version 3_0  -> ps_2942_18715876.bin
[03:44:25] pixel  shader #2943   4544 bytes  crc ABF50384  version 3_0  -> ps_2943_ABF50384.bin
[03:44:25] pixel  shader #2944   1448 bytes  crc 2EC1C7FD  version 3_0  -> ps_2944_2EC1C7FD.bin
[03:44:25] pixel  shader #2945   1860 bytes  crc B44136E1  version 3_0  -> ps_2945_B44136E1.bin
[03:44:25] pixel  shader #2946   3140 bytes  crc 31FB2B6F  version 3_0  -> ps_2946_31FB2B6F.bin
[03:44:25] pixel  shader #2947   2828 bytes  crc C821A612  version 3_0  -> ps_2947_C821A612.bin
[03:44:25] pixel  shader #2948   2836 bytes  crc D8CF3887  version 3_0  -> ps_2948_D8CF3887.bin
[03:44:25] pixel  shader #2949   3344 bytes  crc A0C05D43  version 3_0  -> ps_2949_A0C05D43.bin
[03:44:25] pixel  shader #2950   1184 bytes  crc 71504838  version 3_0  -> ps_2950_71504838.bin
[03:44:25] pixel  shader #2951   2028 bytes  crc F2C67C28  version 3_0  -> ps_2951_F2C67C28.bin
[03:44:25] pixel  shader #2952   3556 bytes  crc D5E623FD  version 3_0  -> ps_2952_D5E623FD.bin
[03:44:25] pixel  shader #2953   3372 bytes  crc E39E2718  version 3_0  -> ps_2953_E39E2718.bin
[03:44:25] pixel  shader #2954   2524 bytes  crc E8B87830  version 3_0  -> ps_2954_E8B87830.bin
[03:44:25] pixel  shader #2955   2456 bytes  crc 5C5194A9  version 3_0  -> ps_2955_5C5194A9.bin
[03:44:25] pixel  shader #2956   2988 bytes  crc 7B1562D8  version 3_0  -> ps_2956_7B1562D8.bin
[03:44:25] pixel  shader #2957   2460 bytes  crc 19EBC747  version 3_0  -> ps_2957_19EBC747.bin
[03:44:25] pixel  shader #2958   1924 bytes  crc 956D4B59  version 3_0  -> ps_2958_956D4B59.bin
[03:44:25] pixel  shader #2959   3476 bytes  crc 67A3E5B7  version 3_0  -> ps_2959_67A3E5B7.bin
[03:44:25] pixel  shader #2960   2440 bytes  crc E4454535  version 3_0  -> ps_2960_E4454535.bin
[03:44:25] pixel  shader #2961    812 bytes  crc 4322862E  version 3_0  -> ps_2961_4322862E.bin
[03:44:25] pixel  shader #2962   1948 bytes  crc B6C3D770  version 3_0  -> ps_2962_B6C3D770.bin
[03:44:25] pixel  shader #2963   2608 bytes  crc 6625A1B1  version 3_0  -> ps_2963_6625A1B1.bin
[03:44:25] pixel  shader #2964   3752 bytes  crc E8BDE2BD  version 3_0  -> ps_2964_E8BDE2BD.bin
[03:44:25] pixel  shader #2965   2940 bytes  crc 30A4C096  version 3_0  -> ps_2965_30A4C096.bin
[03:44:25] pixel  shader #2966   3508 bytes  crc 1ADA416C  version 3_0  -> ps_2966_1ADA416C.bin
[03:44:25] pixel  shader #2967   1144 bytes  crc 204FC3E0  version 3_0  -> ps_2967_204FC3E0.bin
[03:44:25] pixel  shader #2968   2796 bytes  crc 311FE857  version 3_0  -> ps_2968_311FE857.bin
[03:44:25] pixel  shader #2969   1420 bytes  crc B4110CCC  version 3_0  -> ps_2969_B4110CCC.bin
[03:44:25] pixel  shader #2970   3024 bytes  crc 29D80B84  version 3_0  -> ps_2970_29D80B84.bin
[03:44:25] pixel  shader #2971   3416 bytes  crc 550567C2  version 3_0  -> ps_2971_550567C2.bin
[03:44:25] pixel  shader #2972    900 bytes  crc 35A15405  version 3_0  -> ps_2972_35A15405.bin
[03:44:25] pixel  shader #2973   3588 bytes  crc 1B6D984F  version 3_0  -> ps_2973_1B6D984F.bin
[03:44:25] pixel  shader #2974   3820 bytes  crc 09AB8568  version 3_0  -> ps_2974_09AB8568.bin
[03:44:25] pixel  shader #2975   1112 bytes  crc 3EA67BAD  version 3_0  -> ps_2975_3EA67BAD.bin
[03:44:25] pixel  shader #2976   3924 bytes  crc 884921CD  version 3_0  -> ps_2976_884921CD.bin
[03:44:25] pixel  shader #2977   1508 bytes  crc BDC44524  version 3_0  -> ps_2977_BDC44524.bin
[03:44:25] pixel  shader #2978   2556 bytes  crc 473397C9  version 3_0  -> ps_2978_473397C9.bin
[03:44:25] pixel  shader #2979   1100 bytes  crc 66ACC35F  version 3_0  -> ps_2979_66ACC35F.bin
[03:44:25] pixel  shader #2980   3444 bytes  crc D4F59C3B  version 3_0  -> ps_2980_D4F59C3B.bin
[03:44:25] pixel  shader #2981    680 bytes  crc 0A21A183  version 3_0  -> ps_2981_0A21A183.bin
[03:44:25] pixel  shader #2982   1016 bytes  crc 837E0685  version 3_0  -> ps_2982_837E0685.bin
[03:44:25] pixel  shader #2983   3684 bytes  crc B7537D5B  version 3_0  -> ps_2983_B7537D5B.bin
[03:44:25] pixel  shader #2984   2072 bytes  crc E407285D  version 3_0  -> ps_2984_E407285D.bin
[03:44:25] pixel  shader #2985   1388 bytes  crc CDEA5A6C  version 3_0  -> ps_2985_CDEA5A6C.bin
[03:44:25] pixel  shader #2986   2260 bytes  crc 8974B94B  version 3_0  -> ps_2986_8974B94B.bin
[03:44:25] pixel  shader #2987   3276 bytes  crc 39D3DDBA  version 3_0  -> ps_2987_39D3DDBA.bin
[03:44:25] pixel  shader #2988   3360 bytes  crc 93EEC762  version 3_0  -> ps_2988_93EEC762.bin
[03:44:25] pixel  shader #2989   3068 bytes  crc 41D85748  version 3_0  -> ps_2989_41D85748.bin
[03:44:25] pixel  shader #2990   2396 bytes  crc 9F2D1F7E  version 3_0  -> ps_2990_9F2D1F7E.bin
[03:44:25] pixel  shader #2991   2504 bytes  crc 409E05A4  version 3_0  -> ps_2991_409E05A4.bin
[03:44:25] pixel  shader #2992   1888 bytes  crc 746613B2  version 3_0  -> ps_2992_746613B2.bin
[03:44:25] pixel  shader #2993   2924 bytes  crc BEF1A922  version 3_0  -> ps_2993_BEF1A922.bin
[03:44:25] pixel  shader #2994   2592 bytes  crc DB7318B2  version 3_0  -> ps_2994_DB7318B2.bin
[03:44:25] pixel  shader #2995   2256 bytes  crc 46423FBE  version 3_0  -> ps_2995_46423FBE.bin
[03:44:25] pixel  shader #2996   3540 bytes  crc 1719529D  version 3_0  -> ps_2996_1719529D.bin
[03:44:25] pixel  shader #2997   5316 bytes  crc 2C11B9D7  version 3_0  -> ps_2997_2C11B9D7.bin
[03:44:25] pixel  shader #2998   2128 bytes  crc F9D5E0A9  version 3_0  -> ps_2998_F9D5E0A9.bin
[03:44:25] pixel  shader #2999   1796 bytes  crc FCD9613A  version 3_0  -> ps_2999_FCD9613A.bin
[03:44:25] pixel  shader #3000   1296 bytes  crc C4E048E0  version 3_0  -> ps_3000_C4E048E0.bin
[03:44:25] pixel  shader #3001   1620 bytes  crc 78E35267  version 3_0  -> ps_3001_78E35267.bin
[03:44:25] pixel  shader #3002   2924 bytes  crc 8EB998D1  version 3_0  -> ps_3002_8EB998D1.bin
[03:44:25] pixel  shader #3003   1112 bytes  crc C5DCDA37  version 3_0  -> ps_3003_C5DCDA37.bin
[03:44:25] pixel  shader #3004   2304 bytes  crc 5ED34921  version 3_0  -> ps_3004_5ED34921.bin
[03:44:25] pixel  shader #3005   2876 bytes  crc 3E1619FA  version 3_0  -> ps_3005_3E1619FA.bin
[03:44:25] pixel  shader #3006   4516 bytes  crc 1618C69F  version 3_0  -> ps_3006_1618C69F.bin
[03:44:25] pixel  shader #3007   2552 bytes  crc 8A7037DA  version 3_0  -> ps_3007_8A7037DA.bin
[03:44:25] pixel  shader #3008   4312 bytes  crc 75811238  version 3_0  -> ps_3008_75811238.bin
[03:44:25] pixel  shader #3009   3028 bytes  crc C7556CE1  version 3_0  -> ps_3009_C7556CE1.bin
[03:44:25] pixel  shader #3010   1580 bytes  crc BDB243AC  version 3_0  -> ps_3010_BDB243AC.bin
[03:44:25] pixel  shader #3011   3256 bytes  crc A60BFD4D  version 3_0  -> ps_3011_A60BFD4D.bin
[03:44:25] pixel  shader #3012   3064 bytes  crc 95385237  version 3_0  -> ps_3012_95385237.bin
[03:44:25] pixel  shader #3013   1188 bytes  crc 2234CC60  version 3_0  -> ps_3013_2234CC60.bin
[03:44:25] pixel  shader #3014   2512 bytes  crc B6F6AE41  version 3_0  -> ps_3014_B6F6AE41.bin
[03:44:25] pixel  shader #3015   4524 bytes  crc 93F80C17  version 3_0  -> ps_3015_93F80C17.bin
[03:44:25] pixel  shader #3016   1712 bytes  crc A8D0DA04  version 3_0  -> ps_3016_A8D0DA04.bin
[03:44:25] pixel  shader #3017   2740 bytes  crc F0985467  version 3_0  -> ps_3017_F0985467.bin
[03:44:25] pixel  shader #3018   1668 bytes  crc 9A4A72D6  version 3_0  -> ps_3018_9A4A72D6.bin
[03:44:25] pixel  shader #3019   1620 bytes  crc C2AF96EA  version 3_0  -> ps_3019_C2AF96EA.bin
[03:44:25] pixel  shader #3020   1568 bytes  crc 09735280  version 3_0  -> ps_3020_09735280.bin
[03:44:25] pixel  shader #3021   1804 bytes  crc CB328B2B  version 3_0  -> ps_3021_CB328B2B.bin
[03:44:25] pixel  shader #3022   1784 bytes  crc E827FAC6  version 3_0  -> ps_3022_E827FAC6.bin
[03:44:25] pixel  shader #3023   1408 bytes  crc A1D99417  version 3_0  -> ps_3023_A1D99417.bin
[03:44:25] pixel  shader #3024   3064 bytes  crc 95525674  version 3_0  -> ps_3024_95525674.bin
[03:44:25] pixel  shader #3025   1924 bytes  crc 75DC7B8C  version 3_0  -> ps_3025_75DC7B8C.bin
[03:44:25] pixel  shader #3026   2132 bytes  crc 160BF6AC  version 3_0  -> ps_3026_160BF6AC.bin
[03:44:25] pixel  shader #3027   1520 bytes  crc 98E6DBA6  version 3_0  -> ps_3027_98E6DBA6.bin
[03:44:25] pixel  shader #3028   2848 bytes  crc 0C18AB16  version 3_0  -> ps_3028_0C18AB16.bin
[03:44:25] pixel  shader #3029   3436 bytes  crc FF0A54F6  version 3_0  -> ps_3029_FF0A54F6.bin
[03:44:25] pixel  shader #3030   2948 bytes  crc E3317576  version 3_0  -> ps_3030_E3317576.bin
[03:44:25] pixel  shader #3031    596 bytes  crc 50F8B22D  version 3_0  -> ps_3031_50F8B22D.bin
[03:44:25] pixel  shader #3032   1572 bytes  crc F9F22675  version 3_0  -> ps_3032_F9F22675.bin
[03:44:25] pixel  shader #3033   2284 bytes  crc 9BB76858  version 3_0  -> ps_3033_9BB76858.bin
[03:44:25] pixel  shader #3034   1272 bytes  crc 3B2210A5  version 3_0  -> ps_3034_3B2210A5.bin
[03:44:25] pixel  shader #3035   2576 bytes  crc 478D6C6E  version 3_0  -> ps_3035_478D6C6E.bin
[03:44:25] pixel  shader #3036   2568 bytes  crc 670005F3  version 3_0  -> ps_3036_670005F3.bin
[03:44:25] pixel  shader #3037   3316 bytes  crc 2E9B426A  version 3_0  -> ps_3037_2E9B426A.bin
[03:44:25] pixel  shader #3038   2136 bytes  crc 54C60C05  version 3_0  -> ps_3038_54C60C05.bin
[03:44:25] pixel  shader #3039   2412 bytes  crc E8A0FDC5  version 3_0  -> ps_3039_E8A0FDC5.bin
[03:44:25] pixel  shader #3040   2136 bytes  crc FC0319CA  version 3_0  -> ps_3040_FC0319CA.bin
[03:44:25] pixel  shader #3041   2232 bytes  crc 42A030B1  version 3_0  -> ps_3041_42A030B1.bin
[03:44:25] pixel  shader #3042   3064 bytes  crc 99700FFE  version 3_0  -> ps_3042_99700FFE.bin
[03:44:25] pixel  shader #3043   4120 bytes  crc 17492314  version 3_0  -> ps_3043_17492314.bin
[03:44:25] pixel  shader #3044   2324 bytes  crc 4EC4BD54  version 3_0  -> ps_3044_4EC4BD54.bin
[03:44:25] pixel  shader #3045   1904 bytes  crc 4C87A19D  version 3_0  -> ps_3045_4C87A19D.bin
[03:44:25] pixel  shader #3046   4052 bytes  crc EDE5441F  version 3_0  -> ps_3046_EDE5441F.bin
[03:44:25] pixel  shader #3047   2976 bytes  crc B983B133  version 3_0  -> ps_3047_B983B133.bin
[03:44:25] pixel  shader #3048   2284 bytes  crc 0A7EEA27  version 3_0  -> ps_3048_0A7EEA27.bin
[03:44:25] pixel  shader #3049   3552 bytes  crc 4256F751  version 3_0  -> ps_3049_4256F751.bin
[03:44:25] pixel  shader #3050   2516 bytes  crc 95DCF9DF  version 3_0  -> ps_3050_95DCF9DF.bin
[03:44:25] pixel  shader #3051   2324 bytes  crc 4492C13B  version 3_0  -> ps_3051_4492C13B.bin
[03:44:25] pixel  shader #3052   2284 bytes  crc 92D49718  version 3_0  -> ps_3052_92D49718.bin
[03:44:25] pixel  shader #3053   2124 bytes  crc 19C2BCA2  version 3_0  -> ps_3053_19C2BCA2.bin
[03:44:25] pixel  shader #3054   1180 bytes  crc 099213A7  version 3_0  -> ps_3054_099213A7.bin
[03:44:25] pixel  shader #3055   1720 bytes  crc D6424583  version 3_0  -> ps_3055_D6424583.bin
[03:44:25] pixel  shader #3056   1108 bytes  crc 3106C4BE  version 3_0  -> ps_3056_3106C4BE.bin
[03:44:25] pixel  shader #3057   1944 bytes  crc AF509170  version 3_0  -> ps_3057_AF509170.bin
[03:44:25] pixel  shader #3058   1308 bytes  crc 17B2EDCC  version 3_0  -> ps_3058_17B2EDCC.bin
[03:44:25] pixel  shader #3059    548 bytes  crc 9C8C5458  version 3_0  -> ps_3059_9C8C5458.bin
[03:44:25] pixel  shader #3060   2060 bytes  crc DC026B76  version 3_0  -> ps_3060_DC026B76.bin
[03:44:25] pixel  shader #3061   2472 bytes  crc 7208569E  version 3_0  -> ps_3061_7208569E.bin
[03:44:25] pixel  shader #3062   3384 bytes  crc F5A9E1DC  version 3_0  -> ps_3062_F5A9E1DC.bin
[03:44:25] pixel  shader #3063   3760 bytes  crc EA57E540  version 3_0  -> ps_3063_EA57E540.bin
[03:44:25] pixel  shader #3064   2432 bytes  crc 6940DB0A  version 3_0  -> ps_3064_6940DB0A.bin
[03:44:25] pixel  shader #3065   4592 bytes  crc A7907197  version 3_0  -> ps_3065_A7907197.bin
[03:44:25] pixel  shader #3066   3196 bytes  crc CF5E5755  version 3_0  -> ps_3066_CF5E5755.bin
[03:44:25] pixel  shader #3067   2116 bytes  crc FB2A730A  version 3_0  -> ps_3067_FB2A730A.bin
[03:44:25] pixel  shader #3068   1760 bytes  crc 4FF67DF4  version 3_0  -> ps_3068_4FF67DF4.bin
[03:44:25] pixel  shader #3069   1836 bytes  crc A4CB1E37  version 3_0  -> ps_3069_A4CB1E37.bin
[03:44:25] pixel  shader #3070   4536 bytes  crc ACA12499  version 3_0  -> ps_3070_ACA12499.bin
[03:44:25] pixel  shader #3071   3696 bytes  crc AB488AA4  version 3_0  -> ps_3071_AB488AA4.bin
[03:44:25] pixel  shader #3072   4224 bytes  crc 8A0EEF29  version 3_0  -> ps_3072_8A0EEF29.bin
[03:44:25] pixel  shader #3073   2456 bytes  crc D848E27D  version 3_0  -> ps_3073_D848E27D.bin
[03:44:25] pixel  shader #3074   1728 bytes  crc D7FF7F16  version 3_0  -> ps_3074_D7FF7F16.bin
[03:44:25] pixel  shader #3075   2100 bytes  crc 3A6340C7  version 3_0  -> ps_3075_3A6340C7.bin
[03:44:25] pixel  shader #3076   2972 bytes  crc E2CDF653  version 3_0  -> ps_3076_E2CDF653.bin
[03:44:25] pixel  shader #3077   3288 bytes  crc EB1DF214  version 3_0  -> ps_3077_EB1DF214.bin
[03:44:25] pixel  shader #3078   1260 bytes  crc CFC9C553  version 3_0  -> ps_3078_CFC9C553.bin
[03:44:25] pixel  shader #3079   2936 bytes  crc 7BD73D80  version 3_0  -> ps_3079_7BD73D80.bin
[03:44:25] pixel  shader #3080   3000 bytes  crc 9FB109FF  version 3_0  -> ps_3080_9FB109FF.bin
[03:44:25] pixel  shader #3081   2724 bytes  crc 90B7350F  version 3_0  -> ps_3081_90B7350F.bin
[03:44:25] pixel  shader #3082   2996 bytes  crc 5F76F084  version 3_0  -> ps_3082_5F76F084.bin
[03:44:25] pixel  shader #3083   2304 bytes  crc 2A94A35E  version 3_0  -> ps_3083_2A94A35E.bin
[03:44:25] pixel  shader #3084   2712 bytes  crc E1752F38  version 3_0  -> ps_3084_E1752F38.bin
[03:44:25] pixel  shader #3085   2884 bytes  crc E0BCA179  version 3_0  -> ps_3085_E0BCA179.bin
[03:44:25] pixel  shader #3086   3044 bytes  crc 078DF3EB  version 3_0  -> ps_3086_078DF3EB.bin
[03:44:25] pixel  shader #3087   3680 bytes  crc 342848D4  version 3_0  -> ps_3087_342848D4.bin
[03:44:25] pixel  shader #3088   3896 bytes  crc 727AFDB7  version 3_0  -> ps_3088_727AFDB7.bin
[03:44:25] pixel  shader #3089   3512 bytes  crc 1D96685B  version 3_0  -> ps_3089_1D96685B.bin
[03:44:25] pixel  shader #3090   2476 bytes  crc 517BDB1C  version 3_0  -> ps_3090_517BDB1C.bin
[03:44:25] pixel  shader #3091   2728 bytes  crc C763C74B  version 3_0  -> ps_3091_C763C74B.bin
[03:44:25] pixel  shader #3092   3076 bytes  crc 4C658A23  version 3_0  -> ps_3092_4C658A23.bin
[03:44:25] pixel  shader #3093   2332 bytes  crc 4E4CB91C  version 3_0  -> ps_3093_4E4CB91C.bin
[03:44:25] pixel  shader #3094   2664 bytes  crc 283F7A7B  version 3_0  -> ps_3094_283F7A7B.bin
[03:44:25] pixel  shader #3095   2416 bytes  crc A0A390E9  version 3_0  -> ps_3095_A0A390E9.bin
[03:44:25] pixel  shader #3096   4592 bytes  crc 7A4B8422  version 3_0  -> ps_3096_7A4B8422.bin
[03:44:25] pixel  shader #3097   1276 bytes  crc E002FC97  version 3_0  -> ps_3097_E002FC97.bin
[03:44:25] pixel  shader #3098   1476 bytes  crc 7B2D6426  version 3_0  -> ps_3098_7B2D6426.bin
[03:44:25] pixel  shader #3099    956 bytes  crc E7D4662E  version 3_0  -> ps_3099_E7D4662E.bin
[03:44:25] pixel  shader #3100   2348 bytes  crc A4DCE855  version 3_0  -> ps_3100_A4DCE855.bin
[03:44:25] pixel  shader #3101   2664 bytes  crc A2BFBC37  version 3_0  -> ps_3101_A2BFBC37.bin
[03:44:25] pixel  shader #3102    708 bytes  crc A736B153  version 3_0  -> ps_3102_A736B153.bin
[03:44:25] pixel  shader #3103   1776 bytes  crc 242542A8  version 3_0  -> ps_3103_242542A8.bin
[03:44:25] pixel  shader #3104   2696 bytes  crc 8F9F8794  version 3_0  -> ps_3104_8F9F8794.bin
[03:44:25] pixel  shader #3105   2612 bytes  crc 10F9E9B2  version 3_0  -> ps_3105_10F9E9B2.bin
[03:44:25] pixel  shader #3106   1620 bytes  crc D03D5443  version 3_0  -> ps_3106_D03D5443.bin
[03:44:25] pixel  shader #3107   1724 bytes  crc 0D196028  version 3_0  -> ps_3107_0D196028.bin
[03:44:25] pixel  shader #3108   2164 bytes  crc BE278EC0  version 3_0  -> ps_3108_BE278EC0.bin
[03:44:25] pixel  shader #3109   1888 bytes  crc 839D0B73  version 3_0  -> ps_3109_839D0B73.bin
[03:44:25] pixel  shader #3110   1860 bytes  crc E019A6D8  version 3_0  -> ps_3110_E019A6D8.bin
[03:44:25] pixel  shader #3111   2320 bytes  crc B8C2E0AC  version 3_0  -> ps_3111_B8C2E0AC.bin
[03:44:25] pixel  shader #3112   1728 bytes  crc ED69BFA2  version 3_0  -> ps_3112_ED69BFA2.bin
[03:44:25] pixel  shader #3113    836 bytes  crc 0EDE7AE4  version 3_0  -> ps_3113_0EDE7AE4.bin
[03:44:25] pixel  shader #3114   3744 bytes  crc 55B4D05A  version 3_0  -> ps_3114_55B4D05A.bin
[03:44:25] pixel  shader #3115   2256 bytes  crc 3884B4A8  version 3_0  -> ps_3115_3884B4A8.bin
[03:44:25] pixel  shader #3116    796 bytes  crc 60FDC66D  version 3_0  -> ps_3116_60FDC66D.bin
[03:44:25] pixel  shader #3117   1920 bytes  crc E7C857A2  version 3_0  -> ps_3117_E7C857A2.bin
[03:44:25] pixel  shader #3118   2636 bytes  crc C2879F25  version 3_0  -> ps_3118_C2879F25.bin
[03:44:25] pixel  shader #3119   2800 bytes  crc 6FF0AFFE  version 3_0  -> ps_3119_6FF0AFFE.bin
[03:44:25] pixel  shader #3120   1404 bytes  crc E9C7FE16  version 3_0  -> ps_3120_E9C7FE16.bin
[03:44:25] pixel  shader #3121   2744 bytes  crc F2908154  version 3_0  -> ps_3121_F2908154.bin
[03:44:25] pixel  shader #3122   2616 bytes  crc 45F81A3D  version 3_0  -> ps_3122_45F81A3D.bin
[03:44:25] pixel  shader #3123   3180 bytes  crc A4F6BD16  version 3_0  -> ps_3123_A4F6BD16.bin
[03:44:25] pixel  shader #3124   2904 bytes  crc 872DC304  version 3_0  -> ps_3124_872DC304.bin
[03:44:25] pixel  shader #3125   1696 bytes  crc 1F14DCF1  version 3_0  -> ps_3125_1F14DCF1.bin
[03:44:25] pixel  shader #3126   2444 bytes  crc 20C3FE6B  version 3_0  -> ps_3126_20C3FE6B.bin
[03:44:25] pixel  shader #3127   2720 bytes  crc 87B47598  version 3_0  -> ps_3127_87B47598.bin
[03:44:25] pixel  shader #3128   3248 bytes  crc D8512D79  version 3_0  -> ps_3128_D8512D79.bin
[03:44:25] pixel  shader #3129   2432 bytes  crc 16F0534F  version 3_0  -> ps_3129_16F0534F.bin
[03:44:25] pixel  shader #3130   2544 bytes  crc 7A3A31C6  version 3_0  -> ps_3130_7A3A31C6.bin
[03:44:25] pixel  shader #3131   1372 bytes  crc F8399211  version 3_0  -> ps_3131_F8399211.bin
[03:44:25] pixel  shader #3132   1208 bytes  crc 1893D3A9  version 3_0  -> ps_3132_1893D3A9.bin
[03:44:25] pixel  shader #3133   1932 bytes  crc 11C02C73  version 3_0  -> ps_3133_11C02C73.bin
[03:44:25] pixel  shader #3134   2944 bytes  crc 66A903D3  version 3_0  -> ps_3134_66A903D3.bin
[03:44:25] pixel  shader #3135   2708 bytes  crc A3013CE2  version 3_0  -> ps_3135_A3013CE2.bin
[03:44:25] pixel  shader #3136   3292 bytes  crc A0CB9730  version 3_0  -> ps_3136_A0CB9730.bin
[03:44:25] pixel  shader #3137   3328 bytes  crc 66C87BAC  version 3_0  -> ps_3137_66C87BAC.bin
[03:44:25] pixel  shader #3138   2088 bytes  crc E13354CF  version 3_0  -> ps_3138_E13354CF.bin
[03:44:25] pixel  shader #3139   2460 bytes  crc C5C5F4E9  version 3_0  -> ps_3139_C5C5F4E9.bin
[03:44:25] pixel  shader #3140   2124 bytes  crc ECC556AC  version 3_0  -> ps_3140_ECC556AC.bin
[03:44:25] pixel  shader #3141   2788 bytes  crc 22AB7681  version 3_0  -> ps_3141_22AB7681.bin
[03:44:25] pixel  shader #3142   2812 bytes  crc 61D81F16  version 3_0  -> ps_3142_61D81F16.bin
[03:44:25] pixel  shader #3143   2456 bytes  crc AD21C4A3  version 3_0  -> ps_3143_AD21C4A3.bin
[03:44:25] pixel  shader #3144   3396 bytes  crc 245BB04D  version 3_0  -> ps_3144_245BB04D.bin
[03:44:25] pixel  shader #3145   1324 bytes  crc DCECA9D9  version 3_0  -> ps_3145_DCECA9D9.bin
[03:44:25] pixel  shader #3146   1600 bytes  crc A1EA0B9E  version 3_0  -> ps_3146_A1EA0B9E.bin
[03:44:25] pixel  shader #3147   3080 bytes  crc F888672B  version 3_0  -> ps_3147_F888672B.bin
[03:44:25] pixel  shader #3148   1916 bytes  crc 53DA740B  version 3_0  -> ps_3148_53DA740B.bin
[03:44:25] pixel  shader #3149   1296 bytes  crc AAB691FD  version 3_0  -> ps_3149_AAB691FD.bin
[03:44:25] pixel  shader #3150   1184 bytes  crc 4A6881C1  version 3_0  -> ps_3150_4A6881C1.bin
[03:44:25] pixel  shader #3151   1760 bytes  crc D4A1C8F9  version 3_0  -> ps_3151_D4A1C8F9.bin
[03:44:25] pixel  shader #3152   1160 bytes  crc E887DDCC  version 3_0  -> ps_3152_E887DDCC.bin
[03:44:25] pixel  shader #3153   2704 bytes  crc 1AE3A549  version 3_0  -> ps_3153_1AE3A549.bin
[03:44:25] pixel  shader #3154   2612 bytes  crc E49B84BC  version 3_0  -> ps_3154_E49B84BC.bin
[03:44:25] pixel  shader #3155   1316 bytes  crc 866517BC  version 3_0  -> ps_3155_866517BC.bin
[03:44:25] pixel  shader #3156   2100 bytes  crc A18F94CB  version 3_0  -> ps_3156_A18F94CB.bin
[03:44:25] pixel  shader #3157   1888 bytes  crc 50D96989  version 3_0  -> ps_3157_50D96989.bin
[03:44:25] pixel  shader #3158   1756 bytes  crc D63DA7C9  version 3_0  -> ps_3158_D63DA7C9.bin
[03:44:25] pixel  shader #3159   1928 bytes  crc 7BE64535  version 3_0  -> ps_3159_7BE64535.bin
[03:44:25] pixel  shader #3160   2488 bytes  crc E57A1818  version 3_0  -> ps_3160_E57A1818.bin
[03:44:25] pixel  shader #3161   1964 bytes  crc 9D27077C  version 3_0  -> ps_3161_9D27077C.bin
[03:44:25] pixel  shader #3162   1792 bytes  crc 8F64ADAD  version 3_0  -> ps_3162_8F64ADAD.bin
[03:44:25] pixel  shader #3163   2368 bytes  crc 47700815  version 3_0  -> ps_3163_47700815.bin
[03:44:25] pixel  shader #3164   1560 bytes  crc 5BD0A01D  version 3_0  -> ps_3164_5BD0A01D.bin
[03:44:25] pixel  shader #3165   3076 bytes  crc BC8DB8B8  version 3_0  -> ps_3165_BC8DB8B8.bin
[03:44:25] pixel  shader #3166   2608 bytes  crc 843B0DCC  version 3_0  -> ps_3166_843B0DCC.bin
[03:44:25] pixel  shader #3167   2860 bytes  crc F08F92B6  version 3_0  -> ps_3167_F08F92B6.bin
[03:44:25] pixel  shader #3168   1360 bytes  crc 15E01C0A  version 3_0  -> ps_3168_15E01C0A.bin
[03:44:25] pixel  shader #3169   2708 bytes  crc 30703652  version 3_0  -> ps_3169_30703652.bin
[03:44:25] pixel  shader #3170   2060 bytes  crc 4501DF86  version 3_0  -> ps_3170_4501DF86.bin
[03:44:25] pixel  shader #3171   2208 bytes  crc 37AFDD51  version 3_0  -> ps_3171_37AFDD51.bin
[03:44:25] pixel  shader #3172   1384 bytes  crc A8870AC2  version 3_0  -> ps_3172_A8870AC2.bin
[03:44:25] pixel  shader #3173   2260 bytes  crc CA4AA717  version 3_0  -> ps_3173_CA4AA717.bin
[03:44:25] pixel  shader #3174   3248 bytes  crc 348BF68B  version 3_0  -> ps_3174_348BF68B.bin
[03:44:25] pixel  shader #3175   2756 bytes  crc AE54D380  version 3_0  -> ps_3175_AE54D380.bin
[03:44:25] pixel  shader #3176   3076 bytes  crc FE2E1B66  version 3_0  -> ps_3176_FE2E1B66.bin
[03:44:25] pixel  shader #3177   2960 bytes  crc ABC931DB  version 3_0  -> ps_3177_ABC931DB.bin
[03:44:25] pixel  shader #3178   1952 bytes  crc 0467D138  version 3_0  -> ps_3178_0467D138.bin
[03:44:25] pixel  shader #3179   1400 bytes  crc 84BCEB2D  version 3_0  -> ps_3179_84BCEB2D.bin
[03:44:25] pixel  shader #3180   3776 bytes  crc EB904168  version 3_0  -> ps_3180_EB904168.bin
[03:44:25] pixel  shader #3181   1764 bytes  crc 1C9DB2A4  version 3_0  -> ps_3181_1C9DB2A4.bin
[03:44:25] pixel  shader #3182   1748 bytes  crc 69B5CABE  version 3_0  -> ps_3182_69B5CABE.bin
[03:44:25] pixel  shader #3183   1572 bytes  crc E2636413  version 3_0  -> ps_3183_E2636413.bin
[03:44:25] pixel  shader #3184   3732 bytes  crc 8FEA0D2E  version 3_0  -> ps_3184_8FEA0D2E.bin
[03:44:25] pixel  shader #3185   3008 bytes  crc F4889598  version 3_0  -> ps_3185_F4889598.bin
[03:44:25] pixel  shader #3186   1804 bytes  crc E2378EAF  version 3_0  -> ps_3186_E2378EAF.bin
[03:44:25] pixel  shader #3187   1240 bytes  crc 52D324A1  version 3_0  -> ps_3187_52D324A1.bin
[03:44:25] pixel  shader #3188   2212 bytes  crc 163DA5B6  version 3_0  -> ps_3188_163DA5B6.bin
[03:44:25] pixel  shader #3189   3120 bytes  crc 95803567  version 3_0  -> ps_3189_95803567.bin
[03:44:25] pixel  shader #3190   2976 bytes  crc 4A4C572A  version 3_0  -> ps_3190_4A4C572A.bin
[03:44:25] pixel  shader #3191   3196 bytes  crc BB2DB46A  version 3_0  -> ps_3191_BB2DB46A.bin
[03:44:25] pixel  shader #3192    940 bytes  crc 264BD79A  version 3_0  -> ps_3192_264BD79A.bin
[03:44:25] pixel  shader #3193    940 bytes  crc 552C2DEA  version 3_0  -> ps_3193_552C2DEA.bin
[03:44:25] pixel  shader #3194   2656 bytes  crc 37D3CF84  version 3_0  -> ps_3194_37D3CF84.bin
[03:44:25] pixel  shader #3195   2308 bytes  crc E2B73463  version 3_0  -> ps_3195_E2B73463.bin
[03:44:25] pixel  shader #3196   2416 bytes  crc 614D2A4E  version 3_0  -> ps_3196_614D2A4E.bin
[03:44:25] pixel  shader #3197   1908 bytes  crc 0C494ADB  version 3_0  -> ps_3197_0C494ADB.bin
[03:44:25] pixel  shader #3198   2280 bytes  crc 95397623  version 3_0  -> ps_3198_95397623.bin
[03:44:25] pixel  shader #3199   3732 bytes  crc 26A69869  version 3_0  -> ps_3199_26A69869.bin
[03:44:25] pixel  shader #3200   3444 bytes  crc 62070A2C  version 3_0  -> ps_3200_62070A2C.bin
[03:44:25] pixel  shader #3201   1944 bytes  crc DE1E35B5  version 3_0  -> ps_3201_DE1E35B5.bin
[03:44:25] pixel  shader #3202   1668 bytes  crc 629E8719  version 3_0  -> ps_3202_629E8719.bin
[03:44:25] pixel  shader #3203   1068 bytes  crc 7761C25F  version 3_0  -> ps_3203_7761C25F.bin
[03:44:25] pixel  shader #3204   2280 bytes  crc 92D96801  version 3_0  -> ps_3204_92D96801.bin
[03:44:25] pixel  shader #3205   1772 bytes  crc 40BF3AC9  version 3_0  -> ps_3205_40BF3AC9.bin
[03:44:25] pixel  shader #3206   4368 bytes  crc E305C3AC  version 3_0  -> ps_3206_E305C3AC.bin
[03:44:25] pixel  shader #3207   1812 bytes  crc AC74C070  version 3_0  -> ps_3207_AC74C070.bin
[03:44:25] pixel  shader #3208   2480 bytes  crc 280DC831  version 3_0  -> ps_3208_280DC831.bin
[03:44:25] pixel  shader #3209   2612 bytes  crc E25CC12D  version 3_0  -> ps_3209_E25CC12D.bin
[03:44:25] pixel  shader #3210   1328 bytes  crc A8983D20  version 3_0  -> ps_3210_A8983D20.bin
[03:44:25] pixel  shader #3211   1784 bytes  crc 82CFEB86  version 3_0  -> ps_3211_82CFEB86.bin
[03:44:25] pixel  shader #3212   3248 bytes  crc DBD037DF  version 3_0  -> ps_3212_DBD037DF.bin
[03:44:25] pixel  shader #3213   2864 bytes  crc 76D5F6ED  version 3_0  -> ps_3213_76D5F6ED.bin
[03:44:25] pixel  shader #3214   2572 bytes  crc F9E07CDD  version 3_0  -> ps_3214_F9E07CDD.bin
[03:44:25] pixel  shader #3215   1348 bytes  crc 9285B462  version 3_0  -> ps_3215_9285B462.bin
[03:44:25] pixel  shader #3216   3888 bytes  crc 3D2E8951  version 3_0  -> ps_3216_3D2E8951.bin
[03:44:25] pixel  shader #3217   2920 bytes  crc DC81537E  version 3_0  -> ps_3217_DC81537E.bin
[03:44:25] pixel  shader #3218   3552 bytes  crc 75FB780C  version 3_0  -> ps_3218_75FB780C.bin
[03:44:25] pixel  shader #3219   2428 bytes  crc 7E9A5F5F  version 3_0  -> ps_3219_7E9A5F5F.bin
[03:44:25] pixel  shader #3220   2060 bytes  crc 34363E1D  version 3_0  -> ps_3220_34363E1D.bin
[03:44:25] pixel  shader #3221   2860 bytes  crc 74ACC7B3  version 3_0  -> ps_3221_74ACC7B3.bin
[03:44:25] pixel  shader #3222   4368 bytes  crc 9F6ACE83  version 3_0  -> ps_3222_9F6ACE83.bin
[03:44:25] pixel  shader #3223   2612 bytes  crc 2EB5624B  version 3_0  -> ps_3223_2EB5624B.bin
[03:44:25] pixel  shader #3224   4916 bytes  crc 7FDCE53E  version 3_0  -> ps_3224_7FDCE53E.bin
[03:44:25] pixel  shader #3225   1940 bytes  crc 1357902C  version 3_0  -> ps_3225_1357902C.bin
[03:44:25] pixel  shader #3226   2500 bytes  crc 68151DEA  version 3_0  -> ps_3226_68151DEA.bin
[03:44:25] pixel  shader #3227   2124 bytes  crc A66BE330  version 3_0  -> ps_3227_A66BE330.bin
[03:44:25] pixel  shader #3228   4184 bytes  crc A2132CC0  version 3_0  -> ps_3228_A2132CC0.bin
[03:44:25] pixel  shader #3229   2828 bytes  crc 45A038B8  version 3_0  -> ps_3229_45A038B8.bin
[03:44:25] pixel  shader #3230   2620 bytes  crc 94B6554E  version 3_0  -> ps_3230_94B6554E.bin
[03:44:25] pixel  shader #3231   1908 bytes  crc 43429984  version 3_0  -> ps_3231_43429984.bin
[03:44:25] pixel  shader #3232   3768 bytes  crc EDB9CBF0  version 3_0  -> ps_3232_EDB9CBF0.bin
[03:44:25] pixel  shader #3233   2808 bytes  crc E276FE98  version 3_0  -> ps_3233_E276FE98.bin
[03:44:25] pixel  shader #3234    480 bytes  crc 46EB709A  version 3_0  -> ps_3234_46EB709A.bin
[03:44:25] pixel  shader #3235   2672 bytes  crc 2566AAE1  version 3_0  -> ps_3235_2566AAE1.bin
[03:44:25] pixel  shader #3236   2120 bytes  crc 69EC46A9  version 3_0  -> ps_3236_69EC46A9.bin
[03:44:25] pixel  shader #3237   2248 bytes  crc 0D0E886C  version 3_0  -> ps_3237_0D0E886C.bin
[03:44:25] pixel  shader #3238   2972 bytes  crc EAE6522F  version 3_0  -> ps_3238_EAE6522F.bin
[03:44:25] pixel  shader #3239   4008 bytes  crc 6C7668C3  version 3_0  -> ps_3239_6C7668C3.bin
[03:44:25] pixel  shader #3240   2288 bytes  crc F410CF33  version 3_0  -> ps_3240_F410CF33.bin
[03:44:25] pixel  shader #3241    648 bytes  crc 0DBE40B5  version 3_0  -> ps_3241_0DBE40B5.bin
[03:44:25] pixel  shader #3242   4240 bytes  crc 9A77CE50  version 3_0  -> ps_3242_9A77CE50.bin
[03:44:25] pixel  shader #3243   1884 bytes  crc 7897437C  version 3_0  -> ps_3243_7897437C.bin
[03:44:25] pixel  shader #3244    436 bytes  crc CE9821B1  version 3_0  -> ps_3244_CE9821B1.bin
[03:44:25] pixel  shader #3245   2120 bytes  crc B47132E2  version 3_0  -> ps_3245_B47132E2.bin
[03:44:25] pixel  shader #3246   3336 bytes  crc 2751BA85  version 3_0  -> ps_3246_2751BA85.bin
[03:44:25] pixel  shader #3247   1480 bytes  crc DE3D93C2  version 3_0  -> ps_3247_DE3D93C2.bin
[03:44:25] pixel  shader #3248   2072 bytes  crc 54D7D107  version 3_0  -> ps_3248_54D7D107.bin
[03:44:25] pixel  shader #3249   1260 bytes  crc 2B176507  version 3_0  -> ps_3249_2B176507.bin
[03:44:25] pixel  shader #3250   1392 bytes  crc 4BCBA59B  version 3_0  -> ps_3250_4BCBA59B.bin
[03:44:25] pixel  shader #3251   3272 bytes  crc 29AF80FF  version 3_0  -> ps_3251_29AF80FF.bin
[03:44:25] pixel  shader #3252   1324 bytes  crc F400DDD1  version 3_0  -> ps_3252_F400DDD1.bin
[03:44:25] pixel  shader #3253   2420 bytes  crc 2977642C  version 3_0  -> ps_3253_2977642C.bin
[03:44:25] pixel  shader #3254   1588 bytes  crc 00B346D5  version 3_0  -> ps_3254_00B346D5.bin
[03:44:25] pixel  shader #3255   4192 bytes  crc FB4936F7  version 3_0  -> ps_3255_FB4936F7.bin
[03:44:25] pixel  shader #3256   3164 bytes  crc 4A89FACD  version 3_0  -> ps_3256_4A89FACD.bin
[03:44:25] pixel  shader #3257   1676 bytes  crc CDDFC5F1  version 3_0  -> ps_3257_CDDFC5F1.bin
[03:44:25] pixel  shader #3258   2392 bytes  crc EDC3875D  version 3_0  -> ps_3258_EDC3875D.bin
[03:44:25] pixel  shader #3259   1616 bytes  crc 5128AA95  version 3_0  -> ps_3259_5128AA95.bin
[03:44:25] pixel  shader #3260   1524 bytes  crc 25D17AC8  version 3_0  -> ps_3260_25D17AC8.bin
[03:44:25] pixel  shader #3261   2384 bytes  crc E4484A8E  version 3_0  -> ps_3261_E4484A8E.bin
[03:44:25] pixel  shader #3262   2956 bytes  crc C66F21BE  version 3_0  -> ps_3262_C66F21BE.bin
[03:44:25] pixel  shader #3263   1184 bytes  crc 52AC4F39  version 3_0  -> ps_3263_52AC4F39.bin
[03:44:25] pixel  shader #3264   3872 bytes  crc D7E58751  version 3_0  -> ps_3264_D7E58751.bin
[03:44:25] pixel  shader #3265   1944 bytes  crc 5158597C  version 3_0  -> ps_3265_5158597C.bin
[03:44:25] pixel  shader #3266   3412 bytes  crc 8D9FE575  version 3_0  -> ps_3266_8D9FE575.bin
[03:44:25] pixel  shader #3267   3368 bytes  crc 13777CEB  version 3_0  -> ps_3267_13777CEB.bin
[03:44:25] pixel  shader #3268    608 bytes  crc FE6BF00D  version 3_0  -> ps_3268_FE6BF00D.bin
[03:44:25] pixel  shader #3269   3428 bytes  crc 49AA8B68  version 3_0  -> ps_3269_49AA8B68.bin
[03:44:25] pixel  shader #3270   2944 bytes  crc B71A1E97  version 3_0  -> ps_3270_B71A1E97.bin
[03:44:25] pixel  shader #3271    604 bytes  crc FDA7321D  version 3_0  -> ps_3271_FDA7321D.bin
[03:44:25] pixel  shader #3272   2552 bytes  crc A09E0E7F  version 3_0  -> ps_3272_A09E0E7F.bin
[03:44:25] pixel  shader #3273   2576 bytes  crc 340ADD35  version 3_0  -> ps_3273_340ADD35.bin
[03:44:25] pixel  shader #3274   2924 bytes  crc A06ED0A6  version 3_0  -> ps_3274_A06ED0A6.bin
[03:44:25] pixel  shader #3275   2964 bytes  crc 493CF7BE  version 3_0  -> ps_3275_493CF7BE.bin
[03:44:25] pixel  shader #3276   4964 bytes  crc 0E5FAF63  version 3_0  -> ps_3276_0E5FAF63.bin
[03:44:25] pixel  shader #3277   1864 bytes  crc C973C1E9  version 3_0  -> ps_3277_C973C1E9.bin
[03:44:25] pixel  shader #3278   2312 bytes  crc D2D3ED55  version 3_0  -> ps_3278_D2D3ED55.bin
[03:44:25] pixel  shader #3279   2708 bytes  crc 4EFE1F7F  version 3_0  -> ps_3279_4EFE1F7F.bin
[03:44:25] pixel  shader #3280   3184 bytes  crc 317610DA  version 3_0  -> ps_3280_317610DA.bin
[03:44:25] pixel  shader #3281   2876 bytes  crc 393EC669  version 3_0  -> ps_3281_393EC669.bin
[03:44:25] pixel  shader #3282   4624 bytes  crc D573CC53  version 3_0  -> ps_3282_D573CC53.bin
[03:44:25] pixel  shader #3283   2348 bytes  crc 611E4790  version 3_0  -> ps_3283_611E4790.bin
[03:44:25] pixel  shader #3284   1672 bytes  crc 99CBDA3E  version 3_0  -> ps_3284_99CBDA3E.bin
[03:44:25] pixel  shader #3285   4200 bytes  crc 6CF1A975  version 3_0  -> ps_3285_6CF1A975.bin
[03:44:25] pixel  shader #3286   2236 bytes  crc A98A7B4C  version 3_0  -> ps_3286_A98A7B4C.bin
[03:44:25] pixel  shader #3287   2588 bytes  crc 58CB4901  version 3_0  -> ps_3287_58CB4901.bin
[03:44:25] pixel  shader #3288   2124 bytes  crc 7D72D872  version 3_0  -> ps_3288_7D72D872.bin
[03:44:25] pixel  shader #3289    320 bytes  crc ABBBDD3B  version 3_0  -> ps_3289_ABBBDD3B.bin
[03:44:25] pixel  shader #3290   3524 bytes  crc 695C5174  version 3_0  -> ps_3290_695C5174.bin
[03:44:25] pixel  shader #3291   1324 bytes  crc E8FD102D  version 3_0  -> ps_3291_E8FD102D.bin
[03:44:25] pixel  shader #3292   3760 bytes  crc 782873F5  version 3_0  -> ps_3292_782873F5.bin
[03:44:25] pixel  shader #3293   2132 bytes  crc B6DED331  version 3_0  -> ps_3293_B6DED331.bin
[03:44:25] pixel  shader #3294   2484 bytes  crc F246E5C3  version 3_0  -> ps_3294_F246E5C3.bin
[03:44:25] pixel  shader #3295   2760 bytes  crc 6BC0834C  version 3_0  -> ps_3295_6BC0834C.bin
[03:44:25] pixel  shader #3296   1616 bytes  crc B2BF02AC  version 3_0  -> ps_3296_B2BF02AC.bin
[03:44:25] pixel  shader #3297   2392 bytes  crc 133726A5  version 3_0  -> ps_3297_133726A5.bin
[03:44:25] pixel  shader #3298   1140 bytes  crc 75F5DA71  version 3_0  -> ps_3298_75F5DA71.bin
[03:44:25] pixel  shader #3299   2436 bytes  crc 6A676E07  version 3_0  -> ps_3299_6A676E07.bin
[03:44:25] pixel  shader #3300   2104 bytes  crc 037F615E  version 3_0  -> ps_3300_037F615E.bin
[03:44:25] pixel  shader #3301   2596 bytes  crc C53455AF  version 3_0  -> ps_3301_C53455AF.bin
[03:44:25] pixel  shader #3302   3308 bytes  crc A5D70AB3  version 3_0  -> ps_3302_A5D70AB3.bin
[03:44:25] pixel  shader #3303   1596 bytes  crc FC6B3BE8  version 3_0  -> ps_3303_FC6B3BE8.bin
[03:44:25] pixel  shader #3304   1968 bytes  crc 952F0D45  version 3_0  -> ps_3304_952F0D45.bin
[03:44:25] pixel  shader #3305   2456 bytes  crc DDEE9555  version 3_0  -> ps_3305_DDEE9555.bin
[03:44:25] pixel  shader #3306   2560 bytes  crc 76575A7E  version 3_0  -> ps_3306_76575A7E.bin
[03:44:25] pixel  shader #3307   1120 bytes  crc 00B6C28D  version 3_0  -> ps_3307_00B6C28D.bin
[03:44:25] pixel  shader #3308   3648 bytes  crc 4DAC55C9  version 3_0  -> ps_3308_4DAC55C9.bin
[03:44:25] pixel  shader #3309   2212 bytes  crc 4AE32375  version 3_0  -> ps_3309_4AE32375.bin
[03:44:25] pixel  shader #3310   3952 bytes  crc F93939C6  version 3_0  -> ps_3310_F93939C6.bin
[03:44:25] pixel  shader #3311   2568 bytes  crc D4A2D3E1  version 3_0  -> ps_3311_D4A2D3E1.bin
[03:44:25] pixel  shader #3312   2032 bytes  crc 4C5AE494  version 3_0  -> ps_3312_4C5AE494.bin
[03:44:25] pixel  shader #3313   3764 bytes  crc 51409BBF  version 3_0  -> ps_3313_51409BBF.bin
[03:44:25] pixel  shader #3314   2060 bytes  crc 6FC3B46D  version 3_0  -> ps_3314_6FC3B46D.bin
[03:44:25] pixel  shader #3315   1672 bytes  crc D258C8ED  version 3_0  -> ps_3315_D258C8ED.bin
[03:44:25] pixel  shader #3316   4040 bytes  crc B98DB927  version 3_0  -> ps_3316_B98DB927.bin
[03:44:25] pixel  shader #3317   2300 bytes  crc 6D1A0154  version 3_0  -> ps_3317_6D1A0154.bin
[03:44:25] pixel  shader #3318   2496 bytes  crc E586AFA5  version 3_0  -> ps_3318_E586AFA5.bin
[03:44:25] pixel  shader #3319   1100 bytes  crc 53F2F0BC  version 3_0  -> ps_3319_53F2F0BC.bin
[03:44:25] pixel  shader #3320   3800 bytes  crc D1BAE308  version 3_0  -> ps_3320_D1BAE308.bin
[03:44:25] pixel  shader #3321   3012 bytes  crc 2B1E55DF  version 3_0  -> ps_3321_2B1E55DF.bin
[03:44:25] pixel  shader #3322   2812 bytes  crc 2C6EC64B  version 3_0  -> ps_3322_2C6EC64B.bin
[03:44:25] pixel  shader #3323   2640 bytes  crc 1DECDB89  version 3_0  -> ps_3323_1DECDB89.bin
[03:44:25] pixel  shader #3324   2664 bytes  crc D941D9B8  version 3_0  -> ps_3324_D941D9B8.bin
[03:44:25] pixel  shader #3325   2232 bytes  crc A4F5F717  version 3_0  -> ps_3325_A4F5F717.bin
[03:44:25] pixel  shader #3326   2444 bytes  crc 7A7F25ED  version 3_0  -> ps_3326_7A7F25ED.bin
[03:44:25] pixel  shader #3327   1568 bytes  crc DC5582F6  version 3_0  -> ps_3327_DC5582F6.bin
[03:44:25] pixel  shader #3328   3156 bytes  crc C79D8592  version 3_0  -> ps_3328_C79D8592.bin
[03:44:25] pixel  shader #3329   2776 bytes  crc C49337AD  version 3_0  -> ps_3329_C49337AD.bin
[03:44:25] pixel  shader #3330   2560 bytes  crc 7E71E84E  version 3_0  -> ps_3330_7E71E84E.bin
[03:44:25] pixel  shader #3331   2776 bytes  crc FCDA274C  version 3_0  -> ps_3331_FCDA274C.bin
[03:44:25] pixel  shader #3332   3528 bytes  crc 75444F82  version 3_0  -> ps_3332_75444F82.bin
[03:44:25] pixel  shader #3333   1816 bytes  crc BF267EC0  version 3_0  -> ps_3333_BF267EC0.bin
[03:44:25] pixel  shader #3334   2108 bytes  crc 8F1943C3  version 3_0  -> ps_3334_8F1943C3.bin
[03:44:25] pixel  shader #3335   3100 bytes  crc 29A4E416  version 3_0  -> ps_3335_29A4E416.bin
[03:44:25] pixel  shader #3336   3300 bytes  crc 2264E503  version 3_0  -> ps_3336_2264E503.bin
[03:44:25] pixel  shader #3337   1636 bytes  crc 35123479  version 3_0  -> ps_3337_35123479.bin
[03:44:25] pixel  shader #3338   1412 bytes  crc D0840342  version 3_0  -> ps_3338_D0840342.bin
[03:44:25] pixel  shader #3339   1696 bytes  crc 5E16B41B  version 3_0  -> ps_3339_5E16B41B.bin
[03:44:25] pixel  shader #3340   3756 bytes  crc BD1F455B  version 3_0  -> ps_3340_BD1F455B.bin
[03:44:25] pixel  shader #3341   1048 bytes  crc 4D9ACC96  version 3_0  -> ps_3341_4D9ACC96.bin
[03:44:25] pixel  shader #3342    444 bytes  crc 0F7B0AFA  version 3_0  -> ps_3342_0F7B0AFA.bin
[03:44:25] pixel  shader #3343   2492 bytes  crc 89AA6C5A  version 3_0  -> ps_3343_89AA6C5A.bin
[03:44:25] pixel  shader #3344   1692 bytes  crc 74724444  version 3_0  -> ps_3344_74724444.bin
[03:44:25] pixel  shader #3345   2416 bytes  crc D566CF32  version 3_0  -> ps_3345_D566CF32.bin
[03:44:25] pixel  shader #3346   1560 bytes  crc 2C9D92B7  version 3_0  -> ps_3346_2C9D92B7.bin
[03:44:25] pixel  shader #3347   3808 bytes  crc CD21C57F  version 3_0  -> ps_3347_CD21C57F.bin
[03:44:25] pixel  shader #3348   1772 bytes  crc 82EDB78C  version 3_0  -> ps_3348_82EDB78C.bin
[03:44:25] pixel  shader #3349   2384 bytes  crc B0FFDCA6  version 3_0  -> ps_3349_B0FFDCA6.bin
[03:44:25] pixel  shader #3350   1556 bytes  crc 1737C0DB  version 3_0  -> ps_3350_1737C0DB.bin
[03:44:25] pixel  shader #3351   2600 bytes  crc 18DCA2E9  version 3_0  -> ps_3351_18DCA2E9.bin
[03:44:25] pixel  shader #3352   2160 bytes  crc 0C20557B  version 3_0  -> ps_3352_0C20557B.bin
[03:44:25] pixel  shader #3353   2568 bytes  crc C55552F6  version 3_0  -> ps_3353_C55552F6.bin
[03:44:25] pixel  shader #3354   2556 bytes  crc E07C8653  version 3_0  -> ps_3354_E07C8653.bin
[03:44:25] pixel  shader #3355   1840 bytes  crc 70743535  version 3_0  -> ps_3355_70743535.bin
[03:44:25] pixel  shader #3356   4720 bytes  crc F6088D62  version 3_0  -> ps_3356_F6088D62.bin
[03:44:25] pixel  shader #3357    916 bytes  crc 48ED222A  version 3_0  -> ps_3357_48ED222A.bin
[03:44:25] pixel  shader #3358   1288 bytes  crc 7A71BA86  version 3_0  -> ps_3358_7A71BA86.bin
[03:44:25] pixel  shader #3359   2116 bytes  crc 2C3CA152  version 3_0  -> ps_3359_2C3CA152.bin
[03:44:25] pixel  shader #3360   1660 bytes  crc 27CCD1B3  version 3_0  -> ps_3360_27CCD1B3.bin
[03:44:25] pixel  shader #3361   2820 bytes  crc 55CBDB41  version 3_0  -> ps_3361_55CBDB41.bin
[03:44:25] pixel  shader #3362   2948 bytes  crc 1613BDB8  version 3_0  -> ps_3362_1613BDB8.bin
[03:44:25] pixel  shader #3363   1748 bytes  crc B1B11486  version 3_0  -> ps_3363_B1B11486.bin
[03:44:25] pixel  shader #3364   2400 bytes  crc C5DC95B9  version 3_0  -> ps_3364_C5DC95B9.bin
[03:44:25] pixel  shader #3365    892 bytes  crc 3DABBDF3  version 3_0  -> ps_3365_3DABBDF3.bin
[03:44:25] pixel  shader #3366   3016 bytes  crc 69A35EC3  version 3_0  -> ps_3366_69A35EC3.bin
[03:44:25] pixel  shader #3367   2592 bytes  crc 602B22B1  version 3_0  -> ps_3367_602B22B1.bin
[03:44:25] pixel  shader #3368    352 bytes  crc 10982726  version 3_0  -> ps_3368_10982726.bin
[03:44:25] pixel  shader #3369    376 bytes  crc 1F3CAC24  version 3_0  -> ps_3369_1F3CAC24.bin
[03:44:25] pixel  shader #3370   2744 bytes  crc 17431FA8  version 3_0  -> ps_3370_17431FA8.bin
[03:44:25] pixel  shader #3371   2756 bytes  crc 5C3D893F  version 3_0  -> ps_3371_5C3D893F.bin
[03:44:25] pixel  shader #3372    768 bytes  crc 7F6DB53E  version 3_0  -> ps_3372_7F6DB53E.bin
[03:44:25] pixel  shader #3373   3144 bytes  crc A35EA40A  version 3_0  -> ps_3373_A35EA40A.bin
[03:44:25] pixel  shader #3374   3180 bytes  crc A012551A  version 3_0  -> ps_3374_A012551A.bin
[03:44:25] pixel  shader #3375   3216 bytes  crc 5D83CFFB  version 3_0  -> ps_3375_5D83CFFB.bin
[03:44:25] pixel  shader #3376    696 bytes  crc 9AC0E952  version 3_0  -> ps_3376_9AC0E952.bin
[03:44:25] pixel  shader #3377   2792 bytes  crc 0CF59DEC  version 3_0  -> ps_3377_0CF59DEC.bin
[03:44:25] pixel  shader #3378   1816 bytes  crc 762A2D28  version 3_0  -> ps_3378_762A2D28.bin
[03:44:25] pixel  shader #3379   1192 bytes  crc 7EA519C7  version 3_0  -> ps_3379_7EA519C7.bin
[03:44:25] pixel  shader #3380    720 bytes  crc 5701759D  version 3_0  -> ps_3380_5701759D.bin
[03:44:25] pixel  shader #3381   2104 bytes  crc 44C3DB4A  version 3_0  -> ps_3381_44C3DB4A.bin
[03:44:25] pixel  shader #3382   3472 bytes  crc A9997895  version 3_0  -> ps_3382_A9997895.bin
[03:44:25] pixel  shader #3383   3640 bytes  crc 5B1686C8  version 3_0  -> ps_3383_5B1686C8.bin
[03:44:25] pixel  shader #3384   1868 bytes  crc FC014981  version 3_0  -> ps_3384_FC014981.bin
[03:44:25] pixel  shader #3385   1200 bytes  crc CF46FC05  version 3_0  -> ps_3385_CF46FC05.bin
[03:44:25] pixel  shader #3386   1972 bytes  crc 85BC24BA  version 3_0  -> ps_3386_85BC24BA.bin
[03:44:25] pixel  shader #3387   2348 bytes  crc DAACD1C1  version 3_0  -> ps_3387_DAACD1C1.bin
[03:44:25] pixel  shader #3388   1668 bytes  crc 907C96C2  version 3_0  -> ps_3388_907C96C2.bin
[03:44:25] pixel  shader #3389   1212 bytes  crc 22DBC8CA  version 3_0  -> ps_3389_22DBC8CA.bin
[03:44:25] pixel  shader #3390   2856 bytes  crc 35204506  version 3_0  -> ps_3390_35204506.bin
[03:44:25] pixel  shader #3391   2600 bytes  crc 8509E008  version 3_0  -> ps_3391_8509E008.bin
[03:44:25] pixel  shader #3392   3052 bytes  crc 77B06B55  version 3_0  -> ps_3392_77B06B55.bin
[03:44:25] pixel  shader #3393   3028 bytes  crc CFB70DDB  version 3_0  -> ps_3393_CFB70DDB.bin
[03:44:25] pixel  shader #3394   4288 bytes  crc 363FADDE  version 3_0  -> ps_3394_363FADDE.bin
[03:44:25] pixel  shader #3395   2936 bytes  crc 3401F2DD  version 3_0  -> ps_3395_3401F2DD.bin
[03:44:25] pixel  shader #3396   3056 bytes  crc CDCABC0D  version 3_0  -> ps_3396_CDCABC0D.bin
[03:44:25] pixel  shader #3397   3040 bytes  crc FF1E4779  version 3_0  -> ps_3397_FF1E4779.bin
[03:44:25] pixel  shader #3398   3580 bytes  crc A125D349  version 3_0  -> ps_3398_A125D349.bin
[03:44:25] pixel  shader #3399   3592 bytes  crc 508E5CD5  version 3_0  -> ps_3399_508E5CD5.bin
[03:44:25] pixel  shader #3400   2356 bytes  crc 2F1383DE  version 3_0  -> ps_3400_2F1383DE.bin
[03:44:25] pixel  shader #3401   1400 bytes  crc 7485A3AF  version 3_0  -> ps_3401_7485A3AF.bin
[03:44:25] pixel  shader #3402   2060 bytes  crc B5507DC1  version 3_0  -> ps_3402_B5507DC1.bin
[03:44:25] pixel  shader #3403   1820 bytes  crc 6E144B9D  version 3_0  -> ps_3403_6E144B9D.bin
[03:44:25] pixel  shader #3404   2872 bytes  crc 743032D3  version 3_0  -> ps_3404_743032D3.bin
[03:44:25] pixel  shader #3405   3212 bytes  crc F960C57B  version 3_0  -> ps_3405_F960C57B.bin
[03:44:25] pixel  shader #3406   3584 bytes  crc 62AD3C41  version 3_0  -> ps_3406_62AD3C41.bin
[03:44:25] pixel  shader #3407   4552 bytes  crc 3F0485F0  version 3_0  -> ps_3407_3F0485F0.bin
[03:44:25] pixel  shader #3408   1036 bytes  crc 03047403  version 3_0  -> ps_3408_03047403.bin
[03:44:25] pixel  shader #3409   1640 bytes  crc 14F6D8C0  version 3_0  -> ps_3409_14F6D8C0.bin
[03:44:25] pixel  shader #3410   1808 bytes  crc 91A40AAC  version 3_0  -> ps_3410_91A40AAC.bin
[03:44:25] pixel  shader #3411   4092 bytes  crc 022FDADD  version 3_0  -> ps_3411_022FDADD.bin
[03:44:25] pixel  shader #3412   1816 bytes  crc 09E67692  version 3_0  -> ps_3412_09E67692.bin
[03:44:25] pixel  shader #3413   1228 bytes  crc 29407210  version 3_0  -> ps_3413_29407210.bin
[03:44:25] pixel  shader #3414   4508 bytes  crc 2B7504B9  version 3_0  -> ps_3414_2B7504B9.bin
[03:44:25] pixel  shader #3415   4052 bytes  crc 10356768  version 3_0  -> ps_3415_10356768.bin
[03:44:25] pixel  shader #3416   3016 bytes  crc F3BAF053  version 3_0  -> ps_3416_F3BAF053.bin
[03:44:25] pixel  shader #3417   2416 bytes  crc 7041DB89  version 3_0  -> ps_3417_7041DB89.bin
[03:44:25] pixel  shader #3418   2312 bytes  crc 8E4821CD  version 3_0  -> ps_3418_8E4821CD.bin
[03:44:25] pixel  shader #3419   4284 bytes  crc EBEC0D13  version 3_0  -> ps_3419_EBEC0D13.bin
[03:44:25] pixel  shader #3420   1684 bytes  crc 390CF4AE  version 3_0  -> ps_3420_390CF4AE.bin
[03:44:25] pixel  shader #3421   2532 bytes  crc 04F552E2  version 3_0  -> ps_3421_04F552E2.bin
[03:44:25] pixel  shader #3422   4320 bytes  crc 15BEB44A  version 3_0  -> ps_3422_15BEB44A.bin
[03:44:25] pixel  shader #3423   1580 bytes  crc B0CE29D4  version 3_0  -> ps_3423_B0CE29D4.bin
[03:44:25] pixel  shader #3424   3680 bytes  crc 3E0EC279  version 3_0  -> ps_3424_3E0EC279.bin
[03:44:25] pixel  shader #3425   1748 bytes  crc C9D43A2F  version 3_0  -> ps_3425_C9D43A2F.bin
[03:44:25] pixel  shader #3426   4372 bytes  crc FB347BBB  version 3_0  -> ps_3426_FB347BBB.bin
[03:44:25] pixel  shader #3427   2304 bytes  crc 6BEB10FC  version 3_0  -> ps_3427_6BEB10FC.bin
[03:44:25] pixel  shader #3428   2348 bytes  crc CDE7DB69  version 3_0  -> ps_3428_CDE7DB69.bin
[03:44:25] pixel  shader #3429   2804 bytes  crc 2F6EE9A5  version 3_0  -> ps_3429_2F6EE9A5.bin
[03:44:25] pixel  shader #3430   2472 bytes  crc C06516BA  version 3_0  -> ps_3430_C06516BA.bin
[03:44:25] pixel  shader #3431   2608 bytes  crc 2F0C29B9  version 3_0  -> ps_3431_2F0C29B9.bin
[03:44:25] pixel  shader #3432   3164 bytes  crc 9F68282F  version 3_0  -> ps_3432_9F68282F.bin
[03:44:25] pixel  shader #3433   2412 bytes  crc B9FADFFA  version 3_0  -> ps_3433_B9FADFFA.bin
[03:44:25] pixel  shader #3434    344 bytes  crc B2441867  version 3_0  -> ps_3434_B2441867.bin
[03:44:25] pixel  shader #3435   3340 bytes  crc C0D49CE7  version 3_0  -> ps_3435_C0D49CE7.bin
[03:44:25] pixel  shader #3436   1844 bytes  crc CF384C01  version 3_0  -> ps_3436_CF384C01.bin
[03:44:25] pixel  shader #3437   1128 bytes  crc 8128F80D  version 3_0  -> ps_3437_8128F80D.bin
[03:44:25] pixel  shader #3438   1668 bytes  crc CAF0C905  version 3_0  -> ps_3438_CAF0C905.bin
[03:44:25] pixel  shader #3439   3268 bytes  crc E2DC80DA  version 3_0  -> ps_3439_E2DC80DA.bin
[03:44:25] pixel  shader #3440   2632 bytes  crc 54D4F769  version 3_0  -> ps_3440_54D4F769.bin
[03:44:25] pixel  shader #3441   1968 bytes  crc 5F9C9735  version 3_0  -> ps_3441_5F9C9735.bin
[03:44:25] pixel  shader #3442   1312 bytes  crc 4C2E0B0B  version 3_0  -> ps_3442_4C2E0B0B.bin
[03:44:25] pixel  shader #3443   2224 bytes  crc AC99601A  version 3_0  -> ps_3443_AC99601A.bin
[03:44:25] pixel  shader #3444   2040 bytes  crc A0BA2AB5  version 3_0  -> ps_3444_A0BA2AB5.bin
[03:44:25] pixel  shader #3445   1960 bytes  crc 07667C34  version 3_0  -> ps_3445_07667C34.bin
[03:44:25] pixel  shader #3446   2820 bytes  crc 3433A01C  version 3_0  -> ps_3446_3433A01C.bin
[03:44:25] pixel  shader #3447   3288 bytes  crc 7AC7A7B2  version 3_0  -> ps_3447_7AC7A7B2.bin
[03:44:25] pixel  shader #3448   1304 bytes  crc 6E1E3A75  version 3_0  -> ps_3448_6E1E3A75.bin
[03:44:25] pixel  shader #3449   2624 bytes  crc 82563E0B  version 3_0  -> ps_3449_82563E0B.bin
[03:44:25] pixel  shader #3450   2220 bytes  crc 1D839A9E  version 3_0  -> ps_3450_1D839A9E.bin
[03:44:25] pixel  shader #3451   2008 bytes  crc 28C44FC9  version 3_0  -> ps_3451_28C44FC9.bin
[03:44:25] pixel  shader #3452   3144 bytes  crc D63315C4  version 3_0  -> ps_3452_D63315C4.bin
[03:44:25] pixel  shader #3453   2036 bytes  crc CCB5EDF5  version 3_0  -> ps_3453_CCB5EDF5.bin
[03:44:25] pixel  shader #3454   3120 bytes  crc 4FB3DF95  version 3_0  -> ps_3454_4FB3DF95.bin
[03:44:25] pixel  shader #3455   2092 bytes  crc 975B5A9A  version 3_0  -> ps_3455_975B5A9A.bin
[03:44:25] pixel  shader #3456   2964 bytes  crc A789E387  version 3_0  -> ps_3456_A789E387.bin
[03:44:25] pixel  shader #3457   1556 bytes  crc ABA18950  version 3_0  -> ps_3457_ABA18950.bin
[03:44:25] pixel  shader #3458   2068 bytes  crc A09E7B85  version 3_0  -> ps_3458_A09E7B85.bin
[03:44:25] pixel  shader #3459   1640 bytes  crc 129FD2F5  version 3_0  -> ps_3459_129FD2F5.bin
[03:44:25] pixel  shader #3460   2928 bytes  crc C61DE5B8  version 3_0  -> ps_3460_C61DE5B8.bin
[03:44:25] pixel  shader #3461   2228 bytes  crc E824608A  version 3_0  -> ps_3461_E824608A.bin
[03:44:25] pixel  shader #3462    788 bytes  crc 6A58B5E0  version 3_0  -> ps_3462_6A58B5E0.bin
[03:44:25] pixel  shader #3463    708 bytes  crc 47F77FFC  version 3_0  -> ps_3463_47F77FFC.bin
[03:44:25] pixel  shader #3464   2852 bytes  crc 4D575B5A  version 3_0  -> ps_3464_4D575B5A.bin
[03:44:25] pixel  shader #3465   2048 bytes  crc 539BA767  version 3_0  -> ps_3465_539BA767.bin
[03:44:25] pixel  shader #3466   2516 bytes  crc 98CE0719  version 3_0  -> ps_3466_98CE0719.bin
[03:44:25] pixel  shader #3467   2996 bytes  crc 3EDF1155  version 3_0  -> ps_3467_3EDF1155.bin
[03:44:25] pixel  shader #3468   1872 bytes  crc 8EDD426C  version 3_0  -> ps_3468_8EDD426C.bin
[03:44:25] pixel  shader #3469   1668 bytes  crc 5D93CFD1  version 3_0  -> ps_3469_5D93CFD1.bin
[03:44:25] pixel  shader #3470   2280 bytes  crc E7EA28A2  version 3_0  -> ps_3470_E7EA28A2.bin
[03:44:25] pixel  shader #3471   2180 bytes  crc 427E8309  version 3_0  -> ps_3471_427E8309.bin
[03:44:25] pixel  shader #3472   1648 bytes  crc 0A73CAA6  version 3_0  -> ps_3472_0A73CAA6.bin
[03:44:25] pixel  shader #3473   2760 bytes  crc 7B5C3E43  version 3_0  -> ps_3473_7B5C3E43.bin
[03:44:25] pixel  shader #3474   2708 bytes  crc B8A0F624  version 3_0  -> ps_3474_B8A0F624.bin
[03:44:25] pixel  shader #3475   3512 bytes  crc 807A866B  version 3_0  -> ps_3475_807A866B.bin
[03:44:25] pixel  shader #3476   3060 bytes  crc 7450CAAD  version 3_0  -> ps_3476_7450CAAD.bin
[03:44:25] pixel  shader #3477   3952 bytes  crc 942C80C2  version 3_0  -> ps_3477_942C80C2.bin
[03:44:25] pixel  shader #3478   1564 bytes  crc 89D813BC  version 3_0  -> ps_3478_89D813BC.bin
[03:44:25] pixel  shader #3479   2984 bytes  crc 3BACC1AD  version 3_0  -> ps_3479_3BACC1AD.bin
[03:44:25] pixel  shader #3480   2140 bytes  crc 3B525D5E  version 3_0  -> ps_3480_3B525D5E.bin
[03:44:25] pixel  shader #3481   1288 bytes  crc 1B1013CF  version 3_0  -> ps_3481_1B1013CF.bin
[03:44:25] pixel  shader #3482   3936 bytes  crc 225905BE  version 3_0  -> ps_3482_225905BE.bin
[03:44:25] pixel  shader #3483   1532 bytes  crc 1C49A20E  version 3_0  -> ps_3483_1C49A20E.bin
[03:44:25] pixel  shader #3484   1952 bytes  crc 20DAF9AF  version 3_0  -> ps_3484_20DAF9AF.bin
[03:44:25] pixel  shader #3485   1352 bytes  crc D83C13E8  version 3_0  -> ps_3485_D83C13E8.bin
[03:44:25] pixel  shader #3486   1024 bytes  crc A52692C6  version 3_0  -> ps_3486_A52692C6.bin
[03:44:25] pixel  shader #3487   1000 bytes  crc 6546756D  version 3_0  -> ps_3487_6546756D.bin
[03:44:25] pixel  shader #3488   2388 bytes  crc CA6243DE  version 3_0  -> ps_3488_CA6243DE.bin
[03:44:25] pixel  shader #3489   2184 bytes  crc 613A87F4  version 3_0  -> ps_3489_613A87F4.bin
[03:44:25] pixel  shader #3490   1812 bytes  crc EB1F6315  version 3_0  -> ps_3490_EB1F6315.bin
[03:44:25] pixel  shader #3491   4464 bytes  crc 8098A7CD  version 3_0  -> ps_3491_8098A7CD.bin
[03:44:25] pixel  shader #3492   2960 bytes  crc D32B5D9B  version 3_0  -> ps_3492_D32B5D9B.bin
[03:44:25] pixel  shader #3493   3720 bytes  crc 82DECE3D  version 3_0  -> ps_3493_82DECE3D.bin
[03:44:25] pixel  shader #3494   1744 bytes  crc 82C43C3E  version 3_0  -> ps_3494_82C43C3E.bin
[03:44:25] pixel  shader #3495   1956 bytes  crc 6F675D11  version 3_0  -> ps_3495_6F675D11.bin
[03:44:25] pixel  shader #3496   2624 bytes  crc 097B0B06  version 3_0  -> ps_3496_097B0B06.bin
[03:44:25] pixel  shader #3497   3088 bytes  crc 4A652851  version 3_0  -> ps_3497_4A652851.bin
[03:44:25] pixel  shader #3498   2000 bytes  crc B0DE99C1  version 3_0  -> ps_3498_B0DE99C1.bin
[03:44:25] pixel  shader #3499   2992 bytes  crc 3B7C16D4  version 3_0  -> ps_3499_3B7C16D4.bin
[03:44:25] pixel  shader #3500   2152 bytes  crc 06012E8D  version 3_0  -> ps_3500_06012E8D.bin
[03:44:25] pixel  shader #3501    840 bytes  crc 249FBEB8  version 3_0  -> ps_3501_249FBEB8.bin
[03:44:25] pixel  shader #3502   1768 bytes  crc 00D68EE0  version 3_0  -> ps_3502_00D68EE0.bin
[03:44:25] pixel  shader #3503   1156 bytes  crc F2020777  version 3_0  -> ps_3503_F2020777.bin
[03:44:25] pixel  shader #3504   2976 bytes  crc 871C6457  version 3_0  -> ps_3504_871C6457.bin
[03:44:25] pixel  shader #3505   2596 bytes  crc CBC47452  version 3_0  -> ps_3505_CBC47452.bin
[03:44:25] pixel  shader #3506   1640 bytes  crc 5B9D1702  version 3_0  -> ps_3506_5B9D1702.bin
[03:44:25] pixel  shader #3507   4160 bytes  crc 6B71FD13  version 3_0  -> ps_3507_6B71FD13.bin
[03:44:25] pixel  shader #3508   2760 bytes  crc B1BFC66B  version 3_0  -> ps_3508_B1BFC66B.bin
[03:44:25] pixel  shader #3509   2392 bytes  crc BF622E12  version 3_0  -> ps_3509_BF622E12.bin
[03:44:25] pixel  shader #3510    992 bytes  crc D0FC6C23  version 3_0  -> ps_3510_D0FC6C23.bin
[03:44:25] pixel  shader #3511   2368 bytes  crc 1EF11106  version 3_0  -> ps_3511_1EF11106.bin
[03:44:25] pixel  shader #3512   1772 bytes  crc 1631D6F5  version 3_0  -> ps_3512_1631D6F5.bin
[03:44:25] pixel  shader #3513   1852 bytes  crc 9CF57AB3  version 3_0  -> ps_3513_9CF57AB3.bin
[03:44:25] pixel  shader #3514   3504 bytes  crc E77D3392  version 3_0  -> ps_3514_E77D3392.bin
[03:44:25] pixel  shader #3515   2360 bytes  crc 52F1CD39  version 3_0  -> ps_3515_52F1CD39.bin
[03:44:25] pixel  shader #3516   1784 bytes  crc 6AF72A5F  version 3_0  -> ps_3516_6AF72A5F.bin
[03:44:25] pixel  shader #3517   4168 bytes  crc DFDC43AE  version 3_0  -> ps_3517_DFDC43AE.bin
[03:44:25] pixel  shader #3518   1556 bytes  crc FF5A4182  version 3_0  -> ps_3518_FF5A4182.bin
[03:44:25] pixel  shader #3519   2592 bytes  crc 6FFB1FFE  version 3_0  -> ps_3519_6FFB1FFE.bin
[03:44:25] pixel  shader #3520   1424 bytes  crc 4787F79F  version 3_0  -> ps_3520_4787F79F.bin
[03:44:25] pixel  shader #3521   4252 bytes  crc F8222671  version 3_0  -> ps_3521_F8222671.bin
[03:44:25] pixel  shader #3522   2536 bytes  crc 0E9FE016  version 3_0  -> ps_3522_0E9FE016.bin
[03:44:25] pixel  shader #3523   3900 bytes  crc 7014AE0E  version 3_0  -> ps_3523_7014AE0E.bin
[03:44:25] pixel  shader #3524   3640 bytes  crc 913D2BFC  version 3_0  -> ps_3524_913D2BFC.bin
[03:44:25] pixel  shader #3525   1304 bytes  crc AEF5C2D2  version 3_0  -> ps_3525_AEF5C2D2.bin
[03:44:25] pixel  shader #3526   2012 bytes  crc E5992FE0  version 3_0  -> ps_3526_E5992FE0.bin
[03:44:25] pixel  shader #3527   1948 bytes  crc BA147BDF  version 3_0  -> ps_3527_BA147BDF.bin
[03:44:25] pixel  shader #3528   2856 bytes  crc 19A27B56  version 3_0  -> ps_3528_19A27B56.bin
[03:44:25] pixel  shader #3529   2600 bytes  crc 08B363D1  version 3_0  -> ps_3529_08B363D1.bin
[03:44:25] pixel  shader #3530   2232 bytes  crc 9EFFB8B8  version 3_0  -> ps_3530_9EFFB8B8.bin
[03:44:25] pixel  shader #3531   2892 bytes  crc CECEFB26  version 3_0  -> ps_3531_CECEFB26.bin
[03:44:25] pixel  shader #3532   4644 bytes  crc EAEDD8BD  version 3_0  -> ps_3532_EAEDD8BD.bin
[03:44:25] pixel  shader #3533   2624 bytes  crc E2D95F9C  version 3_0  -> ps_3533_E2D95F9C.bin
[03:44:25] pixel  shader #3534   1536 bytes  crc 99DF31CF  version 3_0  -> ps_3534_99DF31CF.bin
[03:44:25] pixel  shader #3535   1852 bytes  crc E24B795A  version 3_0  -> ps_3535_E24B795A.bin
[03:44:25] pixel  shader #3536   3528 bytes  crc AA09CF62  version 3_0  -> ps_3536_AA09CF62.bin
[03:44:25] pixel  shader #3537   2100 bytes  crc BB590552  version 3_0  -> ps_3537_BB590552.bin
[03:44:25] pixel  shader #3538   2548 bytes  crc 57FA2AAA  version 3_0  -> ps_3538_57FA2AAA.bin
[03:44:25] pixel  shader #3539   2448 bytes  crc 2A38DE04  version 3_0  -> ps_3539_2A38DE04.bin
[03:44:25] pixel  shader #3540   1888 bytes  crc 012A02B6  version 3_0  -> ps_3540_012A02B6.bin
[03:44:25] pixel  shader #3541   1624 bytes  crc F5358C39  version 3_0  -> ps_3541_F5358C39.bin
[03:44:25] pixel  shader #3542   4060 bytes  crc 671F5AA2  version 3_0  -> ps_3542_671F5AA2.bin
[03:44:25] pixel  shader #3543   1688 bytes  crc 058D0FD6  version 3_0  -> ps_3543_058D0FD6.bin
[03:44:25] pixel  shader #3544   3336 bytes  crc 6B402287  version 3_0  -> ps_3544_6B402287.bin
[03:44:25] pixel  shader #3545   2328 bytes  crc ED802490  version 3_0  -> ps_3545_ED802490.bin
[03:44:25] pixel  shader #3546   1248 bytes  crc 665D56B5  version 3_0  -> ps_3546_665D56B5.bin
[03:44:25] pixel  shader #3547   2408 bytes  crc 3E1A9A09  version 3_0  -> ps_3547_3E1A9A09.bin
[03:44:25] pixel  shader #3548   2908 bytes  crc FCCB81F6  version 3_0  -> ps_3548_FCCB81F6.bin
[03:44:25] pixel  shader #3549   4180 bytes  crc 61C59E3A  version 3_0  -> ps_3549_61C59E3A.bin
[03:44:25] pixel  shader #3550   2416 bytes  crc 0E32FD2C  version 3_0  -> ps_3550_0E32FD2C.bin
[03:44:25] pixel  shader #3551   1980 bytes  crc 948912DB  version 3_0  -> ps_3551_948912DB.bin
[03:44:25] pixel  shader #3552   1532 bytes  crc E5E9C1F6  version 3_0  -> ps_3552_E5E9C1F6.bin
[03:44:25] pixel  shader #3553   2528 bytes  crc 76A51CFC  version 3_0  -> ps_3553_76A51CFC.bin
[03:44:25] pixel  shader #3554   4756 bytes  crc C5F9F0CB  version 3_0  -> ps_3554_C5F9F0CB.bin
[03:44:25] pixel  shader #3555   3728 bytes  crc BA8B9EE1  version 3_0  -> ps_3555_BA8B9EE1.bin
[03:44:25] pixel  shader #3556    764 bytes  crc 4D20234E  version 3_0  -> ps_3556_4D20234E.bin
[03:44:25] pixel  shader #3557   2120 bytes  crc 29C38D82  version 3_0  -> ps_3557_29C38D82.bin
[03:44:25] pixel  shader #3558   3772 bytes  crc E58B39C4  version 3_0  -> ps_3558_E58B39C4.bin
[03:44:25] pixel  shader #3559   1892 bytes  crc 8E36046E  version 3_0  -> ps_3559_8E36046E.bin
[03:44:25] pixel  shader #3560   2316 bytes  crc 801DF509  version 3_0  -> ps_3560_801DF509.bin
[03:44:25] pixel  shader #3561   2096 bytes  crc BCE5E09B  version 3_0  -> ps_3561_BCE5E09B.bin
[03:44:25] pixel  shader #3562   2780 bytes  crc 78EDE0E7  version 3_0  -> ps_3562_78EDE0E7.bin
[03:44:25] pixel  shader #3563   4344 bytes  crc 000EFBA1  version 3_0  -> ps_3563_000EFBA1.bin
[03:44:25] pixel  shader #3564    876 bytes  crc 9C4856A9  version 3_0  -> ps_3564_9C4856A9.bin
[03:44:25] pixel  shader #3565   1076 bytes  crc 3E8FF5DC  version 3_0  -> ps_3565_3E8FF5DC.bin
[03:44:25] pixel  shader #3566   4008 bytes  crc BE053EB0  version 3_0  -> ps_3566_BE053EB0.bin
[03:44:25] pixel  shader #3567   3860 bytes  crc F0B2315C  version 3_0  -> ps_3567_F0B2315C.bin
[03:44:25] pixel  shader #3568   3240 bytes  crc 6E089D4A  version 3_0  -> ps_3568_6E089D4A.bin
[03:44:25] pixel  shader #3569   1832 bytes  crc 5F46F63D  version 3_0  -> ps_3569_5F46F63D.bin
[03:44:25] pixel  shader #3570   2100 bytes  crc D36FBAA5  version 3_0  -> ps_3570_D36FBAA5.bin
[03:44:25] pixel  shader #3571   2940 bytes  crc 7AD9507D  version 3_0  -> ps_3571_7AD9507D.bin
[03:44:25] pixel  shader #3572   1012 bytes  crc 7831E0E7  version 3_0  -> ps_3572_7831E0E7.bin
[03:44:25] pixel  shader #3573    572 bytes  crc 9ADB447B  version 3_0  -> ps_3573_9ADB447B.bin
[03:44:25] pixel  shader #3574   2612 bytes  crc 92D36A8F  version 3_0  -> ps_3574_92D36A8F.bin
[03:44:25] pixel  shader #3575    368 bytes  crc B3BF3B5E  version 3_0  -> ps_3575_B3BF3B5E.bin
[03:44:25] pixel  shader #3576   3216 bytes  crc 8F638E4B  version 3_0  -> ps_3576_8F638E4B.bin
[03:44:25] pixel  shader #3577   3744 bytes  crc 6A22312E  version 3_0  -> ps_3577_6A22312E.bin
[03:44:25] pixel  shader #3578   1720 bytes  crc 40D4716E  version 3_0  -> ps_3578_40D4716E.bin
[03:44:25] pixel  shader #3579   2324 bytes  crc 55009C5C  version 3_0  -> ps_3579_55009C5C.bin
[03:44:25] pixel  shader #3580   2064 bytes  crc F1F91E96  version 3_0  -> ps_3580_F1F91E96.bin
[03:44:25] pixel  shader #3581   2232 bytes  crc A6296CA3  version 3_0  -> ps_3581_A6296CA3.bin
[03:44:25] pixel  shader #3582   1300 bytes  crc 8A07ECFD  version 3_0  -> ps_3582_8A07ECFD.bin
[03:44:25] pixel  shader #3583   2032 bytes  crc A6FCF16F  version 3_0  -> ps_3583_A6FCF16F.bin
[03:44:25] pixel  shader #3584   1696 bytes  crc 71CEB7BF  version 3_0  -> ps_3584_71CEB7BF.bin
[03:44:25] pixel  shader #3585   4744 bytes  crc 3A983824  version 3_0  -> ps_3585_3A983824.bin
[03:44:25] pixel  shader #3586   1508 bytes  crc E3388DDB  version 3_0  -> ps_3586_E3388DDB.bin
[03:44:25] pixel  shader #3587   2380 bytes  crc C7D018AE  version 3_0  -> ps_3587_C7D018AE.bin
[03:44:25] pixel  shader #3588   1136 bytes  crc D813A42A  version 3_0  -> ps_3588_D813A42A.bin
[03:44:25] pixel  shader #3589   3540 bytes  crc 9C3C8A1C  version 3_0  -> ps_3589_9C3C8A1C.bin
[03:44:25] pixel  shader #3590   4120 bytes  crc F70C68EE  version 3_0  -> ps_3590_F70C68EE.bin
[03:44:25] pixel  shader #3591   1928 bytes  crc E1B93110  version 3_0  -> ps_3591_E1B93110.bin
[03:44:25] pixel  shader #3592   2004 bytes  crc 21EFBA0C  version 3_0  -> ps_3592_21EFBA0C.bin
[03:44:25] pixel  shader #3593   2772 bytes  crc 4EF5E8FD  version 3_0  -> ps_3593_4EF5E8FD.bin
[03:44:25] pixel  shader #3594   2880 bytes  crc 6E2EAE3A  version 3_0  -> ps_3594_6E2EAE3A.bin
[03:44:25] pixel  shader #3595   1684 bytes  crc 5C0173BD  version 3_0  -> ps_3595_5C0173BD.bin
[03:44:25] pixel  shader #3596   2804 bytes  crc E81F4A33  version 3_0  -> ps_3596_E81F4A33.bin
[03:44:25] pixel  shader #3597   1412 bytes  crc 02510232  version 3_0  -> ps_3597_02510232.bin
[03:44:25] pixel  shader #3598   3524 bytes  crc 37C92E0D  version 3_0  -> ps_3598_37C92E0D.bin
[03:44:25] pixel  shader #3599    608 bytes  crc 3508BC4D  version 3_0  -> ps_3599_3508BC4D.bin
[03:44:25] pixel  shader #3600   3388 bytes  crc 1FEDD29D  version 3_0  -> ps_3600_1FEDD29D.bin
[03:44:25] pixel  shader #3601   2920 bytes  crc DA2F95F4  version 3_0  -> ps_3601_DA2F95F4.bin
[03:44:25] pixel  shader #3602   1060 bytes  crc 9989F710  version 3_0  -> ps_3602_9989F710.bin
[03:44:25] pixel  shader #3603    432 bytes  crc 0E38426D  version 3_0  -> ps_3603_0E38426D.bin
[03:44:25] pixel  shader #3604   2480 bytes  crc 19CBB512  version 3_0  -> ps_3604_19CBB512.bin
[03:44:25] pixel  shader #3605   2500 bytes  crc A24A2085  version 3_0  -> ps_3605_A24A2085.bin
[03:44:25] pixel  shader #3606   2108 bytes  crc 933745B8  version 3_0  -> ps_3606_933745B8.bin
[03:44:25] pixel  shader #3607   2048 bytes  crc BE91A40C  version 3_0  -> ps_3607_BE91A40C.bin
[03:44:25] pixel  shader #3608   1616 bytes  crc 95B6724B  version 3_0  -> ps_3608_95B6724B.bin
[03:44:25] pixel  shader #3609   3000 bytes  crc 2630EFD6  version 3_0  -> ps_3609_2630EFD6.bin
[03:44:25] pixel  shader #3610   2604 bytes  crc 80580F8E  version 3_0  -> ps_3610_80580F8E.bin
[03:44:25] pixel  shader #3611   2180 bytes  crc 0EC13F81  version 3_0  -> ps_3611_0EC13F81.bin
[03:44:25] pixel  shader #3612   1852 bytes  crc 98604414  version 3_0  -> ps_3612_98604414.bin
[03:44:25] pixel  shader #3613   3416 bytes  crc FC25E7F2  version 3_0  -> ps_3613_FC25E7F2.bin
[03:44:25] pixel  shader #3614   2504 bytes  crc 5B629CD8  version 3_0  -> ps_3614_5B629CD8.bin
[03:44:25] pixel  shader #3615   2548 bytes  crc C6DEFCEC  version 3_0  -> ps_3615_C6DEFCEC.bin
[03:44:25] pixel  shader #3616   2184 bytes  crc 48DE71DA  version 3_0  -> ps_3616_48DE71DA.bin
[03:44:25] pixel  shader #3617   2412 bytes  crc FA722A8B  version 3_0  -> ps_3617_FA722A8B.bin
[03:44:25] pixel  shader #3618   1440 bytes  crc 5945C757  version 3_0  -> ps_3618_5945C757.bin
[03:44:25] pixel  shader #3619   3480 bytes  crc A997E45A  version 3_0  -> ps_3619_A997E45A.bin
[03:44:25] pixel  shader #3620   2048 bytes  crc 4407E077  version 3_0  -> ps_3620_4407E077.bin
[03:44:25] pixel  shader #3621   4112 bytes  crc D7658D70  version 3_0  -> ps_3621_D7658D70.bin
[03:44:25] pixel  shader #3622   1904 bytes  crc DC66FD36  version 3_0  -> ps_3622_DC66FD36.bin
[03:44:25] pixel  shader #3623   3596 bytes  crc 4CCA3F73  version 3_0  -> ps_3623_4CCA3F73.bin
[03:44:25] pixel  shader #3624   2964 bytes  crc 75A21652  version 3_0  -> ps_3624_75A21652.bin
[03:44:25] pixel  shader #3625   4036 bytes  crc 1D66E401  version 3_0  -> ps_3625_1D66E401.bin
[03:44:25] pixel  shader #3626   3684 bytes  crc 07731BCB  version 3_0  -> ps_3626_07731BCB.bin
[03:44:25] pixel  shader #3627   2232 bytes  crc 50D2142E  version 3_0  -> ps_3627_50D2142E.bin
[03:44:25] pixel  shader #3628   3104 bytes  crc 9511E215  version 3_0  -> ps_3628_9511E215.bin
[03:44:25] pixel  shader #3629   1804 bytes  crc 9EC88860  version 3_0  -> ps_3629_9EC88860.bin
[03:44:25] pixel  shader #3630   1716 bytes  crc 01AECF91  version 3_0  -> ps_3630_01AECF91.bin
[03:44:25] pixel  shader #3631   2676 bytes  crc AF6CEC71  version 3_0  -> ps_3631_AF6CEC71.bin
[03:44:25] pixel  shader #3632   1304 bytes  crc B297EED8  version 3_0  -> ps_3632_B297EED8.bin
[03:44:25] pixel  shader #3633   2312 bytes  crc 3FE2ECBD  version 3_0  -> ps_3633_3FE2ECBD.bin
[03:44:25] pixel  shader #3634   2648 bytes  crc 912DDA11  version 3_0  -> ps_3634_912DDA11.bin
[03:44:25] pixel  shader #3635   1896 bytes  crc 6F5EFB4E  version 3_0  -> ps_3635_6F5EFB4E.bin
[03:44:25] pixel  shader #3636   1392 bytes  crc 9B35A174  version 3_0  -> ps_3636_9B35A174.bin
[03:44:25] pixel  shader #3637   1772 bytes  crc C3BB96AB  version 3_0  -> ps_3637_C3BB96AB.bin
[03:44:25] pixel  shader #3638   1264 bytes  crc 2E665567  version 3_0  -> ps_3638_2E665567.bin
[03:44:25] pixel  shader #3639   2732 bytes  crc 31C43CBF  version 3_0  -> ps_3639_31C43CBF.bin
[03:44:25] pixel  shader #3640   1680 bytes  crc 344DD6CC  version 3_0  -> ps_3640_344DD6CC.bin
[03:44:25] pixel  shader #3641   3236 bytes  crc 349F4265  version 3_0  -> ps_3641_349F4265.bin
[03:44:25] pixel  shader #3642   2560 bytes  crc 406EB156  version 3_0  -> ps_3642_406EB156.bin
[03:44:25] pixel  shader #3643   2980 bytes  crc E11B8385  version 3_0  -> ps_3643_E11B8385.bin
[03:44:25] pixel  shader #3644   2424 bytes  crc 91EA9DC2  version 3_0  -> ps_3644_91EA9DC2.bin
[03:44:25] pixel  shader #3645   3920 bytes  crc 2D1B2D24  version 3_0  -> ps_3645_2D1B2D24.bin
[03:44:25] pixel  shader #3646   1336 bytes  crc 6BAD7ABF  version 3_0  -> ps_3646_6BAD7ABF.bin
[03:44:25] pixel  shader #3647   2944 bytes  crc 9B4FA009  version 3_0  -> ps_3647_9B4FA009.bin
[03:44:25] pixel  shader #3648   1832 bytes  crc 912F3002  version 3_0  -> ps_3648_912F3002.bin
[03:44:25] pixel  shader #3649   2452 bytes  crc 138136BC  version 3_0  -> ps_3649_138136BC.bin
[03:44:25] pixel  shader #3650   2664 bytes  crc FD8E49E8  version 3_0  -> ps_3650_FD8E49E8.bin
[03:44:25] pixel  shader #3651   2244 bytes  crc 0F9E941F  version 3_0  -> ps_3651_0F9E941F.bin
[03:44:25] pixel  shader #3652   2420 bytes  crc 42CE8B01  version 3_0  -> ps_3652_42CE8B01.bin
[03:44:25] pixel  shader #3653   4252 bytes  crc B1DA3EBC  version 3_0  -> ps_3653_B1DA3EBC.bin
[03:44:25] pixel  shader #3654   1408 bytes  crc 4F469216  version 3_0  -> ps_3654_4F469216.bin
[03:44:25] pixel  shader #3655   2492 bytes  crc 6E99D272  version 3_0  -> ps_3655_6E99D272.bin
[03:44:25] pixel  shader #3656    576 bytes  crc 74E3F6B7  version 3_0  -> ps_3656_74E3F6B7.bin
[03:44:25] pixel  shader #3657   2560 bytes  crc 275AE677  version 3_0  -> ps_3657_275AE677.bin
[03:44:25] pixel  shader #3658   2636 bytes  crc 1AE80120  version 3_0  -> ps_3658_1AE80120.bin
[03:44:25] pixel  shader #3659   1464 bytes  crc DE3017D7  version 3_0  -> ps_3659_DE3017D7.bin
[03:44:25] pixel  shader #3660   3524 bytes  crc 14256488  version 3_0  -> ps_3660_14256488.bin
[03:44:25] pixel  shader #3661   3144 bytes  crc 898D20DA  version 3_0  -> ps_3661_898D20DA.bin
[03:44:25] pixel  shader #3662   2440 bytes  crc CA2EE740  version 3_0  -> ps_3662_CA2EE740.bin
[03:44:25] pixel  shader #3663   2432 bytes  crc 3A2F8F2F  version 3_0  -> ps_3663_3A2F8F2F.bin
[03:44:25] pixel  shader #3664   2620 bytes  crc F9273DAE  version 3_0  -> ps_3664_F9273DAE.bin
[03:44:25] pixel  shader #3665   2960 bytes  crc 704CE845  version 3_0  -> ps_3665_704CE845.bin
[03:44:25] pixel  shader #3666   2772 bytes  crc 159EE5EE  version 3_0  -> ps_3666_159EE5EE.bin
[03:44:25] pixel  shader #3667   1196 bytes  crc B0126198  version 3_0  -> ps_3667_B0126198.bin
[03:44:25] pixel  shader #3668   2444 bytes  crc 298060D4  version 3_0  -> ps_3668_298060D4.bin
[03:44:25] pixel  shader #3669   3232 bytes  crc 1F653611  version 3_0  -> ps_3669_1F653611.bin
[03:44:25] pixel  shader #3670    412 bytes  crc 2549AAED  version 3_0  -> ps_3670_2549AAED.bin
[03:44:25] pixel  shader #3671   1996 bytes  crc A316B74E  version 3_0  -> ps_3671_A316B74E.bin
[03:44:25] pixel  shader #3672   1456 bytes  crc A9FBC248  version 3_0  -> ps_3672_A9FBC248.bin
[03:44:25] pixel  shader #3673    492 bytes  crc CA3ABB7C  version 3_0  -> ps_3673_CA3ABB7C.bin
[03:44:25] pixel  shader #3674   2728 bytes  crc DCA5F504  version 3_0  -> ps_3674_DCA5F504.bin
[03:44:25] pixel  shader #3675   4112 bytes  crc 6B5D502B  version 3_0  -> ps_3675_6B5D502B.bin
[03:44:25] pixel  shader #3676   3664 bytes  crc 529243C6  version 3_0  -> ps_3676_529243C6.bin
[03:44:25] pixel  shader #3677   3772 bytes  crc 51FA3586  version 3_0  -> ps_3677_51FA3586.bin
[03:44:25] pixel  shader #3678   3780 bytes  crc 89E1FA66  version 3_0  -> ps_3678_89E1FA66.bin
[03:44:25] pixel  shader #3679   3448 bytes  crc A8268C00  version 3_0  -> ps_3679_A8268C00.bin
[03:44:25] pixel  shader #3680   1688 bytes  crc 5CCD1A39  version 3_0  -> ps_3680_5CCD1A39.bin
[03:44:25] pixel  shader #3681   3256 bytes  crc B2CE0CBE  version 3_0  -> ps_3681_B2CE0CBE.bin
[03:44:25] pixel  shader #3682   2464 bytes  crc 8CE12665  version 3_0  -> ps_3682_8CE12665.bin
[03:44:25] pixel  shader #3683   3204 bytes  crc 7E336063  version 3_0  -> ps_3683_7E336063.bin
[03:44:25] pixel  shader #3684    420 bytes  crc 7E41ABA0  version 3_0  -> ps_3684_7E41ABA0.bin
[03:44:25] pixel  shader #3685   2260 bytes  crc 594F422C  version 3_0  -> ps_3685_594F422C.bin
[03:44:25] pixel  shader #3686   2172 bytes  crc 1E92DD5B  version 3_0  -> ps_3686_1E92DD5B.bin
[03:44:25] pixel  shader #3687   2372 bytes  crc C981E873  version 3_0  -> ps_3687_C981E873.bin
[03:44:25] pixel  shader #3688   4048 bytes  crc 9F0AA40B  version 3_0  -> ps_3688_9F0AA40B.bin
[03:44:25] pixel  shader #3689   1952 bytes  crc F2B944C0  version 3_0  -> ps_3689_F2B944C0.bin
[03:44:25] pixel  shader #3690   1704 bytes  crc D57C4A4C  version 3_0  -> ps_3690_D57C4A4C.bin
[03:44:25] pixel  shader #3691   4500 bytes  crc D5C4F038  version 3_0  -> ps_3691_D5C4F038.bin
[03:44:25] pixel  shader #3692   2952 bytes  crc 69606F0D  version 3_0  -> ps_3692_69606F0D.bin
[03:44:25] pixel  shader #3693   1804 bytes  crc 8FBD08C7  version 3_0  -> ps_3693_8FBD08C7.bin
[03:44:25] pixel  shader #3694   3052 bytes  crc F402A3AA  version 3_0  -> ps_3694_F402A3AA.bin
[03:44:25] pixel  shader #3695   2432 bytes  crc 7FEBCB3B  version 3_0  -> ps_3695_7FEBCB3B.bin
[03:44:25] pixel  shader #3696   1468 bytes  crc 08E1A1B0  version 3_0  -> ps_3696_08E1A1B0.bin
[03:44:25] pixel  shader #3697   2440 bytes  crc D3CED222  version 3_0  -> ps_3697_D3CED222.bin
[03:44:25] pixel  shader #3698   3064 bytes  crc CFCAEB0B  version 3_0  -> ps_3698_CFCAEB0B.bin
[03:44:25] pixel  shader #3699   2364 bytes  crc 64C66AAC  version 3_0  -> ps_3699_64C66AAC.bin
[03:44:25] pixel  shader #3700   1548 bytes  crc 7E523213  version 3_0  -> ps_3700_7E523213.bin
[03:44:25] pixel  shader #3701    448 bytes  crc 3F9D073D  version 3_0  -> ps_3701_3F9D073D.bin
[03:44:25] pixel  shader #3702   2628 bytes  crc 2261C073  version 3_0  -> ps_3702_2261C073.bin
[03:44:25] pixel  shader #3703   3896 bytes  crc E294156A  version 3_0  -> ps_3703_E294156A.bin
[03:44:25] pixel  shader #3704   2272 bytes  crc A9145D3E  version 3_0  -> ps_3704_A9145D3E.bin
[03:44:25] pixel  shader #3705   4008 bytes  crc 8ABC12CA  version 3_0  -> ps_3705_8ABC12CA.bin
[03:44:25] pixel  shader #3706   3788 bytes  crc 8C7A7664  version 3_0  -> ps_3706_8C7A7664.bin
[03:44:25] pixel  shader #3707   2204 bytes  crc 9C51A4C4  version 3_0  -> ps_3707_9C51A4C4.bin
[03:44:25] pixel  shader #3708   3116 bytes  crc 47C3EBFC  version 3_0  -> ps_3708_47C3EBFC.bin
[03:44:25] pixel  shader #3709   2912 bytes  crc 7772F75E  version 3_0  -> ps_3709_7772F75E.bin
[03:44:25] pixel  shader #3710   1984 bytes  crc 8E104E34  version 3_0  -> ps_3710_8E104E34.bin
[03:44:25] pixel  shader #3711   3024 bytes  crc 62295F2A  version 3_0  -> ps_3711_62295F2A.bin
[03:44:25] pixel  shader #3712   1936 bytes  crc D8CF0E46  version 3_0  -> ps_3712_D8CF0E46.bin
[03:44:25] pixel  shader #3713   2604 bytes  crc 86C764D2  version 3_0  -> ps_3713_86C764D2.bin
[03:44:25] pixel  shader #3714   2552 bytes  crc 67333117  version 3_0  -> ps_3714_67333117.bin
[03:44:25] pixel  shader #3715    624 bytes  crc 7004C9F9  version 3_0  -> ps_3715_7004C9F9.bin
[03:44:25] pixel  shader #3716   3672 bytes  crc EBFB062F  version 3_0  -> ps_3716_EBFB062F.bin
[03:44:25] pixel  shader #3717   1136 bytes  crc 1EAF4FFD  version 3_0  -> ps_3717_1EAF4FFD.bin
[03:44:25] pixel  shader #3718   2832 bytes  crc F700E843  version 3_0  -> ps_3718_F700E843.bin
[03:44:25] pixel  shader #3719   3824 bytes  crc 11E2A529  version 3_0  -> ps_3719_11E2A529.bin
[03:44:25] pixel  shader #3720   2712 bytes  crc 49B718E0  version 3_0  -> ps_3720_49B718E0.bin
[03:44:25] pixel  shader #3721   1276 bytes  crc 729B0012  version 3_0  -> ps_3721_729B0012.bin
[03:44:25] pixel  shader #3722   2896 bytes  crc E9465646  version 3_0  -> ps_3722_E9465646.bin
[03:44:25] pixel  shader #3723   3040 bytes  crc B693A7EE  version 3_0  -> ps_3723_B693A7EE.bin
[03:44:25] pixel  shader #3724   2420 bytes  crc EDB7D780  version 3_0  -> ps_3724_EDB7D780.bin
[03:44:25] pixel  shader #3725   2460 bytes  crc 3040F2BA  version 3_0  -> ps_3725_3040F2BA.bin
[03:44:25] pixel  shader #3726   2684 bytes  crc C7A4B5AB  version 3_0  -> ps_3726_C7A4B5AB.bin
[03:44:25] pixel  shader #3727   1868 bytes  crc F3DA45A9  version 3_0  -> ps_3727_F3DA45A9.bin
[03:44:25] pixel  shader #3728   2164 bytes  crc 4B492D92  version 3_0  -> ps_3728_4B492D92.bin
[03:44:25] pixel  shader #3729   4188 bytes  crc AC72B4E5  version 3_0  -> ps_3729_AC72B4E5.bin
[03:44:25] pixel  shader #3730   3032 bytes  crc AE1C985E  version 3_0  -> ps_3730_AE1C985E.bin
[03:44:25] pixel  shader #3731   3024 bytes  crc 39E320D1  version 3_0  -> ps_3731_39E320D1.bin
[03:44:25] pixel  shader #3732   2876 bytes  crc 997B67F6  version 3_0  -> ps_3732_997B67F6.bin
[03:44:25] pixel  shader #3733   2476 bytes  crc B92A2406  version 3_0  -> ps_3733_B92A2406.bin
[03:44:25] pixel  shader #3734   1612 bytes  crc 6C8EDD21  version 3_0  -> ps_3734_6C8EDD21.bin
[03:44:25] pixel  shader #3735   2200 bytes  crc 0E2E08E1  version 3_0  -> ps_3735_0E2E08E1.bin
[03:44:25] pixel  shader #3736   3412 bytes  crc 1AF356EE  version 3_0  -> ps_3736_1AF356EE.bin
[03:44:25] pixel  shader #3737   1476 bytes  crc 6893C4EF  version 3_0  -> ps_3737_6893C4EF.bin
[03:44:25] pixel  shader #3738   1524 bytes  crc AA95787F  version 3_0  -> ps_3738_AA95787F.bin
[03:44:25] pixel  shader #3739   3528 bytes  crc F3983614  version 3_0  -> ps_3739_F3983614.bin
[03:44:25] pixel  shader #3740   3228 bytes  crc 25155C50  version 3_0  -> ps_3740_25155C50.bin
[03:44:25] pixel  shader #3741   2816 bytes  crc AA1E2085  version 3_0  -> ps_3741_AA1E2085.bin
[03:44:25] pixel  shader #3742   2184 bytes  crc 34BED480  version 3_0  -> ps_3742_34BED480.bin
[03:44:25] pixel  shader #3743   1344 bytes  crc 3D3F8163  version 3_0  -> ps_3743_3D3F8163.bin
[03:44:25] pixel  shader #3744   1820 bytes  crc A2054A94  version 3_0  -> ps_3744_A2054A94.bin
[03:44:25] pixel  shader #3745   3640 bytes  crc 504A660C  version 3_0  -> ps_3745_504A660C.bin
[03:44:25] pixel  shader #3746   4232 bytes  crc 5C3F76EC  version 3_0  -> ps_3746_5C3F76EC.bin
[03:44:25] pixel  shader #3747   2024 bytes  crc 96667689  version 3_0  -> ps_3747_96667689.bin
[03:44:25] pixel  shader #3748    404 bytes  crc 2F100692  version 3_0  -> ps_3748_2F100692.bin
[03:44:25] pixel  shader #3749   3904 bytes  crc F61CA21E  version 3_0  -> ps_3749_F61CA21E.bin
[03:44:25] pixel  shader #3750   1756 bytes  crc 97712E1B  version 3_0  -> ps_3750_97712E1B.bin
[03:44:25] pixel  shader #3751   2116 bytes  crc 091BB72A  version 3_0  -> ps_3751_091BB72A.bin
[03:44:25] pixel  shader #3752   3304 bytes  crc 41B1D15B  version 3_0  -> ps_3752_41B1D15B.bin
[03:44:25] pixel  shader #3753   3308 bytes  crc AC840032  version 3_0  -> ps_3753_AC840032.bin
[03:44:25] pixel  shader #3754   2528 bytes  crc 7E22B657  version 3_0  -> ps_3754_7E22B657.bin
[03:44:25] pixel  shader #3755   1336 bytes  crc 42872D49  version 3_0  -> ps_3755_42872D49.bin
[03:44:25] pixel  shader #3756   3004 bytes  crc 0CDD71D8  version 3_0  -> ps_3756_0CDD71D8.bin
[03:44:25] pixel  shader #3757   3872 bytes  crc C077F502  version 3_0  -> ps_3757_C077F502.bin
[03:44:25] pixel  shader #3758   1244 bytes  crc 3537D473  version 3_0  -> ps_3758_3537D473.bin
[03:44:25] pixel  shader #3759   5012 bytes  crc 7B7A4D66  version 3_0  -> ps_3759_7B7A4D66.bin
[03:44:25] pixel  shader #3760   1636 bytes  crc 4CDFD2E5  version 3_0  -> ps_3760_4CDFD2E5.bin
[03:44:25] pixel  shader #3761   3688 bytes  crc BF75A6E8  version 3_0  -> ps_3761_BF75A6E8.bin
[03:44:25] pixel  shader #3762   2412 bytes  crc EF50B81E  version 3_0  -> ps_3762_EF50B81E.bin
[03:44:25] pixel  shader #3763   2628 bytes  crc 9B1251F7  version 3_0  -> ps_3763_9B1251F7.bin
[03:44:25] pixel  shader #3764   2376 bytes  crc 23C82EC4  version 3_0  -> ps_3764_23C82EC4.bin
[03:44:25] pixel  shader #3765    784 bytes  crc FAA42E68  version 3_0  -> ps_3765_FAA42E68.bin
[03:44:25] pixel  shader #3766   2356 bytes  crc D5E064B1  version 3_0  -> ps_3766_D5E064B1.bin
[03:44:25] pixel  shader #3767   2872 bytes  crc 592983B1  version 3_0  -> ps_3767_592983B1.bin
[03:44:25] pixel  shader #3768   3392 bytes  crc B51A235D  version 3_0  -> ps_3768_B51A235D.bin
[03:44:25] pixel  shader #3769   1772 bytes  crc BAF54FD9  version 3_0  -> ps_3769_BAF54FD9.bin
[03:44:25] pixel  shader #3770    992 bytes  crc 48A82A7D  version 3_0  -> ps_3770_48A82A7D.bin
[03:44:25] pixel  shader #3771   3144 bytes  crc A7A4D55D  version 3_0  -> ps_3771_A7A4D55D.bin
[03:44:25] pixel  shader #3772   1992 bytes  crc F584233F  version 3_0  -> ps_3772_F584233F.bin
[03:44:25] pixel  shader #3773   2560 bytes  crc 51E560C3  version 3_0  -> ps_3773_51E560C3.bin
[03:44:25] pixel  shader #3774   3296 bytes  crc 0EE76205  version 3_0  -> ps_3774_0EE76205.bin
[03:44:25] pixel  shader #3775   2228 bytes  crc 68E13E41  version 3_0  -> ps_3775_68E13E41.bin
[03:44:25] pixel  shader #3776   2328 bytes  crc B37DFB13  version 3_0  -> ps_3776_B37DFB13.bin
[03:44:25] pixel  shader #3777    932 bytes  crc B99F4066  version 3_0  -> ps_3777_B99F4066.bin
[03:44:25] pixel  shader #3778   3140 bytes  crc BD239489  version 3_0  -> ps_3778_BD239489.bin
[03:44:26] pixel  shader #3779   3408 bytes  crc 430D2EBF  version 3_0  -> ps_3779_430D2EBF.bin
[03:44:26] pixel  shader #3780   1188 bytes  crc 3768F9EB  version 3_0  -> ps_3780_3768F9EB.bin
[03:44:26] pixel  shader #3781   2852 bytes  crc 96BC7E2D  version 3_0  -> ps_3781_96BC7E2D.bin
[03:44:26] pixel  shader #3782   4300 bytes  crc A1724C39  version 3_0  -> ps_3782_A1724C39.bin
[03:44:26] pixel  shader #3783   2348 bytes  crc 2C8842AD  version 3_0  -> ps_3783_2C8842AD.bin
[03:44:26] pixel  shader #3784    776 bytes  crc FF65A6C4  version 3_0  -> ps_3784_FF65A6C4.bin
[03:44:26] pixel  shader #3785   3416 bytes  crc DF0E6793  version 3_0  -> ps_3785_DF0E6793.bin
[03:44:26] pixel  shader #3786   1724 bytes  crc F6EEB1C1  version 3_0  -> ps_3786_F6EEB1C1.bin
[03:44:26] pixel  shader #3787   2764 bytes  crc E9F12454  version 3_0  -> ps_3787_E9F12454.bin
[03:44:26] pixel  shader #3788   3792 bytes  crc 153E31E9  version 3_0  -> ps_3788_153E31E9.bin
[03:44:26] pixel  shader #3789   3448 bytes  crc 34F77CC0  version 3_0  -> ps_3789_34F77CC0.bin
[03:44:26] pixel  shader #3790   2580 bytes  crc B84573AB  version 3_0  -> ps_3790_B84573AB.bin
[03:44:26] pixel  shader #3791  13856 bytes  crc 71E18975  version 3_0  -> ps_3791_71E18975.bin
[03:44:26] pixel  shader #3792   3048 bytes  crc 8444297E  version 3_0  -> ps_3792_8444297E.bin
[03:44:26] pixel  shader #3793   3012 bytes  crc CEF5EEB6  version 3_0  -> ps_3793_CEF5EEB6.bin
[03:44:26] pixel  shader #3794   1240 bytes  crc C1D85DBF  version 3_0  -> ps_3794_C1D85DBF.bin
[03:44:26] pixel  shader #3795   3316 bytes  crc 151FB632  version 3_0  -> ps_3795_151FB632.bin
[03:44:26] pixel  shader #3796   3344 bytes  crc BCC64006  version 3_0  -> ps_3796_BCC64006.bin
[03:44:26] pixel  shader #3797   4260 bytes  crc EF701F98  version 3_0  -> ps_3797_EF701F98.bin
[03:44:26] pixel  shader #3798   2552 bytes  crc B00D1D2E  version 3_0  -> ps_3798_B00D1D2E.bin
[03:44:26] pixel  shader #3799    540 bytes  crc 1F9BA0F8  version 3_0  -> ps_3799_1F9BA0F8.bin
[03:44:26] pixel  shader #3800   3472 bytes  crc A29A48DC  version 3_0  -> ps_3800_A29A48DC.bin
[03:44:26] pixel  shader #3801   2944 bytes  crc 7198A2F3  version 3_0  -> ps_3801_7198A2F3.bin
[03:44:26] pixel  shader #3802   2756 bytes  crc FA5E3AB9  version 3_0  -> ps_3802_FA5E3AB9.bin
[03:44:26] pixel  shader #3803   1584 bytes  crc 029B9E68  version 3_0  -> ps_3803_029B9E68.bin
[03:44:26] pixel  shader #3804   3004 bytes  crc 6005D164  version 3_0  -> ps_3804_6005D164.bin
[03:44:26] pixel  shader #3805   1980 bytes  crc ECC74367  version 3_0  -> ps_3805_ECC74367.bin
[03:44:26] pixel  shader #3806   1880 bytes  crc 8BF950D9  version 3_0  -> ps_3806_8BF950D9.bin
[03:44:26] pixel  shader #3807   2216 bytes  crc 68D248F2  version 3_0  -> ps_3807_68D248F2.bin
[03:44:26] pixel  shader #3808   2116 bytes  crc E4C46D1A  version 3_0  -> ps_3808_E4C46D1A.bin
[03:44:26] pixel  shader #3809   1168 bytes  crc 6DAC4115  version 3_0  -> ps_3809_6DAC4115.bin
[03:44:26] pixel  shader #3810   3920 bytes  crc 86ECAA51  version 3_0  -> ps_3810_86ECAA51.bin
[03:44:26] pixel  shader #3811    856 bytes  crc 1408E692  version 3_0  -> ps_3811_1408E692.bin
[03:44:26] pixel  shader #3812   2076 bytes  crc BE5E8ED7  version 3_0  -> ps_3812_BE5E8ED7.bin
[03:44:26] pixel  shader #3813   2720 bytes  crc 8F3C4DA6  version 3_0  -> ps_3813_8F3C4DA6.bin
[03:44:26] pixel  shader #3814   1992 bytes  crc F36CDF6C  version 3_0  -> ps_3814_F36CDF6C.bin
[03:44:26] pixel  shader #3815   1532 bytes  crc B57917FA  version 3_0  -> ps_3815_B57917FA.bin
[03:44:26] pixel  shader #3816   2876 bytes  crc 9A564F83  version 3_0  -> ps_3816_9A564F83.bin
[03:44:26] pixel  shader #3817   1928 bytes  crc 114C99D9  version 3_0  -> ps_3817_114C99D9.bin
[03:44:26] pixel  shader #3818    648 bytes  crc 296E3CA2  version 3_0  -> ps_3818_296E3CA2.bin
[03:44:26] pixel  shader #3819   4208 bytes  crc 9FF07A72  version 3_0  -> ps_3819_9FF07A72.bin
[03:44:26] pixel  shader #3820   2500 bytes  crc 8AFD1AB3  version 3_0  -> ps_3820_8AFD1AB3.bin
[03:44:26] pixel  shader #3821   2944 bytes  crc B487549C  version 3_0  -> ps_3821_B487549C.bin
[03:44:26] pixel  shader #3822   3692 bytes  crc B9E9FA28  version 3_0  -> ps_3822_B9E9FA28.bin
[03:44:26] pixel  shader #3823   2760 bytes  crc F7EFC4E8  version 3_0  -> ps_3823_F7EFC4E8.bin
[03:44:26] pixel  shader #3824   4192 bytes  crc 6C61611E  version 3_0  -> ps_3824_6C61611E.bin
[03:44:26] pixel  shader #3825   2008 bytes  crc 871E6BC2  version 3_0  -> ps_3825_871E6BC2.bin
[03:44:26] pixel  shader #3826   2960 bytes  crc 86A6948C  version 3_0  -> ps_3826_86A6948C.bin
[03:44:26] pixel  shader #3827   3860 bytes  crc 6D536CC1  version 3_0  -> ps_3827_6D536CC1.bin
[03:44:26] pixel  shader #3828   2556 bytes  crc 71DFD8CD  version 3_0  -> ps_3828_71DFD8CD.bin
[03:44:26] pixel  shader #3829   3476 bytes  crc 55112079  version 3_0  -> ps_3829_55112079.bin
[03:44:26] pixel  shader #3830   1048 bytes  crc 97F48727  version 3_0  -> ps_3830_97F48727.bin
[03:44:26] pixel  shader #3831    948 bytes  crc A83C7B01  version 3_0  -> ps_3831_A83C7B01.bin
[03:44:26] pixel  shader #3832   2780 bytes  crc 3D8E3FAE  version 3_0  -> ps_3832_3D8E3FAE.bin
[03:44:26] pixel  shader #3833   4008 bytes  crc 2AEC8110  version 3_0  -> ps_3833_2AEC8110.bin
[03:44:26] pixel  shader #3834   1476 bytes  crc 66FD79A7  version 3_0  -> ps_3834_66FD79A7.bin
[03:44:26] pixel  shader #3835    224 bytes  crc F58F03F9  version 3_0  -> ps_3835_F58F03F9.bin
[03:44:26] pixel  shader #3836   1696 bytes  crc 1B70B20D  version 3_0  -> ps_3836_1B70B20D.bin
[03:44:26] pixel  shader #3837   3544 bytes  crc C4CF2C44  version 3_0  -> ps_3837_C4CF2C44.bin
[03:44:26] pixel  shader #3838    548 bytes  crc 52026F24  version 3_0  -> ps_3838_52026F24.bin
[03:44:26] pixel  shader #3839   2460 bytes  crc ED038A68  version 3_0  -> ps_3839_ED038A68.bin
[03:44:26] pixel  shader #3840   2428 bytes  crc 76BC3124  version 3_0  -> ps_3840_76BC3124.bin
[03:44:26] pixel  shader #3841   2340 bytes  crc 0A960A09  version 3_0  -> ps_3841_0A960A09.bin
[03:44:26] pixel  shader #3842   3024 bytes  crc DEB9B78B  version 3_0  -> ps_3842_DEB9B78B.bin
[03:44:26] pixel  shader #3843   1980 bytes  crc 62B014F0  version 3_0  -> ps_3843_62B014F0.bin
[03:44:26] pixel  shader #3844   3468 bytes  crc 2148D68F  version 3_0  -> ps_3844_2148D68F.bin
[03:44:26] pixel  shader #3845   4500 bytes  crc 83714A8F  version 3_0  -> ps_3845_83714A8F.bin
[03:44:26] pixel  shader #3846   1288 bytes  crc 917CEAFC  version 3_0  -> ps_3846_917CEAFC.bin
[03:44:26] pixel  shader #3847   2832 bytes  crc 7B491C97  version 3_0  -> ps_3847_7B491C97.bin
[03:44:26] pixel  shader #3848   2996 bytes  crc FA14391A  version 3_0  -> ps_3848_FA14391A.bin
[03:44:26] pixel  shader #3849    900 bytes  crc DA5E7218  version 3_0  -> ps_3849_DA5E7218.bin
[03:44:26] pixel  shader #3850   2204 bytes  crc 408E901C  version 3_0  -> ps_3850_408E901C.bin
[03:44:26] pixel  shader #3851   1696 bytes  crc 38E2D5FF  version 3_0  -> ps_3851_38E2D5FF.bin
[03:44:26] pixel  shader #3852   2588 bytes  crc 731CC16D  version 3_0  -> ps_3852_731CC16D.bin
[03:44:26] pixel  shader #3853   1152 bytes  crc 77164515  version 3_0  -> ps_3853_77164515.bin
[03:44:26] pixel  shader #3854   1116 bytes  crc B78C3F4A  version 3_0  -> ps_3854_B78C3F4A.bin
[03:44:26] pixel  shader #3855   1836 bytes  crc E5D96B17  version 3_0  -> ps_3855_E5D96B17.bin
[03:44:26] pixel  shader #3856   4260 bytes  crc C163F152  version 3_0  -> ps_3856_C163F152.bin
[03:44:26] pixel  shader #3857   2444 bytes  crc 798D63FC  version 3_0  -> ps_3857_798D63FC.bin
[03:44:26] pixel  shader #3858   2124 bytes  crc 9423F285  version 3_0  -> ps_3858_9423F285.bin
[03:44:26] pixel  shader #3859   3516 bytes  crc D7DA6D30  version 3_0  -> ps_3859_D7DA6D30.bin
[03:44:26] pixel  shader #3860    668 bytes  crc C2F8EA9C  version 3_0  -> ps_3860_C2F8EA9C.bin
[03:44:26] pixel  shader #3861   1336 bytes  crc A8CA561D  version 3_0  -> ps_3861_A8CA561D.bin
[03:44:26] pixel  shader #3862   2312 bytes  crc 761E5EC4  version 3_0  -> ps_3862_761E5EC4.bin
[03:44:26] pixel  shader #3863    536 bytes  crc 994EFD95  version 3_0  -> ps_3863_994EFD95.bin
[03:44:26] pixel  shader #3864   2464 bytes  crc 45B12131  version 3_0  -> ps_3864_45B12131.bin
[03:44:26] pixel  shader #3865   4624 bytes  crc 120A1EC5  version 3_0  -> ps_3865_120A1EC5.bin
[03:44:26] pixel  shader #3866   2128 bytes  crc 0FDB2A22  version 3_0  -> ps_3866_0FDB2A22.bin
[03:44:26] pixel  shader #3867   1500 bytes  crc 7C70B7ED  version 3_0  -> ps_3867_7C70B7ED.bin
[03:44:26] pixel  shader #3868   3168 bytes  crc 184971D7  version 3_0  -> ps_3868_184971D7.bin
[03:44:26] pixel  shader #3869   2160 bytes  crc 15623D66  version 3_0  -> ps_3869_15623D66.bin
[03:44:26] pixel  shader #3870   2988 bytes  crc B4924772  version 3_0  -> ps_3870_B4924772.bin
[03:44:26] pixel  shader #3871   1904 bytes  crc 3452BA26  version 3_0  -> ps_3871_3452BA26.bin
[03:44:26] pixel  shader #3872   2348 bytes  crc 6DFE5D39  version 3_0  -> ps_3872_6DFE5D39.bin
[03:44:26] pixel  shader #3873   4068 bytes  crc FC4B6C3B  version 3_0  -> ps_3873_FC4B6C3B.bin
[03:44:26] pixel  shader #3874   2112 bytes  crc CF4E41B6  version 3_0  -> ps_3874_CF4E41B6.bin
[03:44:26] pixel  shader #3875   2560 bytes  crc 1809EF2E  version 3_0  -> ps_3875_1809EF2E.bin
[03:44:26] pixel  shader #3876   3024 bytes  crc 4875B68D  version 3_0  -> ps_3876_4875B68D.bin
[03:44:26] pixel  shader #3877   1528 bytes  crc 69159C28  version 3_0  -> ps_3877_69159C28.bin
[03:44:26] pixel  shader #3878   1312 bytes  crc 8DB99814  version 3_0  -> ps_3878_8DB99814.bin
[03:44:26] pixel  shader #3879   3176 bytes  crc 8D91C092  version 3_0  -> ps_3879_8D91C092.bin
[03:44:26] pixel  shader #3880   2864 bytes  crc 45A4FAD5  version 3_0  -> ps_3880_45A4FAD5.bin
[03:44:26] pixel  shader #3881   2940 bytes  crc FE28E697  version 3_0  -> ps_3881_FE28E697.bin
[03:44:26] pixel  shader #3882   4076 bytes  crc 5092B962  version 3_0  -> ps_3882_5092B962.bin
[03:44:26] pixel  shader #3883   2096 bytes  crc A192AE4F  version 3_0  -> ps_3883_A192AE4F.bin
[03:44:26] pixel  shader #3884   1716 bytes  crc 29B0B602  version 3_0  -> ps_3884_29B0B602.bin
[03:44:26] pixel  shader #3885   1332 bytes  crc 4AC3FF04  version 3_0  -> ps_3885_4AC3FF04.bin
[03:44:26] pixel  shader #3886    528 bytes  crc 58A137F2  version 3_0  -> ps_3886_58A137F2.bin
[03:44:26] pixel  shader #3887   3780 bytes  crc 81A7758D  version 3_0  -> ps_3887_81A7758D.bin
[03:44:26] pixel  shader #3888   1056 bytes  crc EB6B1306  version 3_0  -> ps_3888_EB6B1306.bin
[03:44:26] pixel  shader #3889   2372 bytes  crc 89E0FF9A  version 3_0  -> ps_3889_89E0FF9A.bin
[03:44:26] pixel  shader #3890   3760 bytes  crc 38DDD4DE  version 3_0  -> ps_3890_38DDD4DE.bin
[03:44:26] pixel  shader #3891   2472 bytes  crc 5FD77ABA  version 3_0  -> ps_3891_5FD77ABA.bin
[03:44:26] pixel  shader #3892   1884 bytes  crc 6F4C091F  version 3_0  -> ps_3892_6F4C091F.bin
[03:44:26] pixel  shader #3893   3420 bytes  crc 68C29F07  version 3_0  -> ps_3893_68C29F07.bin
[03:44:26] pixel  shader #3894   1564 bytes  crc 82798B87  version 3_0  -> ps_3894_82798B87.bin
[03:44:26] pixel  shader #3895   2232 bytes  crc 2804CF65  version 3_0  -> ps_3895_2804CF65.bin
[03:44:26] pixel  shader #3896   2616 bytes  crc 93AD5D5C  version 3_0  -> ps_3896_93AD5D5C.bin
[03:44:26] pixel  shader #3897   2060 bytes  crc DDADA3D9  version 3_0  -> ps_3897_DDADA3D9.bin
[03:44:26] pixel  shader #3898   1440 bytes  crc EA8EE2DF  version 3_0  -> ps_3898_EA8EE2DF.bin
[03:44:26] pixel  shader #3899   3840 bytes  crc 5612B543  version 3_0  -> ps_3899_5612B543.bin
[03:44:26] pixel  shader #3900   2744 bytes  crc DC59B295  version 3_0  -> ps_3900_DC59B295.bin
[03:44:26] pixel  shader #3901   2528 bytes  crc 1E5E0064  version 3_0  -> ps_3901_1E5E0064.bin
[03:44:26] pixel  shader #3902   2168 bytes  crc 4D885305  version 3_0  -> ps_3902_4D885305.bin
[03:44:26] pixel  shader #3903   1452 bytes  crc 188BA650  version 3_0  -> ps_3903_188BA650.bin
[03:44:26] pixel  shader #3904   1932 bytes  crc 7174B283  version 3_0  -> ps_3904_7174B283.bin
[03:44:26] pixel  shader #3905   3840 bytes  crc D2DA5B30  version 3_0  -> ps_3905_D2DA5B30.bin
[03:44:26] pixel  shader #3906   4564 bytes  crc DB9D972E  version 3_0  -> ps_3906_DB9D972E.bin
[03:44:26] pixel  shader #3907   1452 bytes  crc C82EAD54  version 3_0  -> ps_3907_C82EAD54.bin
[03:44:26] pixel  shader #3908   2916 bytes  crc 9BABA002  version 3_0  -> ps_3908_9BABA002.bin
[03:44:26] pixel  shader #3909   2176 bytes  crc 90147B70  version 3_0  -> ps_3909_90147B70.bin
[03:44:26] pixel  shader #3910   3108 bytes  crc 35D4B241  version 3_0  -> ps_3910_35D4B241.bin
[03:44:26] pixel  shader #3911   2404 bytes  crc FF366CC5  version 3_0  -> ps_3911_FF366CC5.bin
[03:44:26] pixel  shader #3912   2920 bytes  crc 0B393C42  version 3_0  -> ps_3912_0B393C42.bin
[03:44:26] pixel  shader #3913   2812 bytes  crc 62F42498  version 3_0  -> ps_3913_62F42498.bin
[03:44:26] pixel  shader #3914   2728 bytes  crc 9F52135B  version 3_0  -> ps_3914_9F52135B.bin
[03:44:26] pixel  shader #3915   3252 bytes  crc BA3B6F78  version 3_0  -> ps_3915_BA3B6F78.bin
[03:44:26] pixel  shader #3916   4100 bytes  crc 76695296  version 3_0  -> ps_3916_76695296.bin
[03:44:26] pixel  shader #3917   1264 bytes  crc 0A9A3C6A  version 3_0  -> ps_3917_0A9A3C6A.bin
[03:44:26] pixel  shader #3918    680 bytes  crc 410C8E6C  version 3_0  -> ps_3918_410C8E6C.bin
[03:44:26] pixel  shader #3919   2272 bytes  crc 16A97AD7  version 3_0  -> ps_3919_16A97AD7.bin
[03:44:26] pixel  shader #3920   1760 bytes  crc 11D78107  version 3_0  -> ps_3920_11D78107.bin
[03:44:26] pixel  shader #3921   1916 bytes  crc 2E5BC6E4  version 3_0  -> ps_3921_2E5BC6E4.bin
[03:44:26] pixel  shader #3922   2708 bytes  crc D25C393D  version 3_0  -> ps_3922_D25C393D.bin
[03:44:26] pixel  shader #3923   2808 bytes  crc 0EC99BEE  version 3_0  -> ps_3923_0EC99BEE.bin
[03:44:26] pixel  shader #3924   3236 bytes  crc AE0874BB  version 3_0  -> ps_3924_AE0874BB.bin
[03:44:26] pixel  shader #3925   2732 bytes  crc CA4E9EBD  version 3_0  -> ps_3925_CA4E9EBD.bin
[03:44:26] pixel  shader #3926   3652 bytes  crc 3630D58A  version 3_0  -> ps_3926_3630D58A.bin
[03:44:26] pixel  shader #3927   2728 bytes  crc F0C50B17  version 3_0  -> ps_3927_F0C50B17.bin
[03:44:26] pixel  shader #3928   2904 bytes  crc C9FD13C8  version 3_0  -> ps_3928_C9FD13C8.bin
[03:44:26] pixel  shader #3929   2972 bytes  crc 80FDAED1  version 3_0  -> ps_3929_80FDAED1.bin
[03:44:26] pixel  shader #3930    992 bytes  crc DFFE6654  version 3_0  -> ps_3930_DFFE6654.bin
[03:44:26] pixel  shader #3931   3500 bytes  crc 3272EBAF  version 3_0  -> ps_3931_3272EBAF.bin
[03:44:26] pixel  shader #3932   1916 bytes  crc 0BE6E9FE  version 3_0  -> ps_3932_0BE6E9FE.bin
[03:44:26] pixel  shader #3933   2400 bytes  crc 10BD3C08  version 3_0  -> ps_3933_10BD3C08.bin
[03:44:26] pixel  shader #3934   3036 bytes  crc ADF13750  version 3_0  -> ps_3934_ADF13750.bin
[03:44:26] pixel  shader #3935   4544 bytes  crc BACE7D56  version 3_0  -> ps_3935_BACE7D56.bin
[03:44:26] pixel  shader #3936   1152 bytes  crc C44E9431  version 3_0  -> ps_3936_C44E9431.bin
[03:44:26] pixel  shader #3937   4300 bytes  crc A2826708  version 3_0  -> ps_3937_A2826708.bin
[03:44:26] pixel  shader #3938   3088 bytes  crc C64E1971  version 3_0  -> ps_3938_C64E1971.bin
[03:44:26] pixel  shader #3939   3524 bytes  crc B602694D  version 3_0  -> ps_3939_B602694D.bin
[03:44:26] pixel  shader #3940    196 bytes  crc D777BE1C  version 3_0  -> ps_3940_D777BE1C.bin
[03:44:26] pixel  shader #3941   2564 bytes  crc D8C67D44  version 3_0  -> ps_3941_D8C67D44.bin
[03:44:26] pixel  shader #3942   1424 bytes  crc D7A2A1D4  version 3_0  -> ps_3942_D7A2A1D4.bin
[03:44:26] pixel  shader #3943   2708 bytes  crc 86E6B605  version 3_0  -> ps_3943_86E6B605.bin
[03:44:26] pixel  shader #3944   2504 bytes  crc 82DED0B1  version 3_0  -> ps_3944_82DED0B1.bin
[03:44:26] pixel  shader #3945   1416 bytes  crc 2F90D486  version 3_0  -> ps_3945_2F90D486.bin
[03:44:26] pixel  shader #3946   2208 bytes  crc 4B31EAEF  version 3_0  -> ps_3946_4B31EAEF.bin
[03:44:26] pixel  shader #3947   2516 bytes  crc FC2B1B98  version 3_0  -> ps_3947_FC2B1B98.bin
[03:44:26] pixel  shader #3948   2016 bytes  crc 8ADE6876  version 3_0  -> ps_3948_8ADE6876.bin
[03:44:26] pixel  shader #3949   1904 bytes  crc 3A76A830  version 3_0  -> ps_3949_3A76A830.bin
[03:44:26] pixel  shader #3950   1104 bytes  crc 72C7DD2B  version 3_0  -> ps_3950_72C7DD2B.bin
[03:44:26] pixel  shader #3951   2624 bytes  crc 51DD7E33  version 3_0  -> ps_3951_51DD7E33.bin
[03:44:26] pixel  shader #3952   3644 bytes  crc 63550A9E  version 3_0  -> ps_3952_63550A9E.bin
[03:44:26] pixel  shader #3953   2768 bytes  crc C265152E  version 3_0  -> ps_3953_C265152E.bin
[03:44:26] pixel  shader #3954   2124 bytes  crc 71385B4A  version 3_0  -> ps_3954_71385B4A.bin
[03:44:26] pixel  shader #3955   5012 bytes  crc B829EF22  version 3_0  -> ps_3955_B829EF22.bin
[03:44:26] pixel  shader #3956   2036 bytes  crc 3BA7B9E6  version 3_0  -> ps_3956_3BA7B9E6.bin
[03:44:26] pixel  shader #3957   3824 bytes  crc A40CEE98  version 3_0  -> ps_3957_A40CEE98.bin
[03:44:26] pixel  shader #3958   3168 bytes  crc 5313CD37  version 3_0  -> ps_3958_5313CD37.bin
[03:44:26] pixel  shader #3959   2588 bytes  crc 5B15E349  version 3_0  -> ps_3959_5B15E349.bin
[03:44:26] pixel  shader #3960   3336 bytes  crc E27EDDE1  version 3_0  -> ps_3960_E27EDDE1.bin
[03:44:26] pixel  shader #3961   3132 bytes  crc 34EBF3D3  version 3_0  -> ps_3961_34EBF3D3.bin
[03:44:26] pixel  shader #3962   2280 bytes  crc 7EDA960B  version 3_0  -> ps_3962_7EDA960B.bin
[03:44:26] pixel  shader #3963   4516 bytes  crc AD5CCA45  version 3_0  -> ps_3963_AD5CCA45.bin
[03:44:26] pixel  shader #3964   2320 bytes  crc C891788B  version 3_0  -> ps_3964_C891788B.bin
[03:44:26] pixel  shader #3965   2396 bytes  crc 774A7024  version 3_0  -> ps_3965_774A7024.bin
[03:44:26] pixel  shader #3966   2784 bytes  crc 320C6851  version 3_0  -> ps_3966_320C6851.bin
[03:44:26] pixel  shader #3967   2024 bytes  crc F2DBF25E  version 3_0  -> ps_3967_F2DBF25E.bin
[03:44:26] pixel  shader #3968   1644 bytes  crc 2662C3B2  version 3_0  -> ps_3968_2662C3B2.bin
[03:44:26] pixel  shader #3969   1684 bytes  crc B61D9C4D  version 3_0  -> ps_3969_B61D9C4D.bin
[03:44:26] pixel  shader #3970    324 bytes  crc 29A8D47B  version 3_0  -> ps_3970_29A8D47B.bin
[03:44:26] pixel  shader #3971   3740 bytes  crc 4D38E281  version 3_0  -> ps_3971_4D38E281.bin
[03:44:26] pixel  shader #3972   4212 bytes  crc 0D218F1F  version 3_0  -> ps_3972_0D218F1F.bin
[03:44:26] pixel  shader #3973   5328 bytes  crc A2A0E657  version 3_0  -> ps_3973_A2A0E657.bin
[03:44:26] pixel  shader #3974   3128 bytes  crc 4939BEB1  version 3_0  -> ps_3974_4939BEB1.bin
[03:44:26] pixel  shader #3975   2848 bytes  crc DB5E8095  version 3_0  -> ps_3975_DB5E8095.bin
[03:44:26] pixel  shader #3976   1108 bytes  crc 40ADC50D  version 3_0  -> ps_3976_40ADC50D.bin
[03:44:26] pixel  shader #3977   2016 bytes  crc 1C901A92  version 3_0  -> ps_3977_1C901A92.bin
[03:44:26] pixel  shader #3978   2772 bytes  crc D0236691  version 3_0  -> ps_3978_D0236691.bin
[03:44:26] pixel  shader #3979   2576 bytes  crc CBB51FE2  version 3_0  -> ps_3979_CBB51FE2.bin
[03:44:26] pixel  shader #3980   1980 bytes  crc 8994E465  version 3_0  -> ps_3980_8994E465.bin
[03:44:26] pixel  shader #3981   1364 bytes  crc A8A74A6B  version 3_0  -> ps_3981_A8A74A6B.bin
[03:44:26] pixel  shader #3982   2708 bytes  crc 4D12AF32  version 3_0  -> ps_3982_4D12AF32.bin
[03:44:26] pixel  shader #3983   1572 bytes  crc 6FF425FD  version 3_0  -> ps_3983_6FF425FD.bin
[03:44:26] pixel  shader #3984   3024 bytes  crc 281AB13F  version 3_0  -> ps_3984_281AB13F.bin
[03:44:26] pixel  shader #3985   1472 bytes  crc 5A53C56B  version 3_0  -> ps_3985_5A53C56B.bin
[03:44:26] pixel  shader #3986   2708 bytes  crc 6915CB79  version 3_0  -> ps_3986_6915CB79.bin
[03:44:26] pixel  shader #3987   2644 bytes  crc A8786210  version 3_0  -> ps_3987_A8786210.bin
[03:44:26] pixel  shader #3988   2712 bytes  crc 65AD0C1A  version 3_0  -> ps_3988_65AD0C1A.bin
[03:44:26] pixel  shader #3989   1756 bytes  crc BC1C8529  version 3_0  -> ps_3989_BC1C8529.bin
[03:44:26] pixel  shader #3990   3140 bytes  crc 3F48A085  version 3_0  -> ps_3990_3F48A085.bin
[03:44:26] pixel  shader #3991   1672 bytes  crc C9E99E91  version 3_0  -> ps_3991_C9E99E91.bin
[03:44:26] pixel  shader #3992   1832 bytes  crc 6373B64F  version 3_0  -> ps_3992_6373B64F.bin
[03:44:26] pixel  shader #3993   3384 bytes  crc 05CDF7DD  version 3_0  -> ps_3993_05CDF7DD.bin
[03:44:26] pixel  shader #3994   1916 bytes  crc 127AD615  version 3_0  -> ps_3994_127AD615.bin
[03:44:26] pixel  shader #3995   2284 bytes  crc DFAE5314  version 3_0  -> ps_3995_DFAE5314.bin
[03:44:26] pixel  shader #3996   2564 bytes  crc AD65F350  version 3_0  -> ps_3996_AD65F350.bin
[03:44:26] pixel  shader #3997   3732 bytes  crc 69500710  version 3_0  -> ps_3997_69500710.bin
[03:44:26] pixel  shader #3998   1072 bytes  crc 2534C2A9  version 3_0  -> ps_3998_2534C2A9.bin
[03:44:26] pixel  shader #3999   3268 bytes  crc D8079D48  version 3_0  -> ps_3999_D8079D48.bin
[03:44:26] pixel  shader #4000   2620 bytes  crc 5B149FE8  version 3_0  -> ps_4000_5B149FE8.bin
[03:44:26] pixel  shader #4001   2240 bytes  crc 4B22EBDF  version 3_0  -> ps_4001_4B22EBDF.bin
[03:44:26] pixel  shader #4002   1980 bytes  crc FB7503F1  version 3_0  -> ps_4002_FB7503F1.bin
[03:44:26] pixel  shader #4003   1488 bytes  crc 16CCACDF  version 3_0  -> ps_4003_16CCACDF.bin
[03:44:26] pixel  shader #4004   1688 bytes  crc A0398875  version 3_0  -> ps_4004_A0398875.bin
[03:44:26] pixel  shader #4005   3120 bytes  crc 35D607AD  version 3_0  -> ps_4005_35D607AD.bin
[03:44:26] pixel  shader #4006   2560 bytes  crc F44A7694  version 3_0  -> ps_4006_F44A7694.bin
[03:44:26] pixel  shader #4007   2268 bytes  crc CA75CE6C  version 3_0  -> ps_4007_CA75CE6C.bin
[03:44:26] pixel  shader #4008   3268 bytes  crc F433A6BF  version 3_0  -> ps_4008_F433A6BF.bin
[03:44:26] pixel  shader #4009    660 bytes  crc 9FD6C91A  version 3_0  -> ps_4009_9FD6C91A.bin
[03:44:26] pixel  shader #4010   2920 bytes  crc EAD4E037  version 3_0  -> ps_4010_EAD4E037.bin
[03:44:26] pixel  shader #4011   2256 bytes  crc 62A52152  version 3_0  -> ps_4011_62A52152.bin
[03:44:26] pixel  shader #4012   2312 bytes  crc 503F5C49  version 3_0  -> ps_4012_503F5C49.bin
[03:44:26] pixel  shader #4013   1000 bytes  crc 8DA2F34C  version 3_0  -> ps_4013_8DA2F34C.bin
[03:44:26] pixel  shader #4014   3672 bytes  crc 6A62E609  version 3_0  -> ps_4014_6A62E609.bin
[03:44:26] pixel  shader #4015    788 bytes  crc 1C94F3C7  version 3_0  -> ps_4015_1C94F3C7.bin
[03:44:26] pixel  shader #4016   1968 bytes  crc 8F0DC655  version 3_0  -> ps_4016_8F0DC655.bin
[03:44:26] pixel  shader #4017   1788 bytes  crc 7E3EF084  version 3_0  -> ps_4017_7E3EF084.bin
[03:44:26] pixel  shader #4018   1892 bytes  crc 50AB89A4  version 3_0  -> ps_4018_50AB89A4.bin
[03:44:26] pixel  shader #4019   2512 bytes  crc C65B824A  version 3_0  -> ps_4019_C65B824A.bin
[03:44:26] pixel  shader #4020   2868 bytes  crc 87491FC6  version 3_0  -> ps_4020_87491FC6.bin
[03:44:26] pixel  shader #4021   1716 bytes  crc 4DCCBE1C  version 3_0  -> ps_4021_4DCCBE1C.bin
[03:44:26] pixel  shader #4022   2496 bytes  crc 751C3DEE  version 3_0  -> ps_4022_751C3DEE.bin
[03:44:26] pixel  shader #4023  13888 bytes  crc 9DF8D4DA  version 3_0  -> ps_4023_9DF8D4DA.bin
[03:44:26] pixel  shader #4024    604 bytes  crc 829FB156  version 3_0  -> ps_4024_829FB156.bin
[03:44:26] pixel  shader #4025   2064 bytes  crc E7537A42  version 3_0  -> ps_4025_E7537A42.bin
[03:44:26] pixel  shader #4026   2384 bytes  crc 00F42DEE  version 3_0  -> ps_4026_00F42DEE.bin
[03:44:26] pixel  shader #4027   2676 bytes  crc 2B2F876B  version 3_0  -> ps_4027_2B2F876B.bin
[03:44:26] pixel  shader #4028   1216 bytes  crc 82BD4BF9  version 3_0  -> ps_4028_82BD4BF9.bin
[03:44:26] pixel  shader #4029   1536 bytes  crc 5D30DC59  version 3_0  -> ps_4029_5D30DC59.bin
[03:44:26] pixel  shader #4030   1824 bytes  crc CD54C1C4  version 3_0  -> ps_4030_CD54C1C4.bin
[03:44:26] pixel  shader #4031   2936 bytes  crc 34F6C6E2  version 3_0  -> ps_4031_34F6C6E2.bin
[03:44:26] pixel  shader #4032   3504 bytes  crc 39709207  version 3_0  -> ps_4032_39709207.bin
[03:44:26] pixel  shader #4033   2140 bytes  crc 798D5550  version 3_0  -> ps_4033_798D5550.bin
[03:44:26] pixel  shader #4034   3216 bytes  crc BBD7AE6B  version 3_0  -> ps_4034_BBD7AE6B.bin
[03:44:26] pixel  shader #4035   1900 bytes  crc 5F711329  version 3_0  -> ps_4035_5F711329.bin
[03:44:26] pixel  shader #4036   2452 bytes  crc D0B500CD  version 3_0  -> ps_4036_D0B500CD.bin
[03:44:26] pixel  shader #4037   3964 bytes  crc F76A1358  version 3_0  -> ps_4037_F76A1358.bin
[03:44:26] pixel  shader #4038   2068 bytes  crc A8988255  version 3_0  -> ps_4038_A8988255.bin
[03:44:26] pixel  shader #4039   1024 bytes  crc 75E20320  version 3_0  -> ps_4039_75E20320.bin
[03:44:26] pixel  shader #4040   2604 bytes  crc 900F0120  version 3_0  -> ps_4040_900F0120.bin
[03:44:26] pixel  shader #4041   2272 bytes  crc 2F9BA054  version 3_0  -> ps_4041_2F9BA054.bin
[03:44:26] pixel  shader #4042   3624 bytes  crc 6B3696CA  version 3_0  -> ps_4042_6B3696CA.bin
[03:44:26] pixel  shader #4043   2484 bytes  crc 63459A96  version 3_0  -> ps_4043_63459A96.bin
[03:44:26] pixel  shader #4044   2640 bytes  crc 083CB070  version 3_0  -> ps_4044_083CB070.bin
[03:44:26] pixel  shader #4045   2024 bytes  crc 9F914233  version 3_0  -> ps_4045_9F914233.bin
[03:44:26] pixel  shader #4046   2156 bytes  crc 2D907B5E  version 3_0  -> ps_4046_2D907B5E.bin
[03:44:26] pixel  shader #4047    912 bytes  crc 04A3E5B6  version 3_0  -> ps_4047_04A3E5B6.bin
[03:44:26] pixel  shader #4048   2568 bytes  crc F7C47116  version 3_0  -> ps_4048_F7C47116.bin
[03:44:26] pixel  shader #4049   1468 bytes  crc AC3778BB  version 3_0  -> ps_4049_AC3778BB.bin
[03:44:26] pixel  shader #4050   2808 bytes  crc A1AD0522  version 3_0  -> ps_4050_A1AD0522.bin
[03:44:26] pixel  shader #4051   3272 bytes  crc AD86F811  version 3_0  -> ps_4051_AD86F811.bin
[03:44:26] pixel  shader #4052   3344 bytes  crc B325E87B  version 3_0  -> ps_4052_B325E87B.bin
[03:44:26] pixel  shader #4053   3040 bytes  crc A095CA3F  version 3_0  -> ps_4053_A095CA3F.bin
[03:44:26] pixel  shader #4054   2084 bytes  crc 3B0ACAAD  version 3_0  -> ps_4054_3B0ACAAD.bin
[03:44:26] pixel  shader #4055   1932 bytes  crc C4B2B783  version 3_0  -> ps_4055_C4B2B783.bin
[03:44:26] pixel  shader #4056   3464 bytes  crc E66A7511  version 3_0  -> ps_4056_E66A7511.bin
[03:44:26] pixel  shader #4057   3344 bytes  crc 3DB8AAC4  version 3_0  -> ps_4057_3DB8AAC4.bin
[03:44:26] pixel  shader #4058   1884 bytes  crc D9A1B6E0  version 3_0  -> ps_4058_D9A1B6E0.bin
[03:44:26] pixel  shader #4059   2372 bytes  crc 3B6FE29D  version 3_0  -> ps_4059_3B6FE29D.bin
[03:44:26] pixel  shader #4060   3032 bytes  crc 85C89898  version 3_0  -> ps_4060_85C89898.bin
[03:44:26] pixel  shader #4061    832 bytes  crc B27C3C03  version 3_0  -> ps_4061_B27C3C03.bin
[03:44:26] pixel  shader #4062   3012 bytes  crc E3727C72  version 3_0  -> ps_4062_E3727C72.bin
[03:44:26] pixel  shader #4063    360 bytes  crc E2BCACAE  version 3_0  -> ps_4063_E2BCACAE.bin
[03:44:26] pixel  shader #4064   2968 bytes  crc 6CC8279F  version 3_0  -> ps_4064_6CC8279F.bin
[03:44:26] pixel  shader #4065   3044 bytes  crc 43178131  version 3_0  -> ps_4065_43178131.bin
[03:44:26] pixel  shader #4066   4000 bytes  crc 2A12D28F  version 3_0  -> ps_4066_2A12D28F.bin
[03:44:26] pixel  shader #4067   1732 bytes  crc A4A59584  version 3_0  -> ps_4067_A4A59584.bin
[03:44:26] pixel  shader #4068   2056 bytes  crc 8E23B0E0  version 3_0  -> ps_4068_8E23B0E0.bin
[03:44:26] pixel  shader #4069   2636 bytes  crc F26585BA  version 3_0  -> ps_4069_F26585BA.bin
[03:44:26] pixel  shader #4070   2764 bytes  crc 37F8EAF2  version 3_0  -> ps_4070_37F8EAF2.bin
[03:44:26] pixel  shader #4071   1820 bytes  crc 22DD264D  version 3_0  -> ps_4071_22DD264D.bin
[03:44:26] pixel  shader #4072   2796 bytes  crc 3B186994  version 3_0  -> ps_4072_3B186994.bin
[03:44:26] pixel  shader #4073   3700 bytes  crc C6403AE8  version 3_0  -> ps_4073_C6403AE8.bin
[03:44:26] pixel  shader #4074   1652 bytes  crc 7D557947  version 3_0  -> ps_4074_7D557947.bin
[03:44:26] pixel  shader #4075   2216 bytes  crc D56CCE3B  version 3_0  -> ps_4075_D56CCE3B.bin
[03:44:26] pixel  shader #4076    596 bytes  crc 310B2709  version 3_0  -> ps_4076_310B2709.bin
[03:44:26] pixel  shader #4077   2832 bytes  crc 7C94F14A  version 3_0  -> ps_4077_7C94F14A.bin
[03:44:26] pixel  shader #4078   1500 bytes  crc CD52237C  version 3_0  -> ps_4078_CD52237C.bin
[03:44:26] pixel  shader #4079   2464 bytes  crc 1B9520BD  version 3_0  -> ps_4079_1B9520BD.bin
[03:44:26] pixel  shader #4080   3164 bytes  crc 8DDCB2C2  version 3_0  -> ps_4080_8DDCB2C2.bin
[03:44:26] pixel  shader #4081   1348 bytes  crc DCA3305B  version 3_0  -> ps_4081_DCA3305B.bin
[03:44:26] pixel  shader #4082   2140 bytes  crc 6F451457  version 3_0  -> ps_4082_6F451457.bin
[03:44:26] pixel  shader #4083   1964 bytes  crc 64CFCCF4  version 3_0  -> ps_4083_64CFCCF4.bin
[03:44:26] pixel  shader #4084   2712 bytes  crc 0F755ED1  version 3_0  -> ps_4084_0F755ED1.bin
[03:44:26] pixel  shader #4085   1184 bytes  crc 1898E4E6  version 3_0  -> ps_4085_1898E4E6.bin
[03:44:26] pixel  shader #4086   3804 bytes  crc E5436BB2  version 3_0  -> ps_4086_E5436BB2.bin
[03:44:26] pixel  shader #4087   4192 bytes  crc CFBA9C87  version 3_0  -> ps_4087_CFBA9C87.bin
[03:44:26] pixel  shader #4088   1052 bytes  crc E998CDE7  version 3_0  -> ps_4088_E998CDE7.bin
[03:44:26] pixel  shader #4089   3472 bytes  crc 86BC276D  version 3_0  -> ps_4089_86BC276D.bin
[03:44:26] pixel  shader #4090   1300 bytes  crc D4EDCDF9  version 3_0  -> ps_4090_D4EDCDF9.bin
[03:44:26] pixel  shader #4091   1556 bytes  crc BF590410  version 3_0  -> ps_4091_BF590410.bin
[03:44:26] pixel  shader #4092   2844 bytes  crc 0FA87636  version 3_0  -> ps_4092_0FA87636.bin
[03:44:26] pixel  shader #4093   2960 bytes  crc 4FA81267  version 3_0  -> ps_4093_4FA81267.bin
[03:44:26] pixel  shader #4094   1344 bytes  crc 7A61699E  version 3_0  -> ps_4094_7A61699E.bin
[03:44:26] pixel  shader #4095  15412 bytes  crc 8D7A64D3  version 3_0  -> ps_4095_8D7A64D3.bin
[03:44:26] pixel  shader #4096   2644 bytes  crc 282AC78F  version 3_0  -> ps_4096_282AC78F.bin
[03:44:26] pixel  shader #4097   3812 bytes  crc 0C312CF0  version 3_0  -> ps_4097_0C312CF0.bin
[03:44:26] pixel  shader #4098   2708 bytes  crc 9F61F1FA  version 3_0  -> ps_4098_9F61F1FA.bin
[03:44:26] pixel  shader #4099   3388 bytes  crc E55CFA4C  version 3_0  -> ps_4099_E55CFA4C.bin
[03:44:26] pixel  shader #4100   3484 bytes  crc 5D0878A4  version 3_0  -> ps_4100_5D0878A4.bin
[03:44:26] pixel  shader #4101   4260 bytes  crc 0CA4BEC8  version 3_0  -> ps_4101_0CA4BEC8.bin
[03:44:26] pixel  shader #4102   2072 bytes  crc A77961ED  version 3_0  -> ps_4102_A77961ED.bin
[03:44:26] pixel  shader #4103   3444 bytes  crc 064C33DC  version 3_0  -> ps_4103_064C33DC.bin
[03:44:26] pixel  shader #4104   2616 bytes  crc D0C0DFD5  version 3_0  -> ps_4104_D0C0DFD5.bin
[03:44:26] pixel  shader #4105   1972 bytes  crc 6B19E412  version 3_0  -> ps_4105_6B19E412.bin
[03:44:26] pixel  shader #4106   3108 bytes  crc A7F5AF02  version 3_0  -> ps_4106_A7F5AF02.bin
[03:44:26] pixel  shader #4107   2580 bytes  crc 6057AE15  version 3_0  -> ps_4107_6057AE15.bin
[03:44:26] pixel  shader #4108   2340 bytes  crc 46DFC584  version 3_0  -> ps_4108_46DFC584.bin
[03:44:26] pixel  shader #4109   2128 bytes  crc 5CF6752E  version 3_0  -> ps_4109_5CF6752E.bin
[03:44:26] pixel  shader #4110   1968 bytes  crc C9812549  version 3_0  -> ps_4110_C9812549.bin
[03:44:26] pixel  shader #4111   3812 bytes  crc BB4A8918  version 3_0  -> ps_4111_BB4A8918.bin
[03:44:26] pixel  shader #4112   2436 bytes  crc 9DA52433  version 3_0  -> ps_4112_9DA52433.bin
[03:44:26] pixel  shader #4113   1996 bytes  crc 3E27E3CC  version 3_0  -> ps_4113_3E27E3CC.bin
[03:44:26] pixel  shader #4114   2216 bytes  crc 85140F55  version 3_0  -> ps_4114_85140F55.bin
[03:44:26] pixel  shader #4115   2184 bytes  crc 55518A89  version 3_0  -> ps_4115_55518A89.bin
[03:44:26] pixel  shader #4116   1188 bytes  crc F438AB2C  version 3_0  -> ps_4116_F438AB2C.bin
[03:44:26] pixel  shader #4117   3796 bytes  crc 445EB261  version 3_0  -> ps_4117_445EB261.bin
[03:44:26] pixel  shader #4118   2100 bytes  crc 1FFEB11A  version 3_0  -> ps_4118_1FFEB11A.bin
[03:44:26] pixel  shader #4119   2216 bytes  crc 192D1354  version 3_0  -> ps_4119_192D1354.bin
[03:44:26] pixel  shader #4120   3492 bytes  crc 82CCA132  version 3_0  -> ps_4120_82CCA132.bin
[03:44:26] pixel  shader #4121   2696 bytes  crc 62652B6A  version 3_0  -> ps_4121_62652B6A.bin
[03:44:26] pixel  shader #4122   2576 bytes  crc A12A9666  version 3_0  -> ps_4122_A12A9666.bin
[03:44:26] pixel  shader #4123   2180 bytes  crc 055246D7  version 3_0  -> ps_4123_055246D7.bin
[03:44:26] pixel  shader #4124   2104 bytes  crc D4863E60  version 3_0  -> ps_4124_D4863E60.bin
[03:44:26] pixel  shader #4125   2276 bytes  crc 276E0F22  version 3_0  -> ps_4125_276E0F22.bin
[03:44:26] pixel  shader #4126   2172 bytes  crc 2B3109FF  version 3_0  -> ps_4126_2B3109FF.bin
[03:44:26] pixel  shader #4127   2220 bytes  crc 11B3E97F  version 3_0  -> ps_4127_11B3E97F.bin
[03:44:26] pixel  shader #4128   1328 bytes  crc EDD3780D  version 3_0  -> ps_4128_EDD3780D.bin
[03:44:26] pixel  shader #4129   2736 bytes  crc 0D4E5E0E  version 3_0  -> ps_4129_0D4E5E0E.bin
[03:44:26] pixel  shader #4130   3632 bytes  crc 0F9E3C44  version 3_0  -> ps_4130_0F9E3C44.bin
[03:44:26] pixel  shader #4131   2052 bytes  crc C2BF7425  version 3_0  -> ps_4131_C2BF7425.bin
[03:44:26] pixel  shader #4132   2756 bytes  crc EAEEEC7D  version 3_0  -> ps_4132_EAEEEC7D.bin
[03:44:26] pixel  shader #4133   2224 bytes  crc BBA20374  version 3_0  -> ps_4133_BBA20374.bin
[03:44:26] pixel  shader #4134   4220 bytes  crc 29315F69  version 3_0  -> ps_4134_29315F69.bin
[03:44:26] pixel  shader #4135   3596 bytes  crc F8906996  version 3_0  -> ps_4135_F8906996.bin
[03:44:26] pixel  shader #4136   3336 bytes  crc 0AFB3FEE  version 3_0  -> ps_4136_0AFB3FEE.bin
[03:44:26] pixel  shader #4137   2396 bytes  crc EEE16DF9  version 3_0  -> ps_4137_EEE16DF9.bin
[03:44:26] pixel  shader #4138   2192 bytes  crc DEA74E19  version 3_0  -> ps_4138_DEA74E19.bin
[03:44:26] pixel  shader #4139   3708 bytes  crc 86C92E63  version 3_0  -> ps_4139_86C92E63.bin
[03:44:26] pixel  shader #4140   5772 bytes  crc 44018EE5  version 3_0  -> ps_4140_44018EE5.bin
[03:44:26] pixel  shader #4141   1156 bytes  crc B054AE3E  version 3_0  -> ps_4141_B054AE3E.bin
[03:44:26] pixel  shader #4142   2572 bytes  crc A0C75051  version 3_0  -> ps_4142_A0C75051.bin
[03:44:26] pixel  shader #4143   1500 bytes  crc 763475CA  version 3_0  -> ps_4143_763475CA.bin
[03:44:26] pixel  shader #4144   1996 bytes  crc D4F048D2  version 3_0  -> ps_4144_D4F048D2.bin
[03:44:26] pixel  shader #4145   1600 bytes  crc C5365D63  version 3_0  -> ps_4145_C5365D63.bin
[03:44:26] pixel  shader #4146   2180 bytes  crc 6C3FE63E  version 3_0  -> ps_4146_6C3FE63E.bin
[03:44:26] pixel  shader #4147    984 bytes  crc 08400F77  version 3_0  -> ps_4147_08400F77.bin
[03:44:26] pixel  shader #4148    860 bytes  crc 6E8D7E5D  version 3_0  -> ps_4148_6E8D7E5D.bin
[03:44:26] pixel  shader #4149   1864 bytes  crc 0A716F1C  version 3_0  -> ps_4149_0A716F1C.bin
[03:44:26] pixel  shader #4150   1832 bytes  crc A8DE808F  version 3_0  -> ps_4150_A8DE808F.bin
[03:44:26] pixel  shader #4151   3476 bytes  crc 909F6D3D  version 3_0  -> ps_4151_909F6D3D.bin
[03:44:26] pixel  shader #4152    136 bytes  crc 04142165  version 3_0  -> ps_4152_04142165.bin
[03:44:26] pixel  shader #4153   2548 bytes  crc D2F322B4  version 3_0  -> ps_4153_D2F322B4.bin
[03:44:26] pixel  shader #4154   1700 bytes  crc 8DB38F08  version 3_0  -> ps_4154_8DB38F08.bin
[03:44:26] pixel  shader #4155   2856 bytes  crc 9474128B  version 3_0  -> ps_4155_9474128B.bin
[03:44:26] pixel  shader #4156   2120 bytes  crc AF1B5C48  version 3_0  -> ps_4156_AF1B5C48.bin
[03:44:26] pixel  shader #4157   3936 bytes  crc E7B207F7  version 3_0  -> ps_4157_E7B207F7.bin
[03:44:26] pixel  shader #4158   1520 bytes  crc 644E17B6  version 3_0  -> ps_4158_644E17B6.bin
[03:44:26] pixel  shader #4159   3840 bytes  crc 360410B7  version 3_0  -> ps_4159_360410B7.bin
[03:44:26] pixel  shader #4160   4568 bytes  crc 119FD69B  version 3_0  -> ps_4160_119FD69B.bin
[03:44:26] pixel  shader #4161   1012 bytes  crc 94446F1F  version 3_0  -> ps_4161_94446F1F.bin
[03:44:26] pixel  shader #4162    368 bytes  crc 50C342A1  version 3_0  -> ps_4162_50C342A1.bin
[03:44:26] pixel  shader #4163   2640 bytes  crc 2BDD4677  version 3_0  -> ps_4163_2BDD4677.bin
[03:44:26] pixel  shader #4164   2152 bytes  crc A95B06F5  version 3_0  -> ps_4164_A95B06F5.bin
[03:44:26] pixel  shader #4165   2284 bytes  crc 82872FE7  version 3_0  -> ps_4165_82872FE7.bin
[03:44:26] pixel  shader #4166   3308 bytes  crc DEA31570  version 3_0  -> ps_4166_DEA31570.bin
[03:44:26] pixel  shader #4167   2140 bytes  crc C8AE7285  version 3_0  -> ps_4167_C8AE7285.bin
[03:44:26] pixel  shader #4168   2416 bytes  crc 7616CE0C  version 3_0  -> ps_4168_7616CE0C.bin
[03:44:26] pixel  shader #4169    576 bytes  crc D2AFA1F0  version 3_0  -> ps_4169_D2AFA1F0.bin
[03:44:26] pixel  shader #4170   2164 bytes  crc 5DC526AF  version 3_0  -> ps_4170_5DC526AF.bin
[03:44:26] pixel  shader #4171   2524 bytes  crc 219A896D  version 3_0  -> ps_4171_219A896D.bin
[03:44:26] pixel  shader #4172   4016 bytes  crc 04ABBF87  version 3_0  -> ps_4172_04ABBF87.bin
[03:44:26] pixel  shader #4173   2032 bytes  crc 3857B407  version 3_0  -> ps_4173_3857B407.bin
[03:44:26] pixel  shader #4174   1448 bytes  crc FD42B6B3  version 3_0  -> ps_4174_FD42B6B3.bin
[03:44:26] pixel  shader #4175   2312 bytes  crc 265F7D10  version 3_0  -> ps_4175_265F7D10.bin
[03:44:26] pixel  shader #4176   2364 bytes  crc FC5BD7D3  version 3_0  -> ps_4176_FC5BD7D3.bin
[03:44:26] pixel  shader #4177   2600 bytes  crc DC658713  version 3_0  -> ps_4177_DC658713.bin
[03:44:26] pixel  shader #4178    904 bytes  crc 4717F42F  version 3_0  -> ps_4178_4717F42F.bin
[03:44:26] pixel  shader #4179   1736 bytes  crc D31BE9EE  version 3_0  -> ps_4179_D31BE9EE.bin
[03:44:26] pixel  shader #4180   1992 bytes  crc 142F2F7A  version 3_0  -> ps_4180_142F2F7A.bin
[03:44:26] pixel  shader #4181   2700 bytes  crc 8506552D  version 3_0  -> ps_4181_8506552D.bin
[03:44:26] pixel  shader #4182   3608 bytes  crc 143BE71D  version 3_0  -> ps_4182_143BE71D.bin
[03:44:26] pixel  shader #4183   1336 bytes  crc F04078B2  version 3_0  -> ps_4183_F04078B2.bin
[03:44:26] pixel  shader #4184   3356 bytes  crc 292D3722  version 3_0  -> ps_4184_292D3722.bin
[03:44:26] pixel  shader #4185   3328 bytes  crc 0669C918  version 3_0  -> ps_4185_0669C918.bin
[03:44:26] pixel  shader #4186   2780 bytes  crc EB78B758  version 3_0  -> ps_4186_EB78B758.bin
[03:44:26] pixel  shader #4187   1360 bytes  crc BB32E1C2  version 3_0  -> ps_4187_BB32E1C2.bin
[03:44:26] pixel  shader #4188   3388 bytes  crc AF7B6A94  version 3_0  -> ps_4188_AF7B6A94.bin
[03:44:26] pixel  shader #4189   2196 bytes  crc 5648CE8B  version 3_0  -> ps_4189_5648CE8B.bin
[03:44:26] pixel  shader #4190   3112 bytes  crc B6EF2DED  version 3_0  -> ps_4190_B6EF2DED.bin
[03:44:26] pixel  shader #4191   3072 bytes  crc 747C3D76  version 3_0  -> ps_4191_747C3D76.bin
[03:44:26] pixel  shader #4192   1380 bytes  crc 855353E1  version 3_0  -> ps_4192_855353E1.bin
[03:44:26] pixel  shader #4193   1592 bytes  crc B4BC941C  version 3_0  -> ps_4193_B4BC941C.bin
[03:44:26] pixel  shader #4194   2668 bytes  crc 4D457ED2  version 3_0  -> ps_4194_4D457ED2.bin
[03:44:26] pixel  shader #4195   3360 bytes  crc 7298AA98  version 3_0  -> ps_4195_7298AA98.bin
[03:44:26] pixel  shader #4196   3748 bytes  crc 9334E53F  version 3_0  -> ps_4196_9334E53F.bin
[03:44:26] pixel  shader #4197   1900 bytes  crc B438BC33  version 3_0  -> ps_4197_B438BC33.bin
[03:44:26] pixel  shader #4198    696 bytes  crc C6376930  version 3_0  -> ps_4198_C6376930.bin
[03:44:26] pixel  shader #4199    956 bytes  crc B22D4D65  version 3_0  -> ps_4199_B22D4D65.bin
[03:44:26] pixel  shader #4200   2056 bytes  crc C1248D89  version 3_0  -> ps_4200_C1248D89.bin
[03:44:26] pixel  shader #4201   3624 bytes  crc 43E2EE57  version 3_0  -> ps_4201_43E2EE57.bin
[03:44:26] pixel  shader #4202   3572 bytes  crc 17397ECB  version 3_0  -> ps_4202_17397ECB.bin
[03:44:26] pixel  shader #4203   2808 bytes  crc ACF36879  version 3_0  -> ps_4203_ACF36879.bin
[03:44:26] pixel  shader #4204   2924 bytes  crc A866968C  version 3_0  -> ps_4204_A866968C.bin
[03:44:26] pixel  shader #4205    284 bytes  crc 41807D58  version 3_0  -> ps_4205_41807D58.bin
[03:44:26] pixel  shader #4206   2712 bytes  crc 0683B23B  version 3_0  -> ps_4206_0683B23B.bin
[03:44:26] pixel  shader #4207   3560 bytes  crc 8D49EE03  version 3_0  -> ps_4207_8D49EE03.bin
[03:44:26] pixel  shader #4208   1088 bytes  crc 00998CB2  version 3_0  -> ps_4208_00998CB2.bin
[03:44:26] pixel  shader #4209   2924 bytes  crc 09ADAAB8  version 3_0  -> ps_4209_09ADAAB8.bin
[03:44:26] pixel  shader #4210   2556 bytes  crc 2B7D381D  version 3_0  -> ps_4210_2B7D381D.bin
[03:44:26] pixel  shader #4211   1040 bytes  crc 345943AB  version 3_0  -> ps_4211_345943AB.bin
[03:44:26] pixel  shader #4212   3036 bytes  crc 6D4B0271  version 3_0  -> ps_4212_6D4B0271.bin
[03:44:26] pixel  shader #4213   2516 bytes  crc E1E01143  version 3_0  -> ps_4213_E1E01143.bin
[03:44:26] pixel  shader #4214   2140 bytes  crc 690EABE5  version 3_0  -> ps_4214_690EABE5.bin
[03:44:26] pixel  shader #4215   2548 bytes  crc 2B163887  version 3_0  -> ps_4215_2B163887.bin
[03:44:26] pixel  shader #4216   2436 bytes  crc 9A9403BB  version 3_0  -> ps_4216_9A9403BB.bin
[03:44:26] pixel  shader #4217   1284 bytes  crc 6F189400  version 3_0  -> ps_4217_6F189400.bin
[03:44:26] pixel  shader #4218   1952 bytes  crc 1968ADB6  version 3_0  -> ps_4218_1968ADB6.bin
[03:44:26] pixel  shader #4219   2724 bytes  crc 14C2A3BE  version 3_0  -> ps_4219_14C2A3BE.bin
[03:44:26] pixel  shader #4220   2504 bytes  crc ECC7DC95  version 3_0  -> ps_4220_ECC7DC95.bin
[03:44:26] pixel  shader #4221   3164 bytes  crc 81487C72  version 3_0  -> ps_4221_81487C72.bin
[03:44:26] pixel  shader #4222   2800 bytes  crc E3C2D247  version 3_0  -> ps_4222_E3C2D247.bin
[03:44:26] pixel  shader #4223   1756 bytes  crc 3114EE7A  version 3_0  -> ps_4223_3114EE7A.bin
[03:44:26] pixel  shader #4224   2364 bytes  crc A05E0C1D  version 3_0  -> ps_4224_A05E0C1D.bin
[03:44:26] pixel  shader #4225   3260 bytes  crc FCF9DBF7  version 3_0  -> ps_4225_FCF9DBF7.bin
[03:44:26] pixel  shader #4226   3464 bytes  crc B6E3E6F0  version 3_0  -> ps_4226_B6E3E6F0.bin
[03:44:26] pixel  shader #4227   2680 bytes  crc 38856ADD  version 3_0  -> ps_4227_38856ADD.bin
[03:44:26] pixel  shader #4228   3652 bytes  crc A41092D0  version 3_0  -> ps_4228_A41092D0.bin
[03:44:26] pixel  shader #4229    704 bytes  crc 16A4EDC6  version 3_0  -> ps_4229_16A4EDC6.bin
[03:44:26] pixel  shader #4230   3888 bytes  crc 54F813BC  version 3_0  -> ps_4230_54F813BC.bin
[03:44:26] pixel  shader #4231   3268 bytes  crc 56F69D68  version 3_0  -> ps_4231_56F69D68.bin
[03:44:26] pixel  shader #4232   2108 bytes  crc 63F31B56  version 3_0  -> ps_4232_63F31B56.bin
[03:44:26] pixel  shader #4233   3264 bytes  crc 79239A84  version 3_0  -> ps_4233_79239A84.bin
[03:44:26] pixel  shader #4234    580 bytes  crc C86C2983  version 3_0  -> ps_4234_C86C2983.bin
[03:44:26] pixel  shader #4235   2244 bytes  crc 4EAF87D5  version 3_0  -> ps_4235_4EAF87D5.bin
[03:44:26] pixel  shader #4236   2856 bytes  crc B1FCEB01  version 3_0  -> ps_4236_B1FCEB01.bin
[03:44:26] pixel  shader #4237   2404 bytes  crc 6807AF35  version 3_0  -> ps_4237_6807AF35.bin
[03:44:26] pixel  shader #4238   2260 bytes  crc A2AA3AC6  version 3_0  -> ps_4238_A2AA3AC6.bin
[03:44:26] pixel  shader #4239   1368 bytes  crc F437B6D2  version 3_0  -> ps_4239_F437B6D2.bin
[03:44:26] pixel  shader #4240   1976 bytes  crc 625BA4AC  version 3_0  -> ps_4240_625BA4AC.bin
[03:44:26] pixel  shader #4241   3196 bytes  crc D35E9E34  version 3_0  -> ps_4241_D35E9E34.bin
[03:44:26] pixel  shader #4242   4704 bytes  crc 4BB169B7  version 3_0  -> ps_4242_4BB169B7.bin
[03:44:26] pixel  shader #4243   3156 bytes  crc B5FC5F7F  version 3_0  -> ps_4243_B5FC5F7F.bin
[03:44:26] pixel  shader #4244   3508 bytes  crc 3A60AD71  version 3_0  -> ps_4244_3A60AD71.bin
[03:44:26] pixel  shader #4245   2988 bytes  crc 5A865E2E  version 3_0  -> ps_4245_5A865E2E.bin
[03:44:26] pixel  shader #4246   2644 bytes  crc 3403BEE3  version 3_0  -> ps_4246_3403BEE3.bin
[03:44:26] pixel  shader #4247   5496 bytes  crc 6FFAC820  version 3_0  -> ps_4247_6FFAC820.bin
[03:44:26] pixel  shader #4248   1904 bytes  crc C8552B30  version 3_0  -> ps_4248_C8552B30.bin
[03:44:26] pixel  shader #4249    992 bytes  crc 7C962E5D  version 3_0  -> ps_4249_7C962E5D.bin
[03:44:26] pixel  shader #4250   2936 bytes  crc 5EC0B045  version 3_0  -> ps_4250_5EC0B045.bin
[03:44:26] pixel  shader #4251   1348 bytes  crc EB68F4D4  version 3_0  -> ps_4251_EB68F4D4.bin
[03:44:26] pixel  shader #4252   1492 bytes  crc 93C83021  version 3_0  -> ps_4252_93C83021.bin
[03:44:26] pixel  shader #4253   2544 bytes  crc 106B67A6  version 3_0  -> ps_4253_106B67A6.bin
[03:44:26] pixel  shader #4254   3956 bytes  crc 9920F51B  version 3_0  -> ps_4254_9920F51B.bin
[03:44:26] pixel  shader #4255   2836 bytes  crc B827F377  version 3_0  -> ps_4255_B827F377.bin
[03:44:26] pixel  shader #4256   1852 bytes  crc AE67AC94  version 3_0  -> ps_4256_AE67AC94.bin
[03:44:26] pixel  shader #4257    740 bytes  crc 7A808013  version 3_0  -> ps_4257_7A808013.bin
[03:44:26] pixel  shader #4258   2432 bytes  crc 0433AB62  version 3_0  -> ps_4258_0433AB62.bin
[03:44:26] pixel  shader #4259   4272 bytes  crc 27008CC4  version 3_0  -> ps_4259_27008CC4.bin
[03:44:26] pixel  shader #4260   3112 bytes  crc B6BFC8DB  version 3_0  -> ps_4260_B6BFC8DB.bin
[03:44:26] pixel  shader #4261   1448 bytes  crc 249C2149  version 3_0  -> ps_4261_249C2149.bin
[03:44:26] pixel  shader #4262   1812 bytes  crc 06199507  version 3_0  -> ps_4262_06199507.bin
[03:44:26] pixel  shader #4263   2972 bytes  crc D6A663F2  version 3_0  -> ps_4263_D6A663F2.bin
[03:44:26] pixel  shader #4264   4368 bytes  crc 9B76107B  version 3_0  -> ps_4264_9B76107B.bin
[03:44:26] pixel  shader #4265   3404 bytes  crc FB74346C  version 3_0  -> ps_4265_FB74346C.bin
[03:44:26] pixel  shader #4266   1692 bytes  crc 52E20A84  version 3_0  -> ps_4266_52E20A84.bin
[03:44:26] pixel  shader #4267   1444 bytes  crc 751BD3DF  version 3_0  -> ps_4267_751BD3DF.bin
[03:44:26] pixel  shader #4268   1648 bytes  crc 3B7FF11C  version 3_0  -> ps_4268_3B7FF11C.bin
[03:44:26] pixel  shader #4269   3244 bytes  crc 3E78EB3C  version 3_0  -> ps_4269_3E78EB3C.bin
[03:44:26] pixel  shader #4270   1140 bytes  crc 2A8AD6F5  version 3_0  -> ps_4270_2A8AD6F5.bin
[03:44:26] pixel  shader #4271   1756 bytes  crc 4766974B  version 3_0  -> ps_4271_4766974B.bin
[03:44:26] pixel  shader #4272   2244 bytes  crc D1A57042  version 3_0  -> ps_4272_D1A57042.bin
[03:44:26] pixel  shader #4273   3940 bytes  crc 8215FEDC  version 3_0  -> ps_4273_8215FEDC.bin
[03:44:26] pixel  shader #4274   4144 bytes  crc 28B037D3  version 3_0  -> ps_4274_28B037D3.bin
[03:44:26] pixel  shader #4275   2700 bytes  crc 3027BC34  version 3_0  -> ps_4275_3027BC34.bin
[03:44:26] pixel  shader #4276   1848 bytes  crc 39FD219A  version 3_0  -> ps_4276_39FD219A.bin
[03:44:26] pixel  shader #4277   2412 bytes  crc CA448E80  version 3_0  -> ps_4277_CA448E80.bin
[03:44:26] pixel  shader #4278   3180 bytes  crc C437DAB4  version 3_0  -> ps_4278_C437DAB4.bin
[03:44:26] pixel  shader #4279   2772 bytes  crc 761DB0B5  version 3_0  -> ps_4279_761DB0B5.bin
[03:44:26] pixel  shader #4280   1748 bytes  crc 5F538581  version 3_0  -> ps_4280_5F538581.bin
[03:44:26] pixel  shader #4281   2472 bytes  crc A68B5D58  version 3_0  -> ps_4281_A68B5D58.bin
[03:44:26] pixel  shader #4282   3052 bytes  crc D26DA6AD  version 3_0  -> ps_4282_D26DA6AD.bin
[03:44:26] pixel  shader #4283   2900 bytes  crc D3596AD2  version 3_0  -> ps_4283_D3596AD2.bin
[03:44:26] pixel  shader #4284    676 bytes  crc 2A9E05C5  version 3_0  -> ps_4284_2A9E05C5.bin
[03:44:26] pixel  shader #4285   2812 bytes  crc 78668E17  version 3_0  -> ps_4285_78668E17.bin
[03:44:26] pixel  shader #4286   2244 bytes  crc 72E4371E  version 3_0  -> ps_4286_72E4371E.bin
[03:44:26] pixel  shader #4287   2388 bytes  crc 1E7838FB  version 3_0  -> ps_4287_1E7838FB.bin
[03:44:26] pixel  shader #4288   1972 bytes  crc C9C521CC  version 3_0  -> ps_4288_C9C521CC.bin
[03:44:26] pixel  shader #4289    464 bytes  crc 91D3E464  version 3_0  -> ps_4289_91D3E464.bin
[03:44:26] pixel  shader #4290   2708 bytes  crc 301ACB17  version 3_0  -> ps_4290_301ACB17.bin
[03:44:26] pixel  shader #4291   2516 bytes  crc E55EBB9D  version 3_0  -> ps_4291_E55EBB9D.bin
[03:44:26] pixel  shader #4292   3972 bytes  crc F0643E10  version 3_0  -> ps_4292_F0643E10.bin
[03:44:26] pixel  shader #4293   2880 bytes  crc 643DF92D  version 3_0  -> ps_4293_643DF92D.bin
[03:44:26] pixel  shader #4294   3504 bytes  crc BCEDA51A  version 3_0  -> ps_4294_BCEDA51A.bin
[03:44:26] pixel  shader #4295   2344 bytes  crc 4E3C719A  version 3_0  -> ps_4295_4E3C719A.bin
[03:44:26] pixel  shader #4296   2188 bytes  crc 879AD045  version 3_0  -> ps_4296_879AD045.bin
[03:44:26] pixel  shader #4297   2960 bytes  crc BA1ACBD8  version 3_0  -> ps_4297_BA1ACBD8.bin
[03:44:26] pixel  shader #4298   1460 bytes  crc 6144AE99  version 3_0  -> ps_4298_6144AE99.bin
[03:44:26] pixel  shader #4299   2104 bytes  crc 23E15810  version 3_0  -> ps_4299_23E15810.bin
[03:44:26] pixel  shader #4300   1928 bytes  crc 97D34253  version 3_0  -> ps_4300_97D34253.bin
[03:44:26] pixel  shader #4301   2576 bytes  crc DD94C12D  version 3_0  -> ps_4301_DD94C12D.bin
[03:44:26] pixel  shader #4302   3124 bytes  crc 4CD34E24  version 3_0  -> ps_4302_4CD34E24.bin
[03:44:26] pixel  shader #4303    868 bytes  crc 0FDAB8DD  version 3_0  -> ps_4303_0FDAB8DD.bin
[03:44:26] pixel  shader #4304   1564 bytes  crc 6ED249C9  version 3_0  -> ps_4304_6ED249C9.bin
[03:44:26] pixel  shader #4305    960 bytes  crc 0CAAD65B  version 3_0  -> ps_4305_0CAAD65B.bin
[03:44:26] pixel  shader #4306   3016 bytes  crc B65AF0C0  version 3_0  -> ps_4306_B65AF0C0.bin
[03:44:26] pixel  shader #4307   2932 bytes  crc 04BA89A1  version 3_0  -> ps_4307_04BA89A1.bin
[03:44:26] pixel  shader #4308   1408 bytes  crc B12D4C80  version 3_0  -> ps_4308_B12D4C80.bin
[03:44:26] pixel  shader #4309   1544 bytes  crc 77B66C25  version 3_0  -> ps_4309_77B66C25.bin
[03:44:26] pixel  shader #4310   2184 bytes  crc 992B1777  version 3_0  -> ps_4310_992B1777.bin
[03:44:26] pixel  shader #4311   1500 bytes  crc 175F08B8  version 3_0  -> ps_4311_175F08B8.bin
[03:44:26] pixel  shader #4312   4624 bytes  crc 42BCF44A  version 3_0  -> ps_4312_42BCF44A.bin
[03:44:26] pixel  shader #4313    548 bytes  crc 68375609  version 3_0  -> ps_4313_68375609.bin
[03:44:26] pixel  shader #4314   2440 bytes  crc 0CE609F5  version 3_0  -> ps_4314_0CE609F5.bin
[03:44:26] pixel  shader #4315   2588 bytes  crc 1F98BA9A  version 3_0  -> ps_4315_1F98BA9A.bin
[03:44:26] pixel  shader #4316   3744 bytes  crc 24B6CF39  version 3_0  -> ps_4316_24B6CF39.bin
[03:44:26] pixel  shader #4317    308 bytes  crc 18176E23  version 3_0  -> ps_4317_18176E23.bin
[03:44:26] pixel  shader #4318   4020 bytes  crc 2F45A2F9  version 3_0  -> ps_4318_2F45A2F9.bin
[03:44:26] pixel  shader #4319   1452 bytes  crc DC341D8D  version 3_0  -> ps_4319_DC341D8D.bin
[03:44:26] pixel  shader #4320   3928 bytes  crc 1A7A27D9  version 3_0  -> ps_4320_1A7A27D9.bin
[03:44:26] pixel  shader #4321    492 bytes  crc 14B5FE80  version 3_0  -> ps_4321_14B5FE80.bin
[03:44:26] pixel  shader #4322   1364 bytes  crc D178CFBB  version 3_0  -> ps_4322_D178CFBB.bin
[03:44:26] pixel  shader #4323   2988 bytes  crc 9394A4D3  version 3_0  -> ps_4323_9394A4D3.bin
[03:44:26] pixel  shader #4324   2732 bytes  crc 4E3D3982  version 3_0  -> ps_4324_4E3D3982.bin
[03:44:26] pixel  shader #4325   2104 bytes  crc 0C5B22C6  version 3_0  -> ps_4325_0C5B22C6.bin
[03:44:26] pixel  shader #4326   1524 bytes  crc 68CAF535  version 3_0  -> ps_4326_68CAF535.bin
[03:44:26] pixel  shader #4327   2956 bytes  crc A0F4A236  version 3_0  -> ps_4327_A0F4A236.bin
[03:44:26] pixel  shader #4328   1488 bytes  crc BBFFDE22  version 3_0  -> ps_4328_BBFFDE22.bin
[03:44:26] pixel  shader #4329   5136 bytes  crc 7CC78BAB  version 3_0  -> ps_4329_7CC78BAB.bin
[03:44:26] pixel  shader #4330    808 bytes  crc 2F05F34B  version 3_0  -> ps_4330_2F05F34B.bin
[03:44:26] pixel  shader #4331   1916 bytes  crc 7915023D  version 3_0  -> ps_4331_7915023D.bin
[03:44:26] pixel  shader #4332   2628 bytes  crc 0C3116C0  version 3_0  -> ps_4332_0C3116C0.bin
[03:44:26] pixel  shader #4333   2728 bytes  crc 79E3AEB2  version 3_0  -> ps_4333_79E3AEB2.bin
[03:44:26] pixel  shader #4334   2856 bytes  crc A7CFCAD3  version 3_0  -> ps_4334_A7CFCAD3.bin
[03:44:26] pixel  shader #4335   2708 bytes  crc BF1755CA  version 3_0  -> ps_4335_BF1755CA.bin
[03:44:26] pixel  shader #4336   3268 bytes  crc 1C188DBC  version 3_0  -> ps_4336_1C188DBC.bin
[03:44:26] pixel  shader #4337   2500 bytes  crc 63E0F26A  version 3_0  -> ps_4337_63E0F26A.bin
[03:44:26] pixel  shader #4338   1080 bytes  crc F39D2799  version 3_0  -> ps_4338_F39D2799.bin
[03:44:26] pixel  shader #4339   2284 bytes  crc FF60458C  version 3_0  -> ps_4339_FF60458C.bin
[03:44:26] pixel  shader #4340   3136 bytes  crc 85C83BF8  version 3_0  -> ps_4340_85C83BF8.bin
[03:44:26] pixel  shader #4341   1404 bytes  crc 5AECA7E5  version 3_0  -> ps_4341_5AECA7E5.bin
[03:44:26] pixel  shader #4342   2272 bytes  crc 540D0110  version 3_0  -> ps_4342_540D0110.bin
[03:44:26] pixel  shader #4343   2904 bytes  crc EB68DCDB  version 3_0  -> ps_4343_EB68DCDB.bin
[03:44:26] pixel  shader #4344   1256 bytes  crc 834379B4  version 3_0  -> ps_4344_834379B4.bin
[03:44:26] pixel  shader #4345   2484 bytes  crc 0E18DE02  version 3_0  -> ps_4345_0E18DE02.bin
[03:44:26] pixel  shader #4346   1696 bytes  crc C678E2CD  version 3_0  -> ps_4346_C678E2CD.bin
[03:44:26] pixel  shader #4347   3264 bytes  crc 437A313F  version 3_0  -> ps_4347_437A313F.bin
[03:44:26] pixel  shader #4348   1936 bytes  crc 3227877C  version 3_0  -> ps_4348_3227877C.bin
[03:44:26] pixel  shader #4349   2272 bytes  crc 68292E4B  version 3_0  -> ps_4349_68292E4B.bin
[03:44:26] pixel  shader #4350   3492 bytes  crc E6CC618F  version 3_0  -> ps_4350_E6CC618F.bin
[03:44:26] pixel  shader #4351   1272 bytes  crc EB1F04AA  version 3_0  -> ps_4351_EB1F04AA.bin
[03:44:26] pixel  shader #4352   3764 bytes  crc ACE4F751  version 3_0  -> ps_4352_ACE4F751.bin
[03:44:26] pixel  shader #4353   3096 bytes  crc 1F2B68E8  version 3_0  -> ps_4353_1F2B68E8.bin
[03:44:26] pixel  shader #4354   2456 bytes  crc 440D0BFC  version 3_0  -> ps_4354_440D0BFC.bin
[03:44:26] pixel  shader #4355   2004 bytes  crc 0E7B9095  version 3_0  -> ps_4355_0E7B9095.bin
[03:44:26] pixel  shader #4356   2180 bytes  crc F4424D53  version 3_0  -> ps_4356_F4424D53.bin
[03:44:26] pixel  shader #4357   3132 bytes  crc 58A872B6  version 3_0  -> ps_4357_58A872B6.bin
[03:44:28] ---- 4358 shaders created, 9 ever bound ----
[03:44:28]    vs #29   crc 1287841D  271 binds
[03:44:28]    vs #171  crc 9A78E585  130 binds
[03:44:28]    vs #301  crc 7DFB43B4  130 binds
[03:44:28]    ps #907  crc 8E08011D  141 binds
[03:44:28]    ps #930  crc E3C1C96E  130 binds
[03:44:28]    ps #993  crc CCA36C71  130 binds
[03:44:28]    ps #2769 crc F45120D0  141 binds
[03:44:28]    ps #3244 crc CE9821B1  141 binds
[03:44:28]    ps #3765 crc FAA42E68  141 binds
[03:44:38] ---- 4358 shaders created, 10 ever bound ----
[03:44:38]    vs #29   crc 1287841D  3465 binds
[03:44:38]    vs #171  crc 9A78E585  1723 binds
[03:44:38]    vs #301  crc 7DFB43B4  826 binds
[03:44:38]    ps #907  crc 8E08011D  1742 binds
[03:44:38]    ps #930  crc E3C1C96E  826 binds
[03:44:38]    ps #993  crc CCA36C71  1723 binds
[03:44:38]    ps #2769 crc F45120D0  1742 binds
[03:44:38]    ps #3244 crc CE9821B1  1742 binds
[03:44:38]    ps #3765 crc FAA42E68  1742 binds
[03:44:38]    ps #4076 crc 310B2709  84 binds
[03:45:18] ---- 4358 shaders created, 27 ever bound ----
[03:45:18]    vs #29   crc 1287841D  8320 binds
[03:45:18]    vs #43   crc B6CA6A43  53 binds
[03:45:18]    vs #171  crc 9A78E585  4253 binds
[03:45:18]    vs #219  crc 6C5F9902  18 binds
[03:45:18]    vs #229  crc E3A3EF48  53 binds
[03:45:18]    vs #250  crc B8F93A48  50 binds
[03:45:18]    vs #258  crc A06F27CA  4 binds
[03:45:18]    vs #293  crc DF7959F9  54 binds
[03:45:18]    vs #301  crc 7DFB43B4  982 binds
[03:45:18]    vs #508  crc AD051432  53 binds
[03:45:18]    vs #779  crc 8E47DA39  53 binds
[03:45:18]    vs #824  crc 9A7F6374  102 binds
[03:45:18]    ps #907  crc 8E08011D  4173 binds
[03:45:18]    ps #930  crc E3C1C96E  1054 binds
[03:45:18]    ps #993  crc CCA36C71  4215 binds
[03:45:18]    ps #1099 crc 7BCBC74F  50 binds
[03:45:18]    ps #1159 crc 9F676CA5  106 binds
[03:45:18]    ps #1462 crc 506E4C07  1 binds
[03:45:18]    ps #2172 crc 135C8250  53 binds
[03:45:18]    ps #2522 crc C369CF62  2 binds
[03:45:18]    ps #2769 crc F45120D0  4173 binds
[03:45:18]    ps #3244 crc CE9821B1  4173 binds
[03:45:18]    ps #3748 crc 2F100692  53 binds
[03:45:18]    ps #3765 crc FAA42E68  4173 binds
[03:45:18]    ps #4024 crc 829FB156  102 binds
[03:45:18]    ps #4076 crc 310B2709  2455 binds
[03:45:18]    ps #4150 crc A8DE808F  53 binds
[03:45:23] ---- 4358 shaders created, 29 ever bound ----
[03:45:23]    vs #29   crc 1287841D  10120 binds
[03:45:23]    vs #43   crc B6CA6A43  953 binds
[03:45:23]    vs #171  crc 9A78E585  6953 binds
[03:45:23]    vs #219  crc 6C5F9902  84 binds
[03:45:23]    vs #229  crc E3A3EF48  953 binds
[03:45:23]    vs #250  crc B8F93A48  950 binds
[03:45:23]    vs #258  crc A06F27CA  55 binds
[03:45:23]    vs #264  crc 143C313C  12 binds
[03:45:23]    vs #293  crc DF7959F9  954 binds
[03:45:23]    vs #301  crc 7DFB43B4  3682 binds
[03:45:23]    vs #508  crc AD051432  953 binds
[03:45:23]    vs #779  crc 8E47DA39  120 binds
[03:45:23]    vs #824  crc 9A7F6374  1902 binds
[03:45:23]    ps #907  crc 8E08011D  5073 binds
[03:45:23]    ps #930  crc E3C1C96E  4753 binds
[03:45:23]    ps #993  crc CCA36C71  6114 binds
[03:45:23]    ps #1099 crc 7BCBC74F  950 binds
[03:45:23]    ps #1159 crc 9F676CA5  1918 binds
[03:45:23]    ps #1462 crc 506E4C07  1 binds
[03:45:23]    ps #2172 crc 135C8250  953 binds
[03:45:23]    ps #2522 crc C369CF62  2 binds
[03:45:23]    ps #2769 crc F45120D0  5073 binds
[03:45:23]    ps #3234 crc 46EB709A  12 binds
[03:45:23]    ps #3244 crc CE9821B1  5073 binds
[03:45:23]    ps #3748 crc 2F100692  120 binds
[03:45:23]    ps #3765 crc FAA42E68  5073 binds
[03:45:23]    ps #4024 crc 829FB156  1902 binds
[03:45:23]    ps #4076 crc 310B2709  2455 binds
[03:45:23]    ps #4150 crc A8DE808F  953 binds
[03:45:43] ---- 4358 shaders created, 49 ever bound ----
[03:45:43]    vs #26   crc BA9455BA  100 binds
[03:45:43]    vs #29   crc 1287841D  16847 binds
[03:45:43]    vs #43   crc B6CA6A43  6741 binds
[03:45:43]    vs #171  crc 9A78E585  16453 binds
[03:45:43]    vs #219  crc 6C5F9902  84 binds
[03:45:43]    vs #229  crc E3A3EF48  4403 binds
[03:45:43]    vs #250  crc B8F93A48  4133 binds
[03:45:43]    vs #258  crc A06F27CA  64 binds
[03:45:43]    vs #264  crc 143C313C  2922 binds
[03:45:43]    vs #293  crc DF7959F9  1924 binds
[03:45:43]    vs #301  crc 7DFB43B4  11401 binds
[03:45:43]    vs #359  crc F3CF6251  828 binds
[03:45:43]    vs #408  crc 8FFB31DD  364 binds
[03:45:43]    vs #488  crc 94B99FE4  126 binds
[03:45:43]    vs #494  crc CB9FF9A5  100 binds
[03:45:43]    vs #501  crc 4075615D  100 binds
[03:45:43]    vs #508  crc AD051432  1918 binds
[03:45:43]    vs #779  crc 8E47DA39  166 binds
[03:45:43]    vs #824  crc 9A7F6374  7866 binds
[03:45:43]    vs #865  crc EF3CF54E  364 binds
[03:45:43]    ps #903  crc 0435AC4C  100 binds
[03:45:43]    ps #907  crc 8E08011D  8438 binds
[03:45:43]    ps #930  crc E3C1C96E  17716 binds
[03:45:43]    ps #993  crc CCA36C71  9624 binds
[03:45:43]    ps #1099 crc 7BCBC74F  4128 binds
[03:45:43]    ps #1159 crc 9F676CA5  14637 binds
[03:45:43]    ps #1290 crc 4DAA87C1  97 binds
[03:45:43]    ps #1333 crc A0B2579C  305 binds
[03:45:43]    ps #1462 crc 506E4C07  1355 binds
[03:45:43]    ps #1648 crc 1B6EE871  364 binds
[03:45:43]    ps #1807 crc 8CB62359  364 binds
[03:45:43]    ps #2172 crc 135C8250  1918 binds
[03:45:43]    ps #2412 crc 10D1E3ED  100 binds
[03:45:43]    ps #2522 crc C369CF62  3714 binds
[03:45:43]    ps #2769 crc F45120D0  8438 binds
[03:45:43]    ps #2981 crc 0A21A183  126 binds
[03:45:43]    ps #3003 crc C5DCDA37  1089 binds
[03:45:43]    ps #3234 crc 46EB709A  353 binds
[03:45:43]    ps #3244 crc CE9821B1  8438 binds
[03:45:43]    ps #3304 crc 952F0D45  728 binds
[03:45:43]    ps #3372 crc 7F6DB53E  100 binds
[03:45:43]    ps #3572 crc 7831E0E7  991 binds
[03:45:43]    ps #3748 crc 2F100692  166 binds
[03:45:43]    ps #3765 crc FAA42E68  8438 binds
[03:45:43]    ps #3799 crc 1F9BA0F8  100 binds
[03:45:43]    ps #4024 crc 829FB156  7866 binds
[03:45:43]    ps #4076 crc 310B2709  2455 binds
[03:45:43]    ps #4150 crc A8DE808F  5195 binds
[03:45:43]    ps #4298 crc 6144AE99  364 binds
